comp_idx,imf_idx,sn1a_idx,sy_idx,sn1ar_idx,sigma_2,t_1,t_2,infall_1,infall_2,sfe,delta_sfe,imf_upper,mgal,nb,ks,ensemble,wrmse,mae,mape,huber,cosine,log_cosh,fitness,age_meta_fitness,physics_penalty,loss,weight
3,0,0,0,1,4.745710086737942,0.0896155125719221,3.648223602206426,0.074441204643816,2.2633358721482666,3.8313014858986607,0.6304372427646866,84.27348901418496,14651027569.554329,0.0009929402685186,0.2286021983514435,0.2730126624130891,0.2211999347227611,0.1477335842128339,3765304.9196913233,0.0244647055606769,0.1406856963076939,0.0232593995024045,0.0005817322740574,0.51289900525017,0.0021307886195303,0.2730126624130891,0.0022440193808834015
3,0,0,0,0,4.746692036979572,0.0896383782607165,3.648381822677257,0.0744449833398334,2.263546479707625,3.831169657498803,0.6306626412821887,84.2653979138081,14651099116.25251,0.0009930437897731,0.285161493520179,0.3679796738778408,0.251387380459606,0.1707190204233553,2947433.354433647,0.0315978075271713,0.1866082764021912,0.0297955893736397,0.0024513437778764,0.4719215052360064,0.0066616282145252,0.3679796738778408,0.0022277054900817416
4,2,1,0,0,0.9333302486996118,0.0279618382106896,0.1404882911625008,0.086812207258435,6.85138759228378,10.470541126270929,0.2771740278397458,90.33594244978104,15667573365.966114,0.0012154386720731,0.3993174082503603,0.618841007486078,0.3198658441601094,0.2593784984682276,8045840.228628033,0.0511570791301296,0.3086761013469477,0.0492092843209454,0.0030680875516851,0.3289450091994485,0.0049577961294915,0.618841007486078,0.0022223499531679705
0,1,1,0,2,3.5723323811213112,0.0830132905548848,1.6259011526145366,0.0685867086906965,7.564039319187517,17.850747135474887,0.4302664021615185,103.84526234576644,17473331812.943966,0.000535284070203,0.3905064634029986,0.5462365180510304,0.2900334192593597,0.2402885540962973,10704803.723633246,0.0420596921436377,0.204952570185713,0.0410127309476341,0.0044942958916539,0.4697095383657646,0.0082277470347269,0.5462365180510304,0.002210014634939467
3,2,0,0,1,1.1195479153610874,0.0202432833362643,6.283309475097133,0.0156171323004045,2.747884561132538,10.78883320942093,0.0759908903592356,75.77220767364034,12252472840.906006,0.0,0.1638282028256303,0.1282020720947633,0.1300577236162239,0.1124814348628367,3763684.586151062,0.008457505736117,0.0463836247638892,0.0084109042295791,0.0052088700643016,0.3588709995805349,0.0406301550294084,0.1282020720947633,0.002203860031690605
1,1,1,0,2,1.5781874729425518,0.0133689223818777,1.6139038411695674,0.0891740457319464,7.772918836704407,11.796761084148256,0.0744873373989077,98.52764554987472,10579101732.181025,0.0006390836624253,0.3263621202333687,0.4590919244421322,0.2809384343125362,0.2085350307625157,5117681.161327141,0.0394632019369896,0.2420476554377173,0.0378171407239181,0.0052134461199609,0.3179281705169198,0.0113559961358415,0.4590919244421322,0.0022038206735606235
3,1,1,0,2,1.3650265847858591,0.0649927130802821,2.8388968610600407,0.0740789144017248,1.9073769974973664,1.9743258272234685,0.1904442031278918,83.65878310102845,13117338587.737783,0.0014393014588468,0.2230567206852624,0.2211439003350501,0.1817475696766963,0.1523144202400066,4949033.185345945,0.0165160895416927,0.0933976537785382,0.0163398369616506,0.0055103262999154,0.3982291772324859,0.0249173786460621,0.2211439003350501,0.00220126874263277
4,2,1,0,0,1.5577426454746777,0.021192969033329,3.4208979663298997,0.0250996829469225,3.8979233131782727,1.307414582761659,0.4008060169816664,116.52748207036116,9559741462.452814,0.0012321968869723,0.2615183411742081,0.2987448993779458,0.2183233923649497,0.1720037852722301,4728398.452528968,0.0238325518268698,0.1349597761396802,0.0232737279334776,0.0055439813647248,0.3921421313689716,0.0185575766356803,0.2987448993779458,0.0022009796360344326
4,2,1,0,0,1.5575842403136893,0.0212020397163841,3.4218971895404717,0.0251190713845429,3.8977888794477193,1.305254122551947,0.4006714671015621,116.52537017752796,9559277676.446203,0.0012322179300167,0.2628247701441534,0.2990274633818274,0.2176482213962085,0.1717297387843692,4790322.505707236,0.0236853741384665,0.134294908642248,0.0231414569873273,0.0055658125885058,0.3924211101720711,0.0186130481981811,0.2990274633818274,0.0022007921199043426
3,0,0,0,1,4.742059463172162,0.0896341574463503,3.639578732349164,0.0744294871617593,2.2626164648937617,3.838116067553711,0.6316083121285769,84.35426874699279,14648098798.947657,0.0009943686622689,0.2500000449251091,0.3211635082849504,0.2444361133602623,0.180488600887257,3618161.908429473,0.0298745067573355,0.1527610506391707,0.028535353305454,0.0084300089238494,0.5212587585518594,0.0262483398841502,0.3211635082849504,0.00217632855109183
4,2,1,0,0,0.5971419975673665,0.0151670311409283,0.9264663154888556,0.0991642908025555,5.822382741703101,1.9396364241376336,0.0476984429905567,93.0341117951568,10996138983.971838,0.0014334826041842,0.3822383614043126,0.5416282269922346,0.290314892912087,0.2216265712700326,7225514.906408664,0.0421413685232782,0.2560400188650269,0.0405405149872054,0.0087340048975435,0.2969690352972963,0.0161254610861866,0.5416282269922346,0.0021737480875947102
4,2,1,0,0,0.5971419975673665,0.0151670311409283,0.9264663154888556,0.0991642908025555,5.822382741703101,1.9396364241376336,0.0476984429905567,93.0341117951568,10996138983.971838,0.0014334826041842,0.3822383614043126,0.5416282269922346,0.290314892912087,0.2216265712700326,7225514.906408664,0.0421413685232782,0.2560400188650269,0.0405405149872054,0.0087340048975435,0.2969690352972963,0.0161254610861866,0.5416282269922346,0.0021737480875947102
3,0,0,0,1,4.743045076194415,0.0896446026762753,3.637821953150495,0.0744255282530734,2.26393380602394,3.832328047776506,0.6315674181083489,84.34152120538272,14648259990.316463,0.0009942638795246,0.2498123537461382,0.3206449968579808,0.2441631409242627,0.1803157255143274,3614434.898809751,0.0298078196930006,0.152706390358054,0.0284717509764923,0.0088366010560282,0.5208029894441448,0.0275588303033531,0.3206449968579808,0.0021728778929695682
4,0,0,0,0,1.9950680170119997,0.0536983543284787,6.525874824626546,0.0470357397997553,7.488788450375204,5.525295994434568,0.4533430128289396,107.81435072765132,9143266260.14089,0.0006667544329079,0.1590806899461584,0.1992745962085722,0.2083013098831119,0.1655778823839561,2958151.186522605,0.0216947178495101,0.1239041137803224,0.0212770281197152,0.010573709680384,0.5163422492334556,0.053061001660829,0.1992745962085722,0.002158196947266036
2,1,0,0,0,2.4009371313961454,0.0485483728614098,1.007137160052318,0.0913370498134242,9.110863733426976,9.44180339111449,0.4429879452942521,108.83655306296194,10394495846.888294,0.0007041520609627,0.3639669329901527,0.5032101141506621,0.2811549702114013,0.2160800545401123,6981066.427574059,0.0395240586372869,0.2397837607846621,0.0381424167727129,0.0111401874991666,0.3014573658101662,0.022138242427757,0.5032101141506621,0.002153430914399437
3,0,0,0,1,4.679807122992381,0.0887917618631765,3.79741224306397,0.0748321683620309,2.212560983550628,3.818897416777975,0.6157215350228137,85.73320390796086,14588828363.821352,0.0009934355084127,0.2333066302020182,0.2795294408005588,0.2230781215134013,0.1488058112100957,3665197.493571891,0.0248819241489739,0.1427609128513743,0.0236178816977735,0.0113083855907008,0.5392776316361777,0.0404550789294828,0.2795294408005588,0.002152017815685576
1,1,1,0,2,1.0669250785817186,0.0915272182046633,9.664068148522745,0.0871456185731794,8.914702196576698,3.254189706722302,0.744936471773637,123.0282864945383,16988750616.743664,0.0005472118848987,0.2707156034371301,0.388547802246616,0.2771430259022298,0.1850855601443859,1183301.800020891,0.038404128403122,0.2199593248733933,0.0366564718535548,0.012194583208888,0.3599491748970517,0.0313850268573852,0.388547802246616,0.0021445878181429
3,0,0,0,1,2.562627754854085,0.0469679271083827,0.8675064605178198,0.0887450723799194,5.230179615393693,2.0134877998363763,0.568887769278377,69.14288705279131,12980252459.108704,0.0012154944785736,0.2948314481357462,0.4511278865813201,0.2995893963220646,0.2226408149369898,3752243.796240526,0.0448769031943095,0.2801892675931987,0.0425152255823678,0.0129186414445391,0.2200940198094512,0.0286363176136983,0.4511278865813201,0.0021385362643818093
3,0,0,0,1,2.562627754854085,0.0469679271083827,0.8675064605178198,0.0887450723799194,5.230179615393693,2.0134877998363763,0.568887769278377,69.14288705279131,12980252459.108704,0.0012154944785736,0.2948314481357462,0.4511278865813201,0.2995893963220646,0.2226408149369898,3752243.796240526,0.0448769031943095,0.2801892675931987,0.0425152255823678,0.0129186414445391,0.2200940198094512,0.0286363176136983,0.4511278865813201,0.0021385362643818093
1,1,0,0,2,0.8621787769493808,0.0615453984309554,8.95795354176685,0.0963732956295839,9.881680253623298,3.7053663295357904,0.7190960877408721,121.72082752927898,18352858721.82054,0.0008237340815319,0.2321920381564207,0.3286383731347559,0.2638372878760122,0.1858865456699755,2879727.4408376,0.0348050572368848,0.1942808982150613,0.0333237649047696,0.0143708661934408,0.4075971440766677,0.0437285094140488,0.3286383731347559,0.002126450242844693
1,1,1,0,2,3.827291475868953,0.0635563830907204,9.401573681412744,0.0509525107101781,7.1349638349185005,8.110199189914589,0.703098248864471,105.41562548488078,18821518045.318573,0.0009134582737679,0.1964026572348468,0.2708001783144738,0.2462612714620661,0.1777250819906019,2407088.1115013296,0.0303223069110567,0.1549466228302314,0.0293253075360375,0.0158344991138521,0.4142313545724977,0.0584730010608187,0.2708001783144738,0.002114338388308403
2,1,0,0,0,2.4184262496044404,0.0485329306195499,1.0634803205599774,0.090898809466177,9.048529049786964,9.458809279448792,0.4434539778326204,108.78158559666475,10450586409.99191,0.0007049530318643,0.3629697630560029,0.5010175681936089,0.2805612875791047,0.2150110921815901,6917770.610850651,0.0393573180440225,0.2390412900088626,0.0379756538927137,0.0166313190599167,0.3021286760808614,0.0331950816013898,0.5010175681936089,0.0021077735713217493
1,1,1,0,2,0.5549559567746838,0.0906431544044034,7.416477207512794,0.0940632134247526,9.63879334532573,3.47927584852388,0.7763194988892435,119.923796471674,13631103248.714046,0.0005534624128648,0.379949666657835,0.5079901512446204,0.2738223389134663,0.1650912848828916,655450.722745371,0.0374893366440206,0.2197002482112255,0.035643064116,0.0166443676849519,0.3449008943373646,0.0327651385448552,0.5079901512446204,0.0021076662364912626
1,1,1,0,2,2.8892632276181893,0.0106596881869419,1.6710010022605526,0.0919290947946465,2.096058033471608,2.137654614028373,0.3204929052125347,95.89734451034144,10579825229.090569,0.000800466227086,0.4339012942354137,0.6019539238609628,0.2888404338868335,0.1767497313256013,311302.13656794664,0.0417143981239671,0.2514116408592214,0.039573660183893,0.0169225278502418,0.3973058201376539,0.0281126630784295,0.6019539238609628,0.002105379458027006
3,0,0,0,1,0.94723093943441,0.0163962670926424,9.639757440219622,0.0083041318179748,7.884441074841324,4.407430776111839,0.1177537797471038,74.25939816712967,9679650750.921354,0.0,0.2732032355077072,0.3280453822992735,0.2323014824602612,0.1767759909134876,5950111.770881954,0.0269819893766175,0.1456860669979298,0.0262425812850831,0.0176134499586984,0.3674825905352156,0.0536921136802645,0.3280453822992735,0.002099710057981911
3,0,0,0,1,4.957073237391026,0.0345024185139099,3.282514154623764,0.0050243892648948,0.1368211513461318,4.2037550279998985,0.7146161107643628,120.18108559980593,11828864122.341022,0.0,0.3420945850445546,0.4778819153422791,0.283493710422135,0.2239773515895929,8937146.376478428,0.0401843419244546,0.2030754357505918,0.0390000655015797,0.0181325212460021,0.3204502530453894,0.0379435183962022,0.4778819153422791,0.0020954608347663654
1,1,0,0,2,3.827078208321068,0.063556900617922,9.401859870669073,0.0509374945573482,7.135779438262798,8.105294686360347,0.703121557917747,105.42975463161386,18821409371.9843,0.0009137420887352,0.1963597687820717,0.2716061693346012,0.2470599575050103,0.1779651538030344,2400654.115587973,0.0305193113011887,0.1554741156737005,0.0295051900065704,0.018135971863553,0.4279017601248793,0.0667730482999843,0.2716061693346012,0.002095432616100481
1,2,0,0,2,2.1326440939224702,0.0423568560489433,4.382087981213585,0.024028166651852,3.2696194158721874,14.1204989629984,0.2124650062043217,73.65660808821555,14477864738.300304,0.000832435793169,0.2803138976370903,0.365248945947602,0.2537494428343047,0.1617139336926232,957697.5738087436,0.03219438986936,0.1756917420563836,0.0309319504618673,0.0189215787800547,0.3875724294113777,0.0518046088564735,0.365248945947602,0.0020890179149659605
1,1,0,0,2,1.0286373589840463,0.0935418783022484,9.962246905487484,0.0865198227470945,8.809207454867078,2.978763037428505,0.7268211414612786,125.11699103274712,17284853791.747387,0.000551917719524,0.2668209833409246,0.3805196730901444,0.2744558397701478,0.1836133062679558,1223224.9571759591,0.0376630039919685,0.2164884669463839,0.0359705383223841,0.0207328310892988,0.370544783547277,0.054485569486935,0.3805196730901444,0.002074303259759973
1,1,0,0,2,1.0286373589840463,0.0935418783022484,9.962246905487484,0.0865198227470945,8.809207454867078,2.978763037428505,0.7268211414612786,125.11699103274712,17284853791.747387,0.000551917719524,0.2668209833409246,0.3805196730901444,0.2744558397701478,0.1836133062679558,1223224.9571759591,0.0376630039919685,0.2164884669463839,0.0359705383223841,0.0207328310892988,0.370544783547277,0.054485569486935,0.3805196730901444,0.002074303259759973
1,1,0,0,2,1.0247941218969352,0.0935065223195284,9.958379630513535,0.0865018711919908,8.81353161763514,2.9827072687570757,0.7273185217097606,125.12981327420756,17282535211.883324,0.0005518129744083,0.2676668006911049,0.3814092467803213,0.2744043570897005,0.183590843313637,1215019.4407882588,0.0376488755949059,0.2166974845543346,0.0359583939703589,0.0207957009983184,0.3704984063542391,0.0545233267779058,0.3814092467803213,0.0020737943686899595
1,0,1,0,1,0.4032694943224328,0.0853916060801327,4.869466706499972,0.0269606806759617,5.497855346806697,12.841471432080622,0.5567606961455603,91.76530172085344,16848136997.991152,0.0008682606940277,0.2012721495523384,0.2625812761566564,0.2340281673994817,0.1609018140030423,1276964.0627296155,0.0273845915681799,0.1507394530949286,0.0264660203568137,0.0208083374411498,0.4495636548312261,0.0792453207087605,0.2625812761566564,0.002073692099964004
3,0,0,0,1,3.526230398037528,0.0812953797807163,8.278588746450124,0.0059927195558832,6.86894708973591,4.975789435206532,0.4101705835946365,77.33815235033417,13183752190.824137,0.0,0.3755704018740454,0.5494253732965942,0.2986048940778394,0.2136175963813091,3474397.103719439,0.0445824413836188,0.2800522663162742,0.0420141980582407,0.0210289440989656,0.4151608993379943,0.0382744320175648,0.5494253732965942,0.0020719075078322324
1,1,0,0,2,0.8885714438178711,0.0615992499159659,8.866565552627929,0.0959032002924332,9.896346080619804,3.357302888558692,0.6893105801401406,120.87130044286388,18344700514.151302,0.0008265976469518,0.2632124747107742,0.361616826499451,0.2637184070594681,0.1899455222403358,3465920.544603224,0.0347736991109916,0.1968351378853108,0.0333182038528934,0.0216642210489243,0.4080696979215636,0.059909327944277,0.361616826499451,0.002066777025097303
1,0,1,0,2,1.7114347252671125,0.0109249018470843,1.6730385491616842,0.0910328500472253,8.008459568815393,7.839435099898548,0.5914481258112286,98.883437528147,10388422188.794264,0.0006478872023508,0.2653361381527984,0.3653484943936827,0.2648921099654821,0.1939334488472636,3354378.4482188663,0.0350839149609825,0.1965831853109002,0.033647961855151,0.0234807262943931,0.3049559026361087,0.0642693938929754,0.3653484943936827,0.0020521769594465298
3,0,0,0,1,1.088338449109572,0.0875575175450291,4.937971846207919,0.0125894572777212,6.003260187806156,3.626576737660861,0.1489365045989198,83.04148195114153,11177465497.788431,0.0,0.3984913701533586,0.5935527073745036,0.3082263239887489,0.2591703335330318,8999236.134010691,0.0475017333998086,0.2676496886998639,0.0461101204282356,0.0235940641097065,0.4490018617513359,0.0397505795467962,0.5935527073745036,0.0020512694385671697
0,1,1,0,2,2.7787642501604197,0.0846919862465847,7.768379931086825,0.068233939826615,7.72522536140812,17.82448008967962,0.4512688359855329,103.32910255609627,17524919335.009304,0.0005355224716511,0.453630341527645,0.8787878090117988,0.4009973162807159,0.2826941495364348,1803021.1701033325,0.0803994238321682,0.5856094934962524,0.0747117353456284,0.0237032351136383,0.3941136713619187,0.0269726489950887,0.8787878090117988,0.002050395661733806
0,1,1,0,2,2.1924720129007755,0.0439240247939669,6.972099854548459,0.0641536583300031,6.363490108673062,12.601779988498812,0.4522150106013719,120.2786305076979,18837079135.851948,0.0008533154636804,0.2387966174615243,0.4247980358369314,0.3307096193278278,0.2529249516585015,4160789.182742517,0.0546844261579784,0.3536743919721703,0.0517490246528403,0.0251543679912601,0.4374386644028743,0.059214887709406,0.4247980358369314,0.002038816458105222
1,1,1,0,2,1.461584109413982,0.0052149801011079,2.1859377090705343,0.0850677190065433,5.001021740423948,13.750223596607931,0.1699508068424131,91.41223885884072,9754349880.567211,0.0005540993207756,0.352011308846246,0.4645061456256608,0.2678275936087372,0.1685894019428164,402690.9170314888,0.0358658099491234,0.1972675528182214,0.0343484909335326,0.0261864817102481,0.3786710141968771,0.0563748875162386,0.4645061456256608,0.002030620601895016
0,0,1,0,1,2.60689167801728,0.0833099948056526,7.5030190445114044,0.0138256061727442,5.583206767702289,3.9207163531365263,0.8366878150913604,112.06093658011908,9349374522.23975,0.0,0.6767584377353699,1.3136041829468066,0.4151215256736162,0.2849590779712885,200590.8494055477,0.0861629405387954,0.6356928499894297,0.0802533922705086,0.0263512375707637,0.3057132354992589,0.0200602570491592,1.3136041829468066,0.00202931535379232
0,0,1,0,1,2.6039469804120534,0.0833377889991152,7.503718105596448,0.0138555385376476,5.579512250736864,3.915684916914572,0.836508232721023,112.04270236403202,9348514409.239296,0.0,0.6768238632247874,1.3138269646269296,0.4151534829966915,0.284977184659805,200631.11426044247,0.0861762072221421,0.6357926574794092,0.0802649934916452,0.0263624992857672,0.3057269285374384,0.020065427179943,1.3138269646269296,0.0020292261655599384
1,0,1,0,1,1.0730180174544184,0.0643514838593756,7.107415349530233,0.0335265667022059,4.25437578386841,5.250178041963331,0.8152122703237901,127.03612632459422,17137849545.155758,0.0006462103495701,0.1307231945333988,0.1783774946969192,0.1950720271233209,0.1631381077724796,2909703.3302502995,0.0190265478830008,0.1015756904255299,0.0187371905717921,0.0264859169232798,0.520725965426619,0.1484823910565735,0.1783774946969192,0.00202824900456681
1,2,0,0,2,2.6885065775194907,0.0642739782163369,4.34199263036031,0.0507038504995781,6.367510852721269,9.369652114480129,0.3798737056982768,96.41045680687768,19748929218.568604,0.0009665839688352,0.2274537889803296,0.2883565334378298,0.2355910376944417,0.1749202607710123,3125430.4766601142,0.0277515685209719,0.1427581003852176,0.0269425282476267,0.0267822998433331,0.3885842794916105,0.0928791157392224,0.2883565334378298,0.0020259043097503805
4,2,1,0,0,0.5520355351442883,0.036472213181266,2.29085640995526,0.0999069180815298,6.946677984006917,1.9376318921702085,0.2460135641515911,69.35068458320792,13482870332.134537,0.0014352017460397,0.3604742019046728,0.43388344647891,0.2449746278599602,0.1954459426979633,9399063.414710172,0.030006284147563,0.156218536588353,0.0294131863946763,0.0268602491795207,0.3674294921683287,0.061906600487987,0.43388344647891,0.0020252881003502104
4,2,1,0,0,0.5520355351442883,0.036472213181266,2.29085640995526,0.0999069180815298,6.946677984006917,1.9376318921702085,0.2460135641515911,69.35068458320792,13482870332.134537,0.0014352017460397,0.3604742019046728,0.43388344647891,0.2449746278599602,0.1954459426979633,9399063.414710172,0.030006284147563,0.156218536588353,0.0294131863946763,0.0268602491795207,0.3674294921683287,0.061906600487987,0.43388344647891,0.0020252881003502104
3,0,0,0,1,4.467009647034255,0.0361671405449784,4.192424834626665,0.0023901190392289,0.2863624550043768,5.589338572410328,0.6180222745202449,129.53075572935708,12058250271.044607,0.0,0.1988847652726481,0.2313519614151149,0.2076768917208821,0.1575858322590915,2675927.313709762,0.0215648456774235,0.1192967237137573,0.0210113365343951,0.0276489232423473,0.3329970106681586,0.1195102175630008,0.2313519614151149,0.0020190639625294513
3,0,0,0,1,4.466946282081975,0.0361719234267397,4.186988507453832,0.0023703583333481,0.2855760741283369,5.575934587049644,0.6177204037278237,129.5150676631084,12057162414.232405,0.0,0.1692246727649306,0.2066336701648612,0.2077133205906774,0.1559553189215367,2337101.84979904,0.0215724117754027,0.1156458093185172,0.0210211853796042,0.0282916965994505,0.3333899262752178,0.1369171663886057,0.2066336701648612,0.0020140054088551977
1,2,0,0,2,1.688004556385806,0.045887996486315,3.95318811118864,0.0157511462255631,9.659838912005654,8.893474157772852,0.1301583918893916,74.11507079771145,10008543660.568392,0.0,0.3018855903921993,0.3952766009980433,0.2586690742500903,0.1689561111780489,688920.3708870447,0.0334548449866993,0.1850605404950949,0.0321003654349277,0.0290592286511494,0.279164676033409,0.0735161873426787,0.3952766009980433,0.002007981617899223
1,2,0,0,2,1.688004556385806,0.045887996486315,3.95318811118864,0.0157511462255631,9.659838912005654,8.893474157772852,0.1301583918893916,74.11507079771145,10008543660.568392,0.0,0.3018855903921993,0.3952766009980433,0.2586690742500903,0.1689561111780489,688920.3708870447,0.0334548449866993,0.1850605404950949,0.0321003654349277,0.0290592286511494,0.279164676033409,0.0735161873426787,0.3952766009980433,0.002007981617899223
1,2,0,0,2,1.6942703125296334,0.0457785103202723,3.953462844811138,0.0157651146985939,9.655114245940316,8.907009796619313,0.1302753459978842,74.10986889867726,10002630753.452152,0.0,0.3022072399131417,0.3958292591677541,0.2588078595054542,0.1690505533916918,686576.3076538646,0.0334907540708974,0.1852811500319533,0.0321343080364617,0.0290909987895178,0.2792116175145572,0.0734938060179856,0.3958292591677541,0.002007732666287541
4,2,1,0,2,4.518833284596338,0.0630138531660445,1.8661266048272729,0.031483219042609,1.800844008462012,2.3397594165566487,0.1779771038179693,119.12577897230338,10993768430.557344,0.0014347461376691,0.0911893599240369,0.1443807807289122,0.1596465117872126,0.1199071576129503,1738968.2086555844,0.0127435043629123,0.0696920499086805,0.0125846284392889,0.0300589691234798,0.3914536216146098,0.2081923159836504,0.1443807807289122,0.002000162404383199
1,1,1,0,2,3.7949640463170815,0.0918628140864114,9.659363687059896,0.0379005949020981,4.647381993521424,9.049671082603163,0.7871878457317032,112.56960607020646,19440518854.720623,0.0006672110657697,0.2256294499723273,0.3095723582516682,0.2540098633763438,0.1866780634276863,2837418.935010651,0.0322605053462344,0.1773877064256201,0.0311213757145239,0.0302175821781095,0.3832307826996652,0.0976107245128908,0.3095723582516682,0.001998924654754086
0,0,1,0,1,2.602608948001069,0.0833104247735908,7.509316066848662,0.0139063438811267,5.582503891289877,3.9189486080854623,0.8366545511611096,112.01262162603078,9343286799.72491,0.0,0.6772866019867748,1.315288229543109,0.4153427633201998,0.2850688530888989,200313.99630119232,0.0862548055212297,0.636399022698739,0.0803335128452839,0.03145419197141,0.3058184088910034,0.0239142959428264,1.315288229543109,0.0019893008992398686
3,0,0,0,1,4.955374899245659,0.0345047201216118,3.2808102226273026,0.0050830768521444,0.1449921376926172,4.19867546879806,0.7147541635753074,120.18822482467826,11832930726.327335,0.0,0.3707102317300662,0.5720856855560573,0.3194088284272409,0.2578176623973942,10654589.776207829,0.0510109998386313,0.2251637207419189,0.0494203815890785,0.0327185421662519,0.3222804283477001,0.0571916812329433,0.5720856855560573,0.001979509159887416
1,0,1,0,1,1.0634583953211698,0.0635535919875235,6.794281878132421,0.0322288974948994,4.408286669359998,5.096952204569786,0.812475810823786,128.02305479653236,16848582836.096048,0.0006300054624078,0.218935066952385,0.3238700171922051,0.271323299038081,0.183844465585504,1032151.4859019232,0.0368081663004539,0.2091267483458618,0.0353319022108986,0.0328793589333353,0.4162800369214899,0.1015202309197478,0.3238700171922051,0.001978267177058484
0,1,1,0,2,1.3720991036265724,0.0308095966123846,6.59493810172622,0.022359211482318,6.6688974153919744,15.025807113528714,0.533091944870616,124.27025858549364,11639180411.541857,0.0006020125321748,0.7568171088718993,1.4937389979650029,0.4230876843981768,0.2869603193524239,52434.67980184137,0.0895015943447056,0.6779808760408453,0.0828894180020023,0.0329612204113641,0.4052011331654218,0.0220662515046262,1.4937389979650029,0.0019776352627612574
0,1,1,0,2,1.369326935848902,0.0308124307780696,6.593191298906715,0.0223368378095968,6.665736390968653,15.034854996710996,0.5340347794983014,124.25539852799244,11638799227.941536,0.0006021898084371,0.7567750612877088,1.4936251755630927,0.4230786427728737,0.2869561190147129,52479.56164921206,0.0894977689852684,0.6779439977722694,0.0828860991330111,0.0329744193534132,0.4051951005660472,0.0220767699238746,1.4936251755630927,0.001977533394906471
0,0,1,0,1,2.601337436938252,0.0834606164389675,7.814920951921338,0.0152080900750445,5.542425333844363,3.4103503452689985,0.8451852926178564,113.1718995725248,9318921508.083857,0.0,0.6789903237275386,1.321746699562362,0.4163716811142242,0.2856583162014665,205804.7148466957,0.0866826884169426,0.6397254674112087,0.0807025217852868,0.0330095592854024,0.3051240274661718,0.0249741945989591,1.321746699562362,0.0019772622146979808
0,0,1,0,1,2.637287976646904,0.0836735382272586,7.632346187963533,0.0136964957492129,5.620355930934025,12.43974712377318,0.7565122529046601,111.63137830287144,16794502980.163092,0.0,0.7122108484656993,1.3991681112328016,0.4208113988894383,0.2887785253626171,113108.7685076616,0.0885411167176429,0.6587848554475213,0.0823116218144492,0.0333515760108583,0.2995390948936406,0.0238367182207093,1.3991681112328016,0.001974624761107318
0,0,1,0,1,2.636500125540981,0.0836865530559598,7.632668771020205,0.0137260097015019,5.621899562637997,12.430379961939645,0.757647372549502,111.6465974923177,16802104068.65424,0.0,0.7122652012967061,1.3992809271328674,0.4208137764083506,0.2887758826368891,112957.41079333052,0.0885421172075286,0.6588071745514763,0.0823123495209837,0.0333535235219278,0.2995380484376974,0.0238361881986552,1.3992809271328674,0.0019746097530012733
0,0,1,0,1,2.636500125540981,0.0836865530559598,7.632668771020205,0.0137260097015019,5.621899562637997,12.430379961939645,0.757647372549502,111.6465974923177,16802104068.65424,0.0,0.7122652012967061,1.3992809271328674,0.4208137764083506,0.2887758826368891,112957.41079333052,0.0885421172075286,0.6588071745514763,0.0823123495209837,0.0333535235219278,0.2995380484376974,0.0238361881986552,1.3992809271328674,0.0019746097530012733
2,1,1,0,2,4.529295716853465,0.0763709104585457,2.5894401990545037,0.0605977729292262,1.1506625502816048,4.395698628404669,0.1822677764507551,105.10994787366052,9713394973.71304,0.0014081681908309,0.124635707948628,0.1678873461938127,0.1836971856758959,0.1397370766815867,2330797.490263752,0.0168723280126222,0.0933867314247737,0.0165714371480324,0.0334437897174192,0.4147764508740648,0.199203754634438,0.1678873461938127,0.001973914259704856
2,1,1,0,2,4.528160150836381,0.0764133648751453,2.596955138861836,0.0605729192094169,1.1493367143429096,4.3903279516711295,0.1825731905688842,105.1089530057004,9721380916.43626,0.0014075815539334,0.1246467606984257,0.167988528259726,0.1838073989743327,0.1397916705028487,2330588.349356933,0.0168925799588547,0.0935054419735831,0.0165910856197864,0.0340629271331832,0.4143007444989509,0.2027693645873175,0.167988528259726,0.0019691504569093353
2,1,1,0,2,4.528160150836381,0.0764133648751453,2.596955138861836,0.0605729192094169,1.1493367143429096,4.3903279516711295,0.1825731905688842,105.1089530057004,9721380916.43626,0.0014075815539334,0.1246467606984257,0.167988528259726,0.1838073989743327,0.1397916705028487,2330588.349356933,0.0168925799588547,0.0935054419735831,0.0165910856197864,0.0340629271331832,0.4143007444989509,0.2027693645873175,0.167988528259726,0.0019691504569093353
1,0,1,0,1,0.5291694747967574,0.0581101862511593,9.507260153234704,0.0197783827397451,6.598724047067569,1.7688434730027676,0.8480145223547505,125.37974564669229,14633554262.977013,0.000746361884346,0.146589974847332,0.1941303356747408,0.2111932552695771,0.1535332876115706,2370083.945725139,0.0223012955356803,0.1234301035289936,0.0216350556552748,0.0341256471240002,0.4392517556314733,0.1757872977728566,0.1941303356747408,0.0019686685149244857
4,2,1,0,0,1.5827806308776748,0.0206869970874002,3.594703393283723,0.0293401521784143,9.305610735159249,5.860274716203107,0.2438104717136432,124.27411734815747,10795972565.278624,0.0008269010776822,0.1668745644528437,0.2308296257103577,0.2343389094931747,0.1708536510178593,2360998.607073352,0.0274573622512251,0.1465904982091302,0.0265642242474103,0.0342388328063813,0.3600171706440794,0.1483294559830192,0.2308296257103577,0.001967799091775474
4,0,0,0,0,0.5176506592198274,0.045652449518718,1.4778763708895264,0.0898317594813808,9.029058591441627,4.977829679543045,0.4545289706677199,110.01682806843324,10225588586.536776,0.0007280953610674,0.4294889784538584,0.6761321082354081,0.331421994926513,0.2659280667096477,11543605.264633017,0.0549202693605347,0.2661777659404697,0.0530781892840332,0.0343190714294035,0.3263020766939934,0.0507579377038765,0.6761321082354081,0.0019671829803641926
0,1,1,0,2,1.271740592440137,0.0308095966123846,6.59493810172622,0.022359211482318,6.6688974153919744,17.814182038692984,0.6405105263686974,124.27025858549364,11639180411.541857,0.0006020125321748,0.7502414936201598,1.4709514417388605,0.4203381617987561,0.2858595202086459,52003.05927015698,0.0883420851321786,0.6658656013522459,0.0818986569825642,0.0350209377980543,0.4045479346515821,0.0238083575054353,1.4709514417388605,0.0019618019238594
0,1,1,0,2,1.271740592440137,0.0308095966123846,6.59493810172622,0.022359211482318,6.6688974153919744,17.814182038692984,0.6405105263686974,124.27025858549364,11639180411.541857,0.0006020125321748,0.7502414936201598,1.4709514417388605,0.4203381617987561,0.2858595202086459,52003.05927015698,0.0883420851321786,0.6658656013522459,0.0818986569825642,0.0350209377980543,0.4045479346515821,0.0238083575054353,1.4709514417388605,0.0019618019238594
4,0,0,0,0,0.5170549758150327,0.0455876251224658,1.4741053628298604,0.0898391489172838,9.039697948249822,4.98291746387464,0.4547451112272975,110.00123871146212,10224839258.134691,0.0007283442799097,0.4295727873055384,0.6776327177614232,0.3321706217766053,0.266346728881582,11580307.744556848,0.0551686609857282,0.266276586890344,0.0533093261297467,0.0351157998001481,0.3262149210189422,0.0518212873725372,0.6776327177614232,0.001961075767608552
4,0,0,0,0,0.513564433458793,0.0456381443334538,1.4770252400202308,0.0898725633063077,9.039788817374149,4.983214618832459,0.4546849183352663,110.00927315860102,10227999929.003578,0.0007278165751774,0.4300407413630886,0.6796787352471267,0.3328913800696444,0.2669057821727919,11604336.49014278,0.0554083354623362,0.2669681414370605,0.0535334665095767,0.035755284331024,0.3263375555412774,0.0526061541678564,0.6796787352471267,0.001956187605268229
1,0,1,0,1,0.3529642079039309,0.0555735178871306,8.260944873094024,0.0250385149832736,7.305369488492291,10.059069113919197,0.7159331169508136,92.06553922534312,15113513634.046314,0.0007695384581031,0.1869291043177973,0.2513842234736504,0.235962990819531,0.1635639848005309,1400518.0404732488,0.027839266518249,0.1544589833711772,0.0269122958243211,0.0362198112857566,0.4404196047286613,0.1440814812690625,0.2513842234736504,0.0019526444446338537
1,0,1,0,1,0.3546602356435916,0.0556679425575797,8.26216626870236,0.024937065843209,7.302689834648026,10.065113879206828,0.715990061904522,92.08462895077771,15117398492.925802,0.0007697158237083,0.1872099310392986,0.2517140032017356,0.2360250097547049,0.1635819986874643,1398393.591028511,0.0278539026148542,0.1545670507868733,0.0269259583998016,0.0362482577648801,0.4404370067929905,0.1440057259580787,0.2517140032017356,0.0019524276789099266
0,2,1,0,2,1.3146782888862594,0.0847079411174792,7.77121569273139,0.0663845079382083,7.725725661408147,14.442617928939868,0.4508056487578429,103.33985293378664,17634875376.901955,0.0005354865465585,0.2757745394213458,0.4477398671730323,0.3136946798911454,0.2542090928612897,5897735.176684602,0.0492021760960041,0.2997736486007394,0.047018670328166,0.0363284840485776,0.3929556373313958,0.081137478951675,0.4477398671730323,0.001951816474229901
1,1,1,0,2,1.8852989447492725,0.0969860100330758,7.533314730313817,0.0205699657982034,5.298733923901179,17.555063160982243,0.763831734161483,63.71375186811432,19374963317.077755,0.0006436260684913,0.1706545341303076,0.2182605494472436,0.2184495280804794,0.1523946767022483,2472426.537662375,0.023860098159292,0.1239308288287096,0.0231658972569888,0.0366122704842367,0.3753922022390074,0.1677457084065777,0.2182605494472436,0.0019496559797306438
0,2,1,0,2,1.294686625845159,0.0851565783103793,7.794870194792278,0.0664832659011161,7.715072785537058,14.27043016175789,0.4405899379355915,103.44940146557352,17478452336.497623,0.0005509007895316,0.5866485618669512,1.1076565028542715,0.4008931585349561,0.2772367431432954,493724.3912426453,0.0803576622800667,0.5834827142426459,0.0751749519812787,0.0367230436386306,0.3973095895554419,0.0331538193871481,1.1076565028542715,0.0019488133017154814
0,1,0,0,0,0.7540189694488522,0.0325890569933247,7.256029578126784,0.0030264347539193,3.752895874937437,18.276368174133797,0.1722487601361053,91.4824543786478,15848253483.450249,0.0,0.5379516846553397,0.9062709631321612,0.3571156368482212,0.2483771350516594,168661.06221646033,0.0637657890407553,0.4302916189157005,0.0604413511816383,0.0371525127881342,0.2989505653122458,0.0409949278963231,0.9062709631321612,0.0019455496686196449
0,1,0,0,0,0.7540189694488522,0.0325890569933247,7.256029578126784,0.0030264347539193,3.752895874937437,18.276368174133797,0.1722487601361053,91.4824543786478,15848253483.450249,0.0,0.5379516846553397,0.9062709631321612,0.3571156368482212,0.2483771350516594,168661.06221646033,0.0637657890407553,0.4302916189157005,0.0604413511816383,0.0371525127881342,0.2989505653122458,0.0409949278963231,0.9062709631321612,0.0019455496686196449
1,0,1,0,1,0.8142455129226565,0.0770529362214287,6.149789082563708,0.0181277891185068,5.750868781079934,3.6747503858091095,0.6017075332304462,97.04258767247384,13025919721.258371,0.0,0.1545077270054489,0.2384302846221164,0.2538785006398473,0.1781479134189139,1533706.8511518328,0.0322271465435684,0.1814768972503538,0.0311124462456904,0.0375839586493478,0.2758722994989219,0.15763080897594,0.2384302846221164,0.0019422765173546241
3,0,0,0,1,4.985987847978751,0.0897561795912118,3.660924193989162,0.0748878212867487,2.2335254558409847,4.05715472205636,0.6395617591730832,82.90148294598553,14639478912.070848,0.000998873490124,0.2245736932688395,0.26367948894576,0.2164564746534067,0.140958660749542,3068729.898086461,0.0234267027096904,0.1341751509857771,0.0222301950533626,0.0376950177547609,0.5144016997477536,0.1429577169823586,0.26367948894576,0.0019414348622869867
0,1,1,0,2,1.2756505233563464,0.0308391702950393,6.64410755649803,0.0242141741817539,6.544309412129812,18.075983508401286,0.628570191425349,123.21071044067084,11250641157.284975,0.0005805909608872,0.7490151814487491,1.4664868229483805,0.4197706051782247,0.2855986414808165,52784.336315519286,0.0881036804858465,0.6631801453107589,0.0816956952449527,0.0389675070563017,0.4014859616182618,0.0265720130904124,1.4664868229483805,0.0019318173653322995
1,0,1,0,1,1.0711704757495348,0.0643785969661863,7.098661794753217,0.0334690836350194,4.249956381624156,5.245499989588599,0.815554009489957,127.08530712870792,17142518012.61644,0.0006464768323346,0.2288190906751845,0.3378888344542146,0.2740080437179976,0.1852393922654537,988416.8549849916,0.037540204011082,0.2134178490479543,0.0360134819455228,0.0390100794875341,0.4176907738368908,0.1154524077439443,0.3378888344542146,0.001931496427091892
1,0,1,0,2,0.792254536654846,0.0749886197808965,6.30754007112261,0.018575995074534,5.761561253198578,3.765226239339201,0.6057378849915603,96.46255643451208,13069837414.525644,0.0,0.1548544940721478,0.2390508165573948,0.254166508722581,0.1782926349183007,1527512.7529984105,0.0323003070781129,0.1819616010918975,0.0311817115610549,0.039030613122246,0.275203634409204,0.1632732892710074,0.2390508165573948,0.0019313416504690504
1,0,1,0,1,1.070719212441836,0.064382972192783,7.101404863352066,0.0335081524005986,4.243718369705402,5.243373130500619,0.8155481778125724,127.06193481809402,17146614191.490911,0.0006460028959881,0.2289875501916933,0.3383472923479688,0.2742246235882689,0.1853631899686924,986703.0527101924,0.0375995720910638,0.2138449812011081,0.0360683728341768,0.0390664438300107,0.4175767260623477,0.1154625578910601,0.3383472923479688,0.0019310715986199441
1,0,1,0,1,1.070719212441836,0.064382972192783,7.101404863352066,0.0335081524005986,4.243718369705402,5.243373130500619,0.8155481778125724,127.06193481809402,17146614191.490911,0.0006460028959881,0.2289875501916933,0.3383472923479688,0.2742246235882689,0.1853631899686924,986703.0527101924,0.0375995720910638,0.2138449812011081,0.0360683728341768,0.0390664438300107,0.4175767260623477,0.1154625578910601,0.3383472923479688,0.0019310715986199441
4,1,0,0,0,3.84131597187005,0.0964043394689944,4.565522056335747,0.0714618668027627,7.071988979074321,2.522115379389895,0.8045975785571273,112.43449504766798,13826073497.21181,0.0007451973266268,0.2204318826662186,0.3407181860971284,0.2832215303702919,0.2066648521158349,2737309.8060720977,0.0401072176326451,0.2412411531174366,0.0382092971991639,0.0392010663203916,0.3755359431637064,0.1150542234608416,0.3407181860971284,0.0019300573020851904
0,1,1,0,2,2.863943436217842,0.0398391840697419,8.388097169080652,0.0215538427752169,7.827554918346408,16.354165161230867,0.2260000483439137,82.7718438019469,13563488441.388096,0.0006625251660571,0.775600876834798,1.5612635626103886,0.4320441993547151,0.293497511273477,37368.37659619246,0.0933310950980284,0.7017003710302201,0.0862918423282398,0.0397293854031264,0.4132619714024118,0.0254469433314001,1.5612635626103886,0.0019260818925331204
0,1,1,0,2,2.860654846718734,0.0398580851947801,8.37646454639452,0.0215173145091119,7.8287356260662175,16.37585837231499,0.2255596170449857,82.73821704149177,13570932800.393932,0.0006639214055068,0.775561172175556,1.561141343007514,0.4320319077381811,0.2934862734289602,37402.32980661706,0.0933257846519461,0.7016606853898156,0.0862872531990939,0.0397784121612251,0.4126789990483605,0.0254803399701097,1.561141343007514,0.0019257133993958427
0,1,1,0,2,3.023762205110323,0.0404327309480353,8.534492938019378,0.0202248885635526,7.806265131056312,16.53588855126611,0.2526093449463308,86.50723030105216,13345125703.864197,0.0006864307807155,0.7777194188895024,1.5695115276979217,0.433204181658207,0.2946513907866711,38290.39863795999,0.0938329315030784,0.7048265296439671,0.0867303918114275,0.0400573435479974,0.4156523355783744,0.0255221722434568,1.5695115276979217,0.00192361824658327
0,2,1,0,2,1.3135305030570883,0.0845894070114336,7.770315919735093,0.0664869758496827,7.723396481413555,14.417406813014225,0.4501579614625345,103.35102680567832,17628978752.499077,0.0005354518632353,0.5835828090674884,1.1005453912943026,0.4002942671120365,0.2771024559180682,507063.8277897176,0.0801177501413812,0.5811291710901629,0.0749657390251509,0.0408867967862039,0.3958759902549648,0.0371513952169831,1.1005453912943026,0.0019174013866065705
3,2,0,0,0,0.254287922965612,0.0865187970915015,5.245272811343192,0.0092041093306293,3.791590513473251,7.755954291960385,0.74639283294072,82.44649789586136,16647935840.127934,0.0,0.3728837604883324,0.4978108595633647,0.2736588284680403,0.2165463860794273,8681088.091224257,0.0374445771992501,0.2010363394853058,0.0365053716536801,0.0432846301546915,0.3169469023088166,0.0869499516194904,0.4978108595633647,0.0018995420801794483
0,0,1,0,1,2.0414042985719703,0.0925553163047876,8.209084056533781,0.0091546526074564,3.5368205225653937,3.5095265229138706,0.5132962332038564,117.70154905773356,15870287146.040718,0.0,0.629272760197438,1.2008289872279907,0.4069543566243286,0.2807753105931206,302284.3223592076,0.0828059241877606,0.6027552579573212,0.0773779840029733,0.043615599956947,0.3023666914170635,0.0363212417595197,1.2008289872279907,0.0018970900835790692
1,0,1,0,1,0.2097962528078167,0.0707061818449102,7.53797044492648,0.0279633379641161,4.914962164692271,11.868534617184814,0.4461886464789046,86.96229979656127,14084225539.283602,0.0009730009614473,0.183013462204766,0.2376645334615208,0.2262634815428856,0.1596608621147497,1532467.7160929197,0.0255975815399538,0.1437300595283125,0.0247846574162333,0.0437834087589074,0.47011962753472,0.1842235697569754,0.2376645334615208,0.0018958480780919206
1,0,1,0,1,0.2167377298417114,0.0708719900191937,7.553095698763278,0.0278446782883613,4.891366869177453,11.902308021189866,0.4444615383344447,87.15785817222262,14122228128.80049,0.0009739680773119,0.1837052367751666,0.2385016314206762,0.2264751089767627,0.1595593089526322,1523065.9151016148,0.0256454874930182,0.143907443158329,0.0248292701451391,0.0438641100458839,0.4700141522841355,0.1839153459227921,0.2385016314206762,0.001895251072181195
3,0,0,0,1,0.9345773301884148,0.0155054515228126,9.615388447353167,0.0050258936651793,7.997222367572159,4.091682083546568,0.1256254727760687,73.67700405944916,9673885335.09489,0.0,0.2984303194937965,0.3600341467021412,0.2369749976958495,0.1798397869391042,5200076.773854029,0.0280785747664739,0.1630731360695277,0.027209640655143,0.043886896432053,0.3611813371429171,0.1218964835253834,0.3600341467021412,0.0018950825388051584
4,0,0,0,0,0.4985399537590793,0.0458619573376897,1.4770238267322098,0.0902332060301418,8.858382702633492,5.105916592198755,0.4562605849188115,110.39631972343354,10227665373.557,0.0007246346743735,0.4339563712676637,0.6942557711446413,0.3373810240442413,0.2692208353699897,11615707.456521785,0.0569129776925704,0.2747065914256399,0.0549278808966079,0.0440757526175683,0.3265648087218168,0.0634863323424727,0.6942557711446413,0.0018936862915485042
2,0,0,0,0,1.3817967468085572,0.0776904734606452,7.0439594103127146,0.0720869851328117,3.721929641294429,4.024978259799646,0.5621480307192166,92.92974282983812,9162753479.37761,0.0005304498374248,0.1994741874525709,0.2139188414421059,0.1914098249330131,0.1499499511100805,3571526.0574701475,0.0183188605404433,0.0998138801743528,0.0179867342494471,0.0449160631427615,0.4730897333889831,0.2099677748811921,0.2139188414421059,0.001887486188133849
1,1,1,0,2,1.5838163756251058,0.0113651243730237,2.041731301059461,0.0883746098640573,7.89221490136681,12.033238984563251,0.0976930320710323,98.74736512439917,10681163182.26482,0.0006439478834798,0.4165567953766297,0.5700457761445507,0.2837084492469243,0.1732648204564864,289623.3032427511,0.0402452420870473,0.2378997237794681,0.0382780870277229,0.0455860680152379,0.4171734565390041,0.0799691356781114,0.5700457761445507,0.0018825572077036292
0,2,0,0,1,3.6165426220579815,0.0604337596745107,5.08874048638507,0.0857262704711462,2.4624271712904706,7.6717072710753,0.3319500633795816,71.91134616788996,10997293856.764946,0.0005377766594829,0.1524249350436138,0.1826135396935861,0.1968416176437504,0.1583032881359174,3824069.527863001,0.0193733112183042,0.0990792926264494,0.019033516982398,0.0458462129437365,0.5313924746827119,0.2510559349578545,0.1826135396935861,0.001880646887670018
3,1,1,0,2,2.514011312745721,0.081565132696287,7.001533017718753,0.0825057979238431,9.661184989123688,13.828530679031546,0.462328206731151,65.13366984047352,16716434942.67614,0.0008668629141562,0.1880933104571981,0.2684571454604091,0.2506016831748792,0.1735715375446627,1624944.9323359027,0.0314006018050412,0.1794822472872058,0.0302607718649397,0.0467245082486924,0.3915626478123545,0.1740482942577634,0.2684571454604091,0.00187421161811296
3,1,1,0,2,2.514011312745721,0.081565132696287,7.001533017718753,0.0825057979238431,9.661184989123688,13.828530679031546,0.462328206731151,65.13366984047352,16716434942.67614,0.0008668629141562,0.1880933104571981,0.2684571454604091,0.2506016831748792,0.1735715375446627,1624944.9323359027,0.0314006018050412,0.1794822472872058,0.0302607718649397,0.0467245082486924,0.3915626478123545,0.1740482942577634,0.2684571454604091,0.00187421161811296
3,2,0,0,0,1.4296915082365276,0.0922995802617048,4.849860835642174,0.0095963924606148,3.3029344166956816,2.255803568067145,0.645564035266258,60.76365783397894,16701606184.398928,0.0,0.2547479570111725,0.2642703486812724,0.1966439879526916,0.1634561000197851,5928293.825817237,0.0193344289989691,0.1077319133781902,0.0191159820713915,0.0495070221789517,0.3414831634004458,0.1873347593704523,0.2642703486812724,0.001853969168150868
0,1,1,0,2,0.5252120954071888,0.0634054988646711,6.391172777945578,0.0614304690011787,7.391409285500907,18.8142442530078,0.7496637907151671,129.01278656568664,16386318128.70186,0.0007239345650902,0.2391628425323702,0.3379007779753348,0.2650359395872357,0.2192144116644769,5725327.167418464,0.0351220246364444,0.2014985757633728,0.0340514010071484,0.0503994934478306,0.4145123362747646,0.1491547126639335,0.3379007779753348,0.0018475229697648224
4,2,1,0,0,2.3713248358941708,0.0292899527474028,1.200794932868905,0.0548876850224352,7.363041191560079,3.379328462414962,0.03854992414605,104.06982566584956,12042159530.537865,0.0012436556553705,0.4626279326184253,0.7356360320945825,0.3325789758589391,0.2195412382737015,679004.9612774492,0.0553043875916904,0.3657251807983455,0.052276923381984,0.0521349546487592,0.3367491239890687,0.0708705832425241,0.7356360320945825,0.0018350520672469884
4,2,1,0,0,2.3713248358941708,0.0292899527474028,1.200794932868905,0.0548876850224352,7.363041191560079,3.379328462414962,0.03854992414605,104.06982566584956,12042159530.537865,0.0012436556553705,0.4626279326184253,0.7356360320945825,0.3325789758589391,0.2195412382737015,679004.9612774492,0.0553043875916904,0.3657251807983455,0.052276923381984,0.0521349546487592,0.3367491239890687,0.0708705832425241,0.7356360320945825,0.0018350520672469884
1,1,1,0,2,1.6340263059182816,0.0135622419638064,1.5916740321342473,0.0889179166524004,7.790249781855012,11.81566299424684,0.0832483962097554,98.23965396225768,10616897998.630384,0.000635976509374,0.3251364975043158,0.4574449551363903,0.2808078566449666,0.2080583681403471,5074071.479992973,0.03942652617677,0.2416808773188237,0.037776182007037,0.0546032104660615,0.3171221390534514,0.1193656413803518,0.4574449551363903,0.0018174602166807885
1,1,1,0,2,1.639744177703077,0.013703469410192,1.5913649856990204,0.0889295555874214,7.803831763744925,11.793762056878975,0.0829579667783884,98.18050032552712,10620569305.760174,0.0006365607426477,0.3249165970261717,0.4571550453365717,0.2807876362821703,0.2079891997296986,5066756.212187246,0.0394208483444641,0.2416230448812452,0.037769836789575,0.0548550560500737,0.317124169263425,0.1199922359156898,0.4571550453365717,0.0018156747618435312
1,1,1,0,2,1.6406052642344684,0.0135986251101828,1.5997343315408443,0.0889050356683087,7.790335079333831,11.802025368649767,0.0827890815081126,98.2178269602621,10632808256.727386,0.0006365530423549,0.3250023063994809,0.4572505154542109,0.2807847601136541,0.2080081234495113,5069927.065328887,0.0394200407560411,0.2416253667991746,0.0377695243402389,0.0549377179907749,0.3172574412323566,0.1201479629524363,0.4572505154542109,0.001815089113889696
1,1,1,0,2,1.6406052642344684,0.0135986251101828,1.5997343315408443,0.0889050356683087,7.790335079333831,11.802025368649767,0.0827890815081126,98.2178269602621,10632808256.727386,0.0006365530423549,0.3250023063994809,0.4572505154542109,0.2807847601136541,0.2080081234495113,5069927.065328887,0.0394200407560411,0.2416253667991746,0.0377695243402389,0.0549377179907749,0.3172574412323566,0.1201479629524363,0.4572505154542109,0.001815089113889696
1,0,1,0,1,1.780521639282475,0.0450089740282284,8.512066805772612,0.0239277914696471,5.756760896501568,10.64901630933156,0.4646287706753019,93.4567577132061,13845759572.055872,0.0009105221489776,0.2827207924512943,0.3854766073945975,0.2658614542922383,0.1769758048848617,697346.5176236813,0.0353411564391919,0.1982962707259562,0.0339562530942479,0.0557388178931026,0.4645404096255202,0.1445971475930444,0.3854766073945975,0.0018094232134720123
1,0,1,0,1,2.63814692823752,0.0644383635448955,6.663740216653065,0.0151633747633555,6.619149117963343,15.429506914661555,0.565114015019482,69.80131825997864,9077776639.940445,0.0,0.2843897887976114,0.4402712999175525,0.3012775144833032,0.2005174397841446,483547.7195371777,0.0453840703666185,0.2753943935263627,0.0431724891058321,0.0576981766268452,0.2742195002758961,0.1310514145202063,0.4402712999175525,0.0017956397700306284
5,2,1,0,2,2.9216814973373864,0.0902877038810923,7.539047394176814,0.0188747672072093,9.797323204454084,3.779209007661708,0.6960926500296137,86.54897562811186,15427652974.118317,0.0010924865941777,0.1503478320106866,0.2259237703837318,0.244740317930097,0.1694911494417822,2239684.377429758,0.0299489116102624,0.171315312380399,0.0288249686527104,0.0616558966424942,0.443956948985041,0.2729057528465095,0.2259237703837318,0.0017681179195141146
0,1,1,0,1,2.6592892879223777,0.0856759041138322,7.998512277829803,0.0659427896415285,7.667297711765912,17.980717942904004,0.4512146997258972,104.00547237187108,12533371458.951471,0.0005619124887307,0.2564079445848029,0.4619607944404581,0.3404396663924113,0.262117502257011,4364205.187941979,0.0579495832266881,0.378955138580418,0.054672448979459,0.0632928242424047,0.3963428854998184,0.1370090817318535,0.4619607944404581,0.0017568584679384938
0,1,1,0,2,3.5132256382087204,0.0840606658440027,1.6375071211175078,0.068233939826615,7.72522536140812,17.82448008967962,0.4357461868167945,104.06519191984292,17524919335.009304,0.0005355224716511,0.420825280073802,0.7463234450496645,0.3693561336894331,0.3081028849177272,9204447.427190471,0.0682119767470032,0.3967243271690593,0.0652271678330951,0.0634918589802807,0.3660512129083334,0.0850728452943825,0.7463234450496645,0.0017554943245522373
4,2,1,0,0,0.5029899222016666,0.0382990922036527,2.427345440082807,0.0998616215431656,6.893356832127999,1.76802230896511,0.2324703995605997,70.48190764553192,13660025057.784445,0.0014241061546489,0.3653348471474574,0.445770922029693,0.2487855594029288,0.2001360647917138,9385350.057528583,0.0309471272837141,0.1641501044766503,0.030341849205826,0.0638715209808088,0.371914533260773,0.1432832825658249,0.445770922029693,0.001752895135428914
3,0,0,0,0,4.705707900143683,0.0900005552749763,3.789489052339897,0.0768815003756806,2.4200917349085875,3.881255092805087,0.6218534554504005,86.1148003206184,14822356056.539732,0.0010094818345179,0.2553128951261055,0.3125152667195463,0.2327586764585907,0.1511189675399729,2346001.737960718,0.0270883007333774,0.1584486279904448,0.0256640888476857,0.0641576902416363,0.4817488820550926,0.2052945794139777,0.3125152667195463,0.0017509385471352254
3,0,0,0,1,4.667889994769553,0.0914752769265038,3.775278395788343,0.0743071933759135,2.343660486030428,4.745308852225543,0.6284574310550514,83.37256687328961,14552668644.095884,0.0009979386009458,0.2351497461674965,0.2783300443677223,0.2207770567437665,0.139329072160766,2712001.420453088,0.0243712543922201,0.1395926983299622,0.0230101897253955,0.0650345225120826,0.535065568334802,0.23365972818285,0.2783300443677223,0.0017449570817980047
4,0,1,0,2,4.591557286424028,0.041526188624142,0.321678429990345,0.0351339030458221,4.43872481583227,13.592262959796196,0.1805205688188309,104.50710905518986,13182739334.7566,0.0012416077545972,0.46538889264711,0.7739026115490993,0.3530017449187775,0.2890556287099012,11845277.452628275,0.0623051159578508,0.315261252256235,0.0600368307857641,0.0652188444479992,0.2871093278495479,0.0842726765289659,0.7739026115490993,0.0017437022988618749
1,0,1,0,1,1.0397251502005609,0.0537006478981045,8.32784869295435,0.0093161249708397,5.466652465947459,15.385570767567827,0.7259516845331683,89.83637101308719,9049008514.922894,0.0,0.2450086773898141,0.3399742298763466,0.2619384213895281,0.1773019241701516,872907.3834142438,0.034305868300019,0.1947711183554226,0.0329953840002881,0.0654919712940578,0.2733016497379871,0.1926380458832958,0.3399742298763466,0.0017418446299468213
0,2,0,0,1,2.8654272163461907,0.0973173799892188,7.17994691526853,0.0019979505306262,4.418610073922995,8.157807848259335,0.3161295627324996,78.70370352084431,16728829462.889277,0.0,0.4295379813265479,0.6873559978736444,0.3318900496311827,0.2308670913526725,784228.0026366442,0.0550755025220944,0.3634038970277833,0.0524229047295788,0.066183333914656,0.2961595465376381,0.0962868355253988,0.6873559978736444,0.0017371511759239763
4,0,0,0,0,0.6751125467072349,0.0260466300000881,7.7759659277688815,0.0878080023049945,7.149544879279017,1.8964542119501595,0.0871703316615247,118.33043691692012,9770875931.187176,0.0008517338450053,0.2172779027977586,0.2249883085777501,0.1887672070926101,0.1257797792146734,153108.19336823598,0.0178165292367721,0.1014662330179827,0.0174821808732659,0.0667543184979879,0.5071309264246853,0.296701277146227,0.2249883085777501,0.0017332844692406761
1,1,1,0,2,1.4917182100009847,0.0067751335235758,2.3033752851302247,0.0900782164046114,4.894789637995182,13.620915774667758,0.1543565395818085,90.69730642314956,10092455890.073189,0.0006063863621169,0.4096040003131347,0.5567937719331001,0.2814095750733184,0.1724152921967526,312186.1990212625,0.0395956744714728,0.2298418777317922,0.0376665440289814,0.0669034236509079,0.3984457367661933,0.120158354894362,0.5567937719331001,0.0017322761474081283
4,2,1,0,0,0.5563057161255491,0.0169912490038158,1.0140378722929448,0.0987997679149602,5.88295453661021,2.077423267078744,0.0209655075253867,92.82714078515151,11105816836.525743,0.0014386383216364,0.4164218222705971,0.6464026461776163,0.3231635073264416,0.2616994085083321,9303129.43703527,0.0522173262337635,0.2960565498470991,0.0503516191146499,0.0681376728133532,0.3198777061145632,0.1054105722126493,0.6464026461776163,0.0017239520444960943
3,1,1,0,2,0.4562577872373273,0.0647062163910858,0.6923189814105847,0.0793012211160638,0.7321219198489084,2.389949399501056,0.2052785561583033,86.440312558159,11726870376.316875,0.0014634265104475,0.304048330172342,0.3727784305624751,0.2431442858986228,0.2076717046357961,8474831.290263304,0.0295595718825756,0.1459818210083499,0.029088405425465,0.0698748689996997,0.3841020153428179,0.1874434336081825,0.3727784305624751,0.001712303659706687
1,2,1,0,1,0.9931839293956568,0.0716738730071764,9.24978337962357,0.0242529027928508,3.45805733085941,11.243852087777826,0.8263170920782253,109.59215888424016,19292519714.39209,0.0008428325407251,0.2280661052767613,0.282285150958634,0.2299432990083106,0.1503239368725027,1252893.565503275,0.0264369603794126,0.1387210728199871,0.0255214469601028,0.0702424888168018,0.4098603353670705,0.2488352241634386,0.282285150958634,0.0017098487743140594
2,1,0,0,0,1.2231430672727943,0.0154270642606133,6.214680683350945,0.0138890373795814,8.848706416426769,5.787290962485517,0.5823154124210942,86.40894933034964,14431911640.854685,0.0,0.3200836507851334,0.3652914521207222,0.2266096676241674,0.1472302580512114,117367.1645655015,0.0256759707303678,0.1497178389273771,0.0249190828662445,0.0710916732577661,0.5806267034235566,0.1946163066369031,0.3652914521207222,0.0017041915511842266
1,0,1,0,1,1.1301274859034092,0.0644748812324184,6.742426449228455,0.0325419153731515,4.548726042841161,5.22399747018,0.8308103489002927,124.93504419166344,16808097673.649372,0.0006523072401409,0.1347078757501452,0.1811313759651517,0.1977847365185717,0.1661108214483055,2814733.811179603,0.0195594009998604,0.1060197217373107,0.019262639974994,0.0746964060517677,0.5230291064942142,0.4123880009951378,0.1811313759651517,0.001680384629695964
3,1,1,0,2,1.4136270520003829,0.0625543900615634,2.7438333838536613,0.0712971046737745,1.6470870809512084,2.3950193132658666,0.1785147586109811,82.47626850586771,13197614864.894264,0.0014235723931117,0.2491819625162543,0.2608979550049963,0.1974635580671266,0.1677822851478908,5674354.941670462,0.0194959283822647,0.1102868690190375,0.0192718189443767,0.0748564075979376,0.3937076652474809,0.2869183378478537,0.2608979550049963,0.0016793356663344426
0,2,0,0,1,1.6388646775994673,0.0806224219900508,5.699223258558712,0.0096909663637814,7.979333073448176,11.117043678299336,0.2209401686864921,90.7958608419024,14372392314.06127,0.0,0.6475322820541544,1.2162041182257346,0.4019480701504486,0.2839924203429415,186610.32755205088,0.0807811255488349,0.5733626885232561,0.0757749728072475,0.080949420650451,0.3287154322540191,0.0665590746136796,1.2162041182257346,0.0016398736459760847
4,2,1,0,0,2.396571798166584,0.0271740830158835,1.0591655132003155,0.0546490987263344,7.3913823609522,3.9261744572053887,0.048280488862844,102.46358562151548,12231283060.864683,0.0012439222035548,0.2154388076445827,0.3083733407809071,0.2614789430846669,0.1922912831957258,2735239.858921562,0.0341856188383372,0.1932392858934447,0.0328848438917399,0.0813969149441309,0.2556015730694631,0.2639557451302567,0.3083733407809071,0.0016370122251208772
2,2,1,0,0,0.5825877942991496,0.0147371229601376,5.683028695257729,0.01028431257656,6.599219768957152,6.959660366380063,0.0825099784503517,68.4074936729725,17561508977.304695,0.0,0.297099807975538,0.3338321929775625,0.2202755500908356,0.1435895347229531,87981.92716093065,0.0242606589839101,0.1373341088179026,0.0236292472290425,0.0817240472842187,0.5462284286183365,0.2448057706936357,0.3338321929775625,0.0016349235964813406
1,1,0,0,2,4.757289798475918,0.0472652192463753,7.292896909811109,0.098250074775778,7.452242642474439,11.092820220008694,0.7834231450098823,129.6119161055116,12474834946.401466,0.0008996539377839,0.4405688634495276,0.6819277776063314,0.3249908586517813,0.2686268722227979,8616346.421092838,0.052809529103611,0.2892784566647569,0.0509690184673634,0.0831461515518026,0.4095187246035397,0.1219280901617735,0.6819277776063314,0.0016258748730514064
2,2,1,0,0,1.13125784815236,0.0616611402989568,6.567509378951252,0.0347098708185462,3.270448120961272,5.801655899565899,0.423133565068521,103.29386619013565,18890181406.122505,0.0007444707062007,0.2975935459476647,0.3649622869951273,0.2407593452462392,0.1941273114310906,5319403.997470986,0.0289825311616989,0.1701555385021689,0.028253885412698,0.0845498563330169,0.3946384662458214,0.2316673786465662,0.3649622869951273,0.001616992338822612
1,2,0,0,2,0.5782647118337788,0.0171954996015198,4.330753398807543,0.002457856947031,7.6571494518924705,16.524226603444507,0.0532583760710967,82.89853935042709,12796964862.01438,0.0,0.2385670719081107,0.2854273906522654,0.224000742829965,0.1737780097590482,4185868.9520970862,0.025088166394188,0.1435588099989927,0.0244689367221189,0.0846047824264018,0.2886010049762165,0.296414377867033,0.2854273906522654,0.0016166457590972463
4,0,0,0,1,2.1957302992050383,0.017120014973121,9.735277691097377,0.0131188596550229,9.593675347463392,19.057178148330912,0.3213594589691483,122.06268045318244,17810735296.156208,0.0,0.1412039251782544,0.176209367837585,0.1919314540349607,0.1544424660894342,3280548.6744274995,0.0184188415239871,0.1017298714551265,0.0181252038058806,0.0849761571481367,0.4003993866678026,0.4822454004060704,0.176209367837585,0.0016143043594556497
1,2,0,0,2,0.3540840817647591,0.0401995317841206,3.9782068096266014,0.0036745522866026,5.33505655454393,13.158060384976084,0.3296147203463164,66.92882820729086,14639439145.07372,0.0,0.2936630844093287,0.3648985831279676,0.2437489238736787,0.1529778305474633,881693.6961651301,0.0297067689447882,0.1675542871178651,0.0284959671327353,0.0853208652430979,0.2818328199268078,0.2338207633247411,0.3648985831279676,0.0016121341190935045
1,2,0,0,2,2.1383714780484944,0.0423676409103339,4.26315263694008,0.0231290137719712,3.4024089624622422,14.092171450037757,0.2060373529162218,74.46934645580166,14639870718.90294,0.00084339844299,0.2802725654184252,0.3670459053179892,0.255030276999844,0.1630956240217193,986563.8471576928,0.0325202210933085,0.1777822450710428,0.0312414472331694,0.086424195556628,0.387959847873954,0.2354588194677029,0.3670459053179892,0.0016052072806634515
1,2,0,0,2,1.548983891342884,0.0453555397186206,4.296161945899975,0.0163383782659422,9.645190884752385,8.710333928683163,0.0995721459255059,74.77532787175353,9736414141.81689,0.0,0.3176123620367102,0.4125657567558456,0.258892860152037,0.1675672159836074,630793.4432626829,0.0335127565188511,0.1872741337070456,0.0321212613919799,0.0890378949601713,0.2850245168498159,0.2158150391838349,0.4125657567558456,0.0015889166959368668
3,1,1,0,2,0.4475003021636687,0.0646473496600823,0.7052065504559607,0.0794743892710606,0.7426069599915177,2.376242012266545,0.2047424097831649,86.40335897133339,11720898118.337433,0.0014618821231313,0.3044155465882198,0.3730585798109596,0.2430626812296265,0.2073122185648679,8469236.939602435,0.0295397335032675,0.1462966297418317,0.0290688838245096,0.0891564763827443,0.3834680832034853,0.2389878727033236,0.3730585798109596,0.0015881815385547487
3,1,1,0,2,0.4475003021636687,0.0646473496600823,0.7052065504559607,0.0794743892710606,0.7426069599915177,2.376242012266545,0.2047424097831649,86.40335897133339,11720898118.337433,0.0014618821231313,0.3044155465882198,0.3730585798109596,0.2430626812296265,0.2073122185648679,8469236.939602435,0.0295397335032675,0.1462966297418317,0.0290688838245096,0.0891564763827443,0.3834680832034853,0.2389878727033236,0.3730585798109596,0.0015881815385547487
0,1,1,0,1,2.715600901303528,0.0856754003126145,7.881379224409052,0.0661507418885862,7.6826472385694276,18.01285720742252,0.4512736087614953,104.04401383589467,17177514837.889542,0.0005715083692353,0.2792060424021861,0.5087973373468893,0.3515172970122833,0.2706639892800348,5334347.368547259,0.0617822050494108,0.3919364532277882,0.0579907138169599,0.0922747285101677,0.3969593281354737,0.181358512981479,0.5087973373468893,0.0015689712231819722
3,0,0,0,1,0.6011414514482877,0.0880190772540567,5.26430565804265,0.0041977825819576,7.111834581669711,2.2661183154773594,0.4162011785553665,70.22205445436275,9382901653.138569,0.0,0.3993423347485432,0.6550590228528779,0.3460368179932328,0.2875955859092284,11599553.59264341,0.0598707397034408,0.2173787873969899,0.0578048086456786,0.0924037435764035,0.3763536336633455,0.1410617064306232,0.6550590228528779,0.001568181437775806
3,0,0,0,1,0.6011414514482877,0.0880190772540567,5.26430565804265,0.0041977825819576,7.111834581669711,2.2661183154773594,0.4162011785553665,70.22205445436275,9382901653.138569,0.0,0.3993423347485432,0.6550590228528779,0.3460368179932328,0.2875955859092284,11599553.59264341,0.0598707397034408,0.2173787873969899,0.0578048086456786,0.0924037435764035,0.3763536336633455,0.1410617064306232,0.6550590228528779,0.001568181437775806
2,1,0,0,2,4.85662572579607,0.0634478015158318,9.724046451130148,0.0031279461512697,1.7921435514234216,18.77107701318764,0.7701168444382438,124.2074205012751,14977334989.934278,0.0,0.3049934084270846,0.378639671999456,0.2454608239310247,0.1548603111416887,643777.8399422334,0.0301255080424487,0.166687010597508,0.028965028410313,0.0944884625876912,0.3175967073517168,0.2495471805390403,0.378639671999456,0.0015554744868723532
2,1,0,0,0,2.59053004042206,0.0200589892499464,5.474608955336813,0.0087543485527686,5.465374832706543,5.792982942559012,0.7092510640294861,97.62637010056564,12741972590.77927,0.0,0.2329297149724854,0.2811602863923887,0.2247329515748572,0.1762825892863642,4092425.457080837,0.0252524497617735,0.1438748107339187,0.0246579725156533,0.0958356869085475,0.3238183246752541,0.3408578364257276,0.2811602863923887,0.001547317596610635
2,1,0,0,0,3.476113000605685,0.0252185149505997,6.850222808180292,0.088346275411154,9.044781411811398,5.9844682436919,0.3835220112658737,89.81040166818285,11136637731.740768,0.001163161553381,0.3919005497418807,0.5230242641576471,0.274651641821067,0.1757532140874133,202988.18271234128,0.0377167621775038,0.2176666355519722,0.0360545010349817,0.0960817270410276,0.7126390096651057,0.1837041484026966,0.5230242641576471,0.0015458325504552376
2,1,0,0,0,3.476113000605685,0.0252185149505997,6.850222808180292,0.088346275411154,9.044781411811398,5.9844682436919,0.3835220112658737,89.81040166818285,11136637731.740768,0.001163161553381,0.3919005497418807,0.5230242641576471,0.274651641821067,0.1757532140874133,202988.18271234128,0.0377167621775038,0.2176666355519722,0.0360545010349817,0.0960817270410276,0.7126390096651057,0.1837041484026966,0.5230242641576471,0.0015458325504552376
0,1,1,0,2,2.777880582935422,0.0846753081159045,7.759988855297209,0.0682349500596086,7.7260017970374095,17.83711858584934,0.4515189310613521,103.37106572033564,17521734830.016163,0.0005356906715122,0.2836250383308402,0.5263941837014149,0.3583050815165784,0.270897592023982,4819807.02620907,0.0641912657203009,0.4217875494038334,0.0600013930079339,0.0968078126730958,0.390874906375996,0.1839074512419155,0.5263941837014149,0.0015414583554838697
1,1,0,0,2,1.5294179826646437,0.0870081807060284,9.151245283101485,0.0828707517039104,7.291783293667942,3.283321914008806,0.727511645879888,120.08778928894256,15821530335.28041,0.0005687532629761,0.3294451534912694,0.4469623897127197,0.2719173100824733,0.1682561989887677,1033256.6791272464,0.0369695117612439,0.2149430241376401,0.0351526343134349,0.0977246623934246,0.3590748011015237,0.2186418021799017,0.4469623897127197,0.0015359526088586184
4,0,1,0,2,1.6266429354636471,0.0102173473833404,8.301413481484994,0.0129987608830933,1.868697030427452,18.7178004319297,0.1188383530878553,108.1099350782086,10609429395.850048,0.0,0.0679729833090628,0.0977278582360779,0.1094431834230921,0.0682615675682133,5511494.351321872,0.0059889051988903,0.0200611580210386,0.0059240906435315,0.0977278582360779,0.8063452657196528,1.0,0.0977278582360779,0.0015359334520340104
2,1,1,0,2,4.5279059404805935,0.0468783355337562,4.317531182559809,0.0574551920366057,1.1835932011855712,7.01189231201352,0.4164774331856274,113.86558032103216,12713536121.416037,0.0008222290625705,0.1527729726864664,0.1807307005298376,0.1942944815565309,0.1470096555435496,2595147.553652273,0.0188751727816605,0.1003066025614931,0.018495495592706,0.0977320310462005,0.3791607836954059,0.5407605390765667,0.1807307005298376,0.0015359084393375432
4,2,1,0,0,3.340977127826724,0.040612517671682,5.488792151494736,0.0069546671530323,0.9960283249312236,19.378069333813777,0.3964178592148661,69.22254952242564,18367879987.42797,0.0,0.0885995122820313,0.0979473179032111,0.1083085092799802,0.0849650798738764,1908981.024569627,0.0058653665912257,0.0232368214313026,0.0058299652422553,0.0979473179032111,0.3495275505968542,1.0,0.0979473179032111,0.0015346185173743478
2,2,1,0,0,1.018912080547966,0.0152469184821658,0.6022012653952509,0.0607598765206348,4.093520256485443,3.1134762190481275,0.0861408116065715,111.80663306519092,11211391831.007318,0.0014921395567808,0.2859251265547531,0.4002638061144973,0.2727850751733894,0.1953778243619987,4268730.77030591,0.0372058486186758,0.2252929724114126,0.0355800503823211,0.098241951725919,0.2854960526724591,0.2454430059005048,0.4002638061144973,0.0015328549323752594
0,0,1,0,1,2.958920273585292,0.0621604191215,8.283686908431337,0.001144058042627,6.584830894328076,2.7457276579482706,0.69408216993101,81.76155376083699,9147999942.277126,0.0,0.5678667616606337,0.950589562111854,0.3559057361312499,0.2429484704846999,21611.386023419647,0.0633344465055634,0.4350120799446081,0.0599548417564618,0.0984205071608465,0.2759111584414168,0.1035362800977879,0.950589562111854,0.001531787142380672
0,0,1,0,1,3.4421638991442696,0.0613644160447499,8.487476918887053,0.0444052534884382,8.055043320209622,7.697026923390719,0.7984419917385195,94.28673836898068,11448996625.444632,0.0013185830912582,0.7250066305666045,1.4571081029934083,0.4302604687273882,0.3031668265691689,95465.9082959592,0.0925620354747559,0.6988905912671192,0.0859765113409837,0.0993909286426152,0.5508014588716529,0.0682110877281044,1.4571081029934083,0.001525996860347107
0,0,1,0,1,3.4421638991442696,0.0613644160447499,8.487476918887053,0.0444052534884382,8.055043320209622,7.697026923390719,0.7984419917385195,94.28673836898068,11448996625.444632,0.0013185830912582,0.7250066305666045,1.4571081029934083,0.4302604687273882,0.3031668265691689,95465.9082959592,0.0925620354747559,0.6988905912671192,0.0859765113409837,0.0993909286426152,0.5508014588716529,0.0682110877281044,1.4571081029934083,0.001525996860347107
1,1,1,0,2,1.707154355961699,0.0110339014936683,1.6793671993144077,0.0905843892262754,7.991819191405136,11.976531177932776,0.0815886291299184,99.37067103439854,10385838809.542711,0.0006569060234088,0.3943914640665424,0.6342607690642224,0.3319048357555361,0.2749466444180731,8433758.122734424,0.0550804099989547,0.3227061923233429,0.0530366334316822,0.1012852596648788,0.3424717073240003,0.1596902482464954,0.6342607690642224,0.0015147568123849377
2,1,0,0,1,2.815798802257542,0.0524034533690436,7.9729041400531795,0.0023967331368363,7.725394001703287,12.899009698696515,0.2156368753974517,106.66721980712748,13783919057.952412,0.0,0.1608173118296804,0.1448560524127475,0.1495670562913076,0.1265587387308497,3557897.138450046,0.0111851521638235,0.0623214890906881,0.011104460333818,0.1023622618713886,0.3110972073771826,0.7066481528829832,0.1448560524127475,0.001508403354705791
3,2,0,0,1,0.6268543528547996,0.0191411801950723,5.2651860916502455,0.0167149156611053,2.58995446853012,6.516794986314852,0.1652807216474321,69.89274817311242,9158027076.520063,0.0,0.2305365016469882,0.217415198118944,0.1742890058703528,0.147807097670053,5684592.042509837,0.0151883287836379,0.0801848932076034,0.0150547554111416,0.1034230999732825,0.3425543293490117,0.4756939757114016,0.217415198118944,0.0015021713048031606
1,1,0,0,2,4.870110721006149,0.0606214144964034,9.130911571566187,0.0780881955656371,7.34615420332206,19.3655408928121,0.5810903017514837,106.80032431488664,15919085090.61604,0.0005184278267255,0.3845599498621517,0.5165610101078664,0.2753151300470536,0.2231014224664357,6321087.88128874,0.037899210416413,0.227391070279589,0.036621706821533,0.1035902793312941,0.3617604558174935,0.2005383242333036,0.5165610101078664,0.0015011915363046045
1,0,1,0,1,0.4472739994980946,0.0577921623423713,8.649573496808705,0.0241218623691647,7.08841149957453,9.89484501120033,0.7209524237451379,92.48292044825736,15174645301.229635,0.0007559218027917,0.1511939375459927,0.1930654211688171,0.2088451131867884,0.1764404515696874,3413820.9340486485,0.0218081406510012,0.1195864259103314,0.0214308984182475,0.1038765943136458,0.5506175103757825,0.5380383171920556,0.1930654211688171,0.001499515047755252
3,2,0,0,1,3.7167371923647816,0.0871215593740464,4.3810766603012645,0.0399669269578374,6.125973527266512,11.163740886194024,0.2384695170674561,83.67957353233726,15239996396.766289,0.0005993670070559,0.1592780899913952,0.1886166420154659,0.1979873646965421,0.1665452644418275,3645522.963687353,0.0195994982897407,0.0926796888629879,0.0192952967397905,0.1050632850273422,0.4923420067478438,0.5570202284628067,0.1886166420154659,0.0014925864377223748
1,2,0,0,2,1.7363233797917732,0.0453967315699502,4.02956270961555,0.0144577403829165,9.674485291910358,8.886189691933945,0.1333334115001704,73.94543597305139,9963886741.221577,0.0,0.3159971059928121,0.4160466314627868,0.2622538955942409,0.1683201431742993,644529.4684691704,0.0343885528771775,0.1918933782215834,0.0329538334737723,0.1054053678632483,0.2827886538245953,0.2533498889118546,0.4160466314627868,0.0014905951045260887
1,0,1,0,1,1.088086698953546,0.0642163155640052,7.080167668543237,0.0338855600767304,4.270110103785857,5.333518964146277,0.813696228630598,127.03234252476226,17093670580.298246,0.0006436459754061,0.1286319471363417,0.1763890404210334,0.1928066512302264,0.1625254220086472,2606517.9293127614,0.018587202379307,0.1028485879911712,0.0183323423363346,0.1056635757231893,0.5206251098038884,0.5990370800304524,0.1763890404210334,0.001489093784167279
1,1,1,0,2,3.632746403903265,0.0525245623859065,8.347181281770863,0.0468118130502275,6.550662045433748,6.884627174294872,0.5817382949408992,100.489519776634,18503651857.09104,0.0010799200308638,0.2070304899048312,0.2952227565427023,0.2582291386506841,0.1830088451123868,2462897.7742156293,0.0333411440241371,0.1774437453960552,0.0320568446191852,0.1057355521802345,0.4317430887719238,0.3581551551732785,0.2952227565427023,0.001488675554778526
4,0,1,0,0,0.6206260522864963,0.016402774720897,1.0215033707890755,0.009482983419462,2.1106457622749657,16.893128374034003,0.0551029644251105,95.19475613177036,13136123941.29029,0.0,0.1328083058576494,0.1057840314358266,0.1145462100724621,0.0922964483985611,3405897.331947607,0.0065604171209823,0.029026334506044,0.0065214615655261,0.1057840314358266,0.3144672606148109,1.0,0.1057840314358266,0.0014883939254091046
1,1,1,0,2,2.00450629899613,0.0614861227468903,7.692810857286161,0.0315634787248674,9.194862903467342,6.03357102486307,0.5988851448530195,97.02978134670929,18749558632.9022,0.0011598411417241,0.2933992183552024,0.3994650541142023,0.2677032707436583,0.1720704237298212,1033987.7946666552,0.0358325205834262,0.1969078263297968,0.0343053444059434,0.1058074881601578,0.4313535109787717,0.2648729521404111,0.3994650541142023,0.0014882576779533657
4,2,1,0,0,0.5544046215500987,0.0364575483758359,2.290453418373636,0.0998132430293274,6.947460031475943,1.9453187919269697,0.2460101907271668,69.32169983647836,13479617904.39542,0.001434887920113,0.3585382892276206,0.4442030411620393,0.2526334582182864,0.1993681273416729,9770515.586363643,0.0319118321056653,0.1584664648300372,0.0312268297951739,0.1059509626269027,0.3676519867641137,0.2385192193861034,0.4442030411620393,0.001487424583592032
4,2,1,0,0,0.5523586007017949,0.036469166099414,2.2864338045044232,0.0998817330975252,6.946822538485293,1.9371294521245543,0.24609873307239,69.39645885316969,13470336863.55163,0.0014354421232503,0.3596519737220163,0.4317846910591432,0.2441921755260573,0.194750071085574,9356168.310854336,0.0298149092940744,0.1561315414800773,0.0292311700749744,0.1061629582754049,0.3672340084187701,0.2458701303536105,0.4317846910591432,0.0014861944698119944
2,1,1,0,2,4.510705928209379,0.0472337408902844,4.329450850103465,0.0573511170107799,1.1653517798238888,6.996525524967718,0.4141638478914408,113.98886491339678,12723851458.098097,0.0008232897372313,0.1293491344843931,0.1859075070180145,0.2033758339312916,0.1497681673231034,2090001.5314098024,0.0206808649136241,0.1107309641303154,0.0202007177110866,0.1065851410360328,0.3810727648240348,0.5733234915882374,0.1859075070180145,0.0014837477658194026
2,1,1,0,2,4.510705928209379,0.0472337408902844,4.329450850103465,0.0573511170107799,1.1653517798238888,6.996525524967718,0.4141638478914408,113.98886491339678,12723851458.098097,0.0008232897372313,0.1293491344843931,0.1859075070180145,0.2033758339312916,0.1497681673231034,2090001.5314098024,0.0206808649136241,0.1107309641303154,0.0202007177110866,0.1065851410360328,0.3810727648240348,0.5733234915882374,0.1859075070180145,0.0014837477658194026
1,1,1,0,2,1.707154355961699,0.0110339014936683,1.6793671993144077,0.0905843892262754,7.991819191405136,7.828531338142558,0.590335806944001,98.8310225541166,10385838809.542711,0.0006509786192155,0.3567234798607917,0.5187675623058051,0.2946459989018826,0.2310051132116909,6267378.889603359,0.043408132334444,0.2701166757806157,0.0416989524293011,0.1085625530566054,0.3285197990637528,0.2092701258615115,0.5187675623058051,0.0014723414450189753
1,1,1,0,2,1.707154355961699,0.0110339014936683,1.6793671993144077,0.0905843892262754,7.991819191405136,7.828531338142558,0.590335806944001,98.8310225541166,10385838809.542711,0.0006509786192155,0.3567234798607917,0.5187675623058051,0.2946459989018826,0.2310051132116909,6267378.889603359,0.043408132334444,0.2701166757806157,0.0416989524293011,0.1085625530566054,0.3285197990637528,0.2092701258615115,0.5187675623058051,0.0014723414450189753
1,0,1,0,1,4.562484129712605,0.0618762579750869,6.833853293561058,0.0140707758056562,3.7508823480687545,7.593422154249006,0.4092557338749564,103.31720267351729,16995533267.687368,0.0,0.3042105306945617,0.4485736499552654,0.2905659080244537,0.1847897848334823,1175241.093237521,0.0422142734530376,0.2627172964303915,0.0392572265619879,0.1091963731449262,0.4313946960681939,0.2434301996022636,0.4485736499552654,0.0014687039656448761
1,0,1,0,1,4.562484129712605,0.0618762579750869,6.833853293561058,0.0140707758056562,3.7508823480687545,7.593422154249006,0.4092557338749564,103.31720267351729,16995533267.687368,0.0,0.3042105306945617,0.4485736499552654,0.2905659080244537,0.1847897848334823,1175241.093237521,0.0422142734530376,0.2627172964303915,0.0392572265619879,0.1091963731449262,0.4313946960681939,0.2434301996022636,0.4485736499552654,0.0014687039656448761
4,2,1,0,0,0.5776730105554994,0.0161756092395248,2.813302535398622,0.0848818758434512,9.522123483387825,10.209017256517646,0.0744109323919992,79.46818861385873,11884090609.3665,0.0012706828888454,0.3286993362295524,0.390534788864354,0.2377990271302482,0.1452577210857351,379882.3934321349,0.0282741886520462,0.1553228079708231,0.0271864751671009,0.1100063304870611,0.8375907795182193,0.2816812576594041,0.390534788864354,0.0014640687150526165
3,2,1,0,2,3.450998109083762,0.0195681029221654,3.900710046756048,0.0227725051390997,5.303493030275877,18.12583913279177,0.4833342989074674,70.86622987464624,18278703096.335026,0.001215477275684,0.2927051500778329,0.5462794051934202,0.3700902674121971,0.3142459436141484,9357135.94942153,0.0684834030166157,0.3026148317242849,0.0652605735280085,0.1105944130347441,0.5673156841770864,0.2024502699229273,0.5462794051934202,0.0014607123862537628
3,1,1,0,2,3.5099383192967704,0.0644704385189903,1.8906905985475384,0.0904634060202358,1.2633526854383512,2.104501717044656,0.1083845397311977,65.55718987659341,11656003136.97459,0.001436002820704,0.1335422393004297,0.1426325099733725,0.1553501130942886,0.12822402269952,3046600.433443314,0.0120668288192041,0.0660892087449093,0.0119404971632344,0.1114744022008273,0.4126173565584307,0.7815497478214329,0.1426325099733725,0.001455704441548486
2,2,0,0,0,2.554610788712854,0.0189210390594087,5.319861950052501,0.0088447864931375,5.490587888276805,6.29360247509298,0.7042952701926503,96.2565674085025,12609030288.458344,0.0,0.2317244350252924,0.2859034321538889,0.2295074980476094,0.1768863589839591,3997211.193580981,0.0263368458300367,0.1496626592054455,0.0255905483936793,0.1161303094614395,0.3259232128997549,0.40618718210746,0.2859034321538889,0.0014294923997820441
1,0,1,0,1,1.0797107629264755,0.0643494853613686,7.107142243123457,0.0337961934316383,4.312626200779056,5.235238606705709,0.8148989813250662,127.0314977672256,17137788226.040989,0.0006428724553985,0.1291997737022174,0.1768761776648401,0.1935399167331607,0.1613961603545284,2916725.20502028,0.0187288496845394,0.0994163454463135,0.0184460164540035,0.116591360244308,0.5203165850821758,0.6591693793001062,0.1768761776648401,0.0014269225781574353
1,1,1,0,2,2.6374836417290366,0.0132740215762153,1.592562989306177,0.0889347211666893,7.796986564157308,11.816231835161808,0.0817511417558943,98.15139728564098,10624070370.06962,0.0011582702693389,0.3102934803085854,0.4969534793273858,0.3161823467131244,0.2400142327269195,4665816.718983013,0.0499856381865092,0.320694300484678,0.0475723214533899,0.11954463986067,0.3623322634655577,0.2405549912286975,0.4969534793273858,0.001410570700366994
3,0,0,0,1,0.1544724097941685,0.0357917259944809,9.64222767721354,0.02084143597772,8.373944299344071,3.624471653641387,0.6128844136325109,73.74966558861966,9806918266.622252,0.000769590208876,0.519114948990121,1.3032652097574795,0.5538274289459469,0.4709021420577503,18650870.026179448,0.1533624105264389,0.4376844331329806,0.1418240540187491,0.1205964909528398,0.4784391547166294,0.0925341135863522,1.3032652097574795,0.001404792121371938
1,2,0,0,2,1.597123063407181,0.0454026000439954,4.201469358050394,0.0155521597865245,9.618430757156592,8.927200860418656,0.1026802194318546,74.90914941875901,9977459626.192228,0.0,0.2993988647599988,0.3886199823400976,0.2559808667558851,0.166864717158865,712844.4339100625,0.032763102072547,0.1812244768665953,0.0314428053560675,0.1209271479725238,0.2814422189438495,0.3111706897940605,0.3886199823400976,0.0014029804782509324
3,2,0,0,1,2.8686072343557494,0.0974331660195103,7.176894228025943,0.002101977701257,4.417007542903325,8.153242210899165,0.315916796886479,78.72303537810276,16729393269.229313,0.0,0.0864229485652341,0.1215205308409566,0.1350141534282883,0.1059087568993722,2301630.1016094647,0.0091144108129786,0.0396326491600189,0.0090164977412276,0.1215205308409566,0.3296682837144958,1.0,0.1215205308409566,0.0013997352377352428
1,0,1,0,1,2.335183029132142,0.0315012113018466,3.515319743837483,0.0109285017438515,7.850188044845809,1.364449635794339,0.2760908998562275,102.76822749847236,15850928742.673525,0.0,0.2196792994117267,0.3216711381990656,0.2686520969366923,0.1814070096055907,994533.0235389024,0.0360869745942409,0.2083017810313926,0.0346954733012183,0.122114596954959,0.2677714933770839,0.3796255941351775,0.3216711381990656,0.0013964937800593927
1,0,1,0,1,2.335183029132142,0.0315012113018466,3.515319743837483,0.0109285017438515,7.850188044845809,1.364449635794339,0.2760908998562275,102.76822749847236,15850928742.673525,0.0,0.2196792994117267,0.3216711381990656,0.2686520969366923,0.1814070096055907,994533.0235389024,0.0360869745942409,0.2083017810313926,0.0346954733012183,0.122114596954959,0.2677714933770839,0.3796255941351775,0.3216711381990656,0.0013964937800593927
4,1,0,0,0,3.239961072469076,0.0526218925686186,3.052516682994893,0.0218604371362489,1.085895529076821,4.371687888082187,0.2575051737758905,118.9864503176145,18177059275.582905,0.0007555705834535,0.1558874807192098,0.1223300672313005,0.1282767466747682,0.1061720429714113,3548588.3546404983,0.0082274618687313,0.0454900986625581,0.008179129571426,0.1223300672313005,0.3636044628337469,1.0,0.1223300672313005,0.001395319945714781
2,0,0,0,0,0.5165267445242275,0.0455949673790541,1.475920423023384,0.0897704295837493,9.038165390443211,4.966607023853524,0.4555173096860403,109.99585915680532,10234768917.21156,0.0007282917367131,0.4575762195009957,0.739402558719657,0.3409324156531237,0.2861018347140258,10559684.327425493,0.0581174560215371,0.3189618407873232,0.0562226920416838,0.1229200902372022,0.2979096251607921,0.1662424464016592,0.739402558719657,0.001392110678702687
2,1,1,0,0,4.7212275669764185,0.0135940726259767,8.776934696948222,0.0279274093015065,3.141867620751154,8.02534639229859,0.2666058088004014,100.59878750297057,12179721348.0892,0.0005822929104614,0.2435218988248973,0.2962584405632384,0.2292091588732986,0.1561875617724106,565332.7142687293,0.0262684192557025,0.1457290129223064,0.025538622507698,0.1230411413486307,0.6908654334623424,0.4153169142276868,0.2962584405632384,0.0013914531677504186
1,0,1,0,2,0.2675752079665056,0.0978569881327517,8.525205571232025,0.0232991907809783,7.846216822237099,8.381996968981,0.4402886936567938,84.23064049661562,13978545693.115538,0.0007556227294807,0.1861972620368813,0.3062716904725548,0.2882342514486044,0.2256002574531253,3983439.759537836,0.0415394918540686,0.2229906235039502,0.0397655435186063,0.1231283831022821,0.5795212169872243,0.4020233894693435,0.3062716904725548,0.0013909794909922402
1,0,1,0,1,3.354218627062985,0.042231329015677,8.123996012389341,0.0021302644093735,4.052376972304254,12.84562752182224,0.8384662458748836,100.14434811760196,19737986309.30708,0.0,0.1766936902244325,0.2525189288143526,0.2462363295085418,0.1790044474984116,2445696.0534455613,0.0303161649849196,0.170121934256032,0.0293149147257568,0.1231751461836229,0.2688089862810224,0.4877857939678618,0.2525189288143526,0.0013907256584821082
3,0,0,0,1,3.1764897184967054,0.0933151685772097,2.104484538169168,0.089349078506803,1.7475424073547825,3.450571518044889,0.3874604237427614,102.36079222387971,13397948544.89621,0.0014550992449856,0.1185740117138527,0.123295326065152,0.1346669696793538,0.1121721291937622,2811250.881713429,0.00906759636131,0.0489264286788633,0.0089886830858251,0.123295326065152,0.4487225349712054,1.0,0.123295326065152,0.0013900735281175548
5,2,0,0,2,0.1770542740080261,0.0160501264329508,1.774106941052771,0.0261872718088103,3.8987721114775615,10.383290085151629,0.7996873839027248,83.34760523696765,19222194136.60652,0.0008855074295668,0.1231808306025762,0.1277416793535473,0.1397912921265468,0.0991371386460729,565202.3880916868,0.0097708026772047,0.045429987639868,0.0096562406132089,0.1277416793535473,1.0668993641145998,1.0,0.1277416793535473,0.0013661600842511763
3,2,0,0,1,1.1195479153610874,0.0202432833362643,6.283309475097133,0.0156171323004045,2.747884561132538,10.78883320942093,0.0759908903592356,75.77220767364034,12252472840.906006,0.0,0.1638282028256303,0.1282020720947633,0.1300577236162239,0.1124814348628367,3763684.586151062,0.008457505736117,0.0463836247638892,0.0084109042295791,0.1282020720947633,0.3588709995805349,1.0,0.1282020720947633,0.0013637076183244485
3,2,0,0,1,1.1195479153610874,0.0202432833362643,6.283309475097133,0.0156171323004045,2.747884561132538,10.78883320942093,0.0759908903592356,75.77220767364034,12252472840.906006,0.0,0.1638282028256303,0.1282020720947633,0.1300577236162239,0.1124814348628367,3763684.586151062,0.008457505736117,0.0463836247638892,0.0084109042295791,0.1282020720947633,0.3588709995805349,1.0,0.1282020720947633,0.0013637076183244485
3,0,0,0,1,1.8732165134481489,0.0801888864087761,5.120609854342084,0.006533311353066,8.779036348105084,1.1238257226519095,0.5284566225045081,63.22198756414016,9439298770.895092,0.0,0.346437757752867,0.4600726300446391,0.2678980041384223,0.2061860822727109,5837214.487085193,0.035884670310675,0.2161189289344373,0.0345506482952707,0.1301143848963388,0.4348315182997121,0.282812704776014,0.4600726300446391,0.00135356795273656
1,0,1,0,1,2.2482778380607518,0.0309316289685911,3.447491600179636,0.0115905211428843,7.643531216167281,1.2749991397499612,0.2878773156631101,101.57191491659526,15882291998.795174,0.0,0.2276647288351546,0.3366481481106495,0.2738645113140562,0.1833736094435241,876272.5085373102,0.0375008852786434,0.2162201819101364,0.0360119519588935,0.1316647740614934,0.2652263503360649,0.3911050002812367,0.3366481481106495,0.0013454026819845802
2,2,1,0,0,2.213728227811001,0.0751268421891236,6.225264938552583,0.0263803718238459,2.0661698854967687,3.647592340841075,0.4947688739212048,124.05335359967664,15108686843.743383,0.0008943229787945,0.2429117694175833,0.2708160339278151,0.2093713778995768,0.1727228153706601,4405265.225924022,0.0219181869417836,0.1246279663882212,0.0215248156240065,0.1329837864721149,0.4019595771851758,0.4910484233277015,0.2708160339278151,0.0013384947687881097
1,2,0,0,2,2.089291915030117,0.0254867980789239,3.598230414400014,0.0010988968269782,9.987496380715903,7.696875615303756,0.0981416929964006,68.28285605907409,11396768911.798485,0.0,0.1974170783912851,0.2412781002672419,0.2175583720766409,0.1534118690797599,1353184.7223495997,0.023665822630319,0.1366494796053626,0.0229931733249748,0.1331323207530139,0.2921548098218598,0.5517795465297318,0.2412781002672419,0.0013377190924695325
3,0,0,0,1,4.2732426942953365,0.098903385886665,3.362489076814265,0.0849909561829213,4.523279682313103,1.3867944289376055,0.7097571361953877,73.28977444082153,17015085733.913956,0.0011923775885043,0.3033344108078441,0.4092042509517917,0.2661227007425009,0.2000128291066112,6082624.742143343,0.0354106459252413,0.2099354496091325,0.0336956340901113,0.1340776538792207,0.4637055749491384,0.3276545968605209,0.4092042509517917,0.0013327928935279393
1,1,1,0,2,1.797076158164863,0.0138059204476618,0.753513777632515,0.0966757977379708,1.7226699176728295,4.586979044144954,0.1081837010115004,129.01110384541226,11301759832.860365,0.0008329755256923,0.4702551309340929,0.6609121225927447,0.2949038164294332,0.1808394766195409,200058.2534716881,0.0434841304723224,0.2677768409877943,0.0412159782936894,0.1341917490944068,0.361571696696526,0.2030402295663384,0.6609121225927447,0.0013321995633476
4,1,1,0,0,4.3649112352559465,0.0352845654429916,8.345566435448882,0.0952326204769589,4.516886898566528,6.309752744444354,0.0539503496280459,89.79981546471427,13042633700.618572,0.0009198810159873,0.1671820168690925,0.2460403830061182,0.2486366004286056,0.1769392586104565,1829018.149762095,0.030910079536347,0.1794446627028345,0.029693681430769,0.1346817390481005,0.4214377357521893,0.5473968842129118,0.2460403830061182,0.0013296544665150863
4,1,0,0,0,3.2046512481708933,0.0502964751846161,2.8231810602257243,0.0311794206306697,0.9545058068092008,4.355917051415137,0.4108706871146914,119.29235303680328,17946497713.59195,0.0011024438973806,0.1604611916374289,0.1376970514530293,0.1421645867157559,0.1149577099264926,3488039.197814873,0.0101053848580308,0.0559668912950076,0.0099982080731692,0.1376970514530293,0.4025193116308641,1.0,0.1376970514530293,0.0013140990624037816
3,2,1,0,2,3.3869354849553126,0.0193700276798214,4.039341378795197,0.0230224454261936,5.23195699868152,18.13190635177405,0.4868834526941544,69.26227945658312,18349864176.76262,0.0012240931787657,0.1672775550746896,0.2111289124003348,0.2139888114189337,0.1525420923454722,2589102.807228491,0.022895605706244,0.1216362404189937,0.0222450155073418,0.1389466702652503,0.4131948540391974,0.6581129447670571,0.2111289124003348,0.0013077059826884464
3,2,1,0,2,3.3869354849553126,0.0193700276798214,4.039341378795197,0.0230224454261936,5.23195699868152,18.13190635177405,0.4868834526941544,69.26227945658312,18349864176.76262,0.0012240931787657,0.1672775550746896,0.2111289124003348,0.2139888114189337,0.1525420923454722,2589102.807228491,0.022895605706244,0.1216362404189937,0.0222450155073418,0.1389466702652503,0.4131948540391974,0.6581129447670571,0.2111289124003348,0.0013077059826884464
0,1,1,0,1,0.1914618854121708,0.0707915054485986,4.6242159458093175,0.0864529555610619,2.7827797392277493,12.664529925022409,0.4189319799478607,99.81415406411816,17092264629.77981,0.0011748944765342,0.4168669161033839,0.7762218151185994,0.3829059142568159,0.2851869941220019,2184248.0425298824,0.073308469586424,0.5093377877850451,0.0688167126282851,0.1397072312751708,0.4658153424602267,0.1799836445640539,0.7762218151185994,0.001303830169715503
1,0,1,0,1,1.1241070221522895,0.0649159476044197,9.91705546634551,0.0017141759003015,8.745441366879499,14.48216709058719,0.7298488749516453,73.76149214190308,15629125795.769243,0.0,0.1353135163569254,0.2134940772299265,0.2325990702147339,0.1645103266251115,2046893.700372356,0.0270511637323793,0.1533326708587484,0.0262342215883067,0.1415333648847189,0.2732730721085722,0.6629381326222549,0.2134940772299265,0.0012945710445927416
2,1,0,0,0,2.076183781940926,0.0740185696116076,7.746307002817539,0.089762075520542,6.189514878345252,1.1811513001370502,0.5607840650619101,104.31589283624864,12654980055.159576,0.0012186587401077,0.2997531188802602,0.4153662971424386,0.2732834183534158,0.2368684311120013,6991351.879363306,0.037341913373464,0.2123721146238932,0.0365767192314424,0.1426291164043602,0.5582128538041262,0.3433815342881548,0.4153662971424386,0.0012890468021957001
5,0,1,0,0,3.076185460401052,0.0373513897894786,1.054841931455082,0.0350104528239422,9.961937864446908,3.593215732350449,0.6518307324354194,105.59980568594877,15492682345.869064,0.0008358452556916,0.3362147307180479,0.4204186693177357,0.2508207818969614,0.2033149004093418,6716839.974726127,0.0314555323157015,0.1873181231166329,0.0307769793899067,0.1429360300209936,0.3058386517355264,0.3399849732005319,0.4204186693177357,0.001287503724479924
4,2,1,0,0,0.527858830850846,0.0340115080391769,2.197980714589027,0.0987148218411746,6.914221326900815,2.1426126345300167,0.2505577942743644,70.12488823002886,13449002492.981258,0.0014511390017853,0.1688025204825851,0.1438263412829319,0.1434732654935694,0.0901916571955172,502635.9763602954,0.0102922889556941,0.0571757609770698,0.0101392775470427,0.1438263412829319,0.3805738012907627,1.0,0.1438263412829319,0.0012830379261575676
1,2,0,0,2,0.1646429630495716,0.0096824409054587,2.4297978498868398,0.0271768194064532,9.049817197177417,9.29054183343988,0.187748804311667,98.68998937766568,9598234541.9491,0.0009691721772795,0.3832654804684582,0.5800623496797073,0.3128284899255357,0.2587741841428386,9949350.68676067,0.0489308320545454,0.2512068756809704,0.0474768869171501,0.1457292419286852,0.4278148166323022,0.2512303065509292,0.5800623496797073,0.0012735448490799844
3,2,0,0,1,3.223703573020718,0.0475795421115448,8.141422926366214,0.0069558295748809,6.149847373024293,10.092113815954852,0.0450805037004481,87.08112902114895,15076195647.15699,0.0,0.1725872597055628,0.1916113546629757,0.1898260670763642,0.1438901764819536,2867708.911750872,0.0180169678708401,0.097031837418165,0.0176454535017876,0.1467979684137929,0.3523553879540956,0.7661235351735556,0.1916113546629757,0.0012682440852117725
1,0,0,0,2,1.5238876635793088,0.0248985889369945,6.558807352734347,0.0777436929583537,5.036241075382263,19.85563854361912,0.8412824885817909,94.20508235653922,15217394433.018648,0.0006723597176921,0.3777753646688223,0.5037001224686829,0.2729326410719335,0.170629507706233,353760.6713442247,0.0372461132812504,0.2164305989976046,0.0355015759486433,0.1477819130195052,0.7082111328489864,0.2933926485767203,0.5037001224686829,0.0012633833390929658
4,0,0,0,1,1.1311283481047796,0.0113369370802515,6.662180631643181,0.0144385780820271,6.319684594858131,8.779118776014466,0.1271270479187631,104.20858613786903,15932886167.287155,0.0,0.0908441611132206,0.1493000588046303,0.1650639495211378,0.1152027171346598,1022069.7713094188,0.0136230537157583,0.0754468194042856,0.0134121284757672,0.1493000588046303,0.8383839912975254,1.0,0.1493000588046303,0.0012559201280428693
0,1,1,0,2,2.523081091323263,0.0803793568605521,6.892893792362939,0.0424999196400871,6.679907066963629,12.185626948843352,0.5370130719850966,99.91949762134638,15155351922.278353,0.0006258724392992,0.3306136866534511,0.5936000740951757,0.3567813387126278,0.2640240313743482,2549957.351102027,0.0636464618267874,0.4329467249863122,0.0602135569246692,0.1499293525842218,0.4091193424061736,0.2525763710740082,0.5936000740951757,0.0012528394572127138
4,2,1,0,0,2.394333610581413,0.0136982197434186,9.0122350385345,0.0195407193611496,1.3647910259001272,9.710418779835114,0.2193278425345192,65.62869465653638,16412320008.81119,0.0010433239925339,0.1602661770083676,0.1499864446909554,0.1553840034325103,0.1081514361856742,337133.87180405046,0.0120720942613571,0.0675385155053123,0.0119323118552334,0.1499864446909554,0.8628701295741198,1.0,0.1499864446909554,0.0012525603403106328
2,1,1,0,0,3.2617038956976296,0.0280209889883387,1.684251489072802,0.0843026467926815,4.021959172957044,2.629794364811304,0.5333929751078597,111.55334570220109,12804463598.497583,0.0014699106290754,0.4228196668775039,0.5535574729567088,0.2715902402902108,0.1706801636379409,110869.13395606,0.0368806293104472,0.217227457219244,0.0351825952118265,0.1527256888168732,0.756263115501207,0.275898522336121,0.5535574729567088,0.0012392412948751012
1,1,0,0,2,2.0569093435981767,0.0407104509033321,8.791848177531634,0.0630498525141527,7.84379462394484,3.1292678044143045,0.8147983806234727,125.5670982878424,17619986273.879948,0.0009389896692152,0.2627965902076458,0.3789427680333899,0.2768440391442714,0.1824575710438155,1303635.2303998815,0.0383213110048574,0.2150572698530661,0.0365600460910424,0.1532495209875501,0.4266424363992779,0.4044133677042408,0.3789427680333899,0.001236710440125224
2,1,1,0,2,4.626049505734481,0.0781321569436041,2.778514773245674,0.057852778714358,1.0910579304053574,4.086115626307841,0.1771721329582499,105.18849567387086,9830557616.665472,0.0013968898244356,0.117643683551935,0.1561634643177659,0.1711664668864653,0.1337745445241884,2305726.037370096,0.0146489796931977,0.0811466860402757,0.0144526491950181,0.1561634643177659,0.424362061609436,1.0,0.1561634643177659,0.0012227260009089896
3,0,0,0,1,0.5975289015641579,0.0931997840893887,5.1803363131352125,0.0043227357703721,7.023840396639199,7.09256506909169,0.3368536099020923,76.18414671441025,10146246766.472897,0.0,0.4022073043855114,0.5835989260744463,0.3007056156112144,0.2515881532530441,9525800.136816652,0.0452119336300597,0.2509241843218677,0.0439825621133155,0.1577162423254673,0.3814344892271455,0.2702476568734267,0.5835989260744463,0.0012153386913442644
1,2,0,0,2,0.1583137003925067,0.0097424861109529,2.4265235823347964,0.0272722481231431,9.037228716736328,9.279690986504871,0.1875481314425522,98.616367007731,9613963817.364729,0.0009680011918014,0.3810555817980263,0.5749625180484911,0.3119929829408711,0.2568304625739313,10266638.746875502,0.0486698107021713,0.2424446887615025,0.0472532612736668,0.158139974579309,0.429089244544184,0.2750439717636895,0.5749625180484911,0.0012133305566987967
0,0,1,0,1,2.741800367673672,0.0850904737792372,9.293219750233794,0.014701921973526,9.692855425640396,17.97303164366244,0.7293159696669969,117.37256147540565,14036379692.530844,0.0,0.7343485951457203,1.4515241121564306,0.4237361193467541,0.2901419849938108,59359.85357989017,0.0897761494195233,0.670908336234054,0.0833597417048198,0.1590899098065176,0.2971052685113804,0.1096019752439169,1.4515241121564306,0.0012088407114230972
1,1,1,0,2,1.866907919885427,0.0177463362797838,0.4144928736767833,0.0966297962175829,1.5992223750791816,4.481013065535297,0.1118692649714869,128.24725216982094,11579688492.772688,0.0008417205177092,0.2332059347805823,0.3426868531853582,0.2735103708304555,0.1912494845976739,3019060.7150120256,0.0374039614759066,0.2219819499667716,0.0357153892260855,0.1593651230030837,0.3051877412719763,0.4650459202672816,0.3426868531853582,0.0012075430298170591
4,1,0,0,0,2.311452524989872,0.0087221413252048,9.194131472790334,0.0035912640195772,8.137290682179367,1.0714084746351888,0.244589389619939,123.1225423985316,14492430370.504845,0.0,0.0947388566271929,0.1602148290613401,0.1770202513879821,0.1123914719921266,993308.7101622378,0.0156680847007321,0.0845453663031826,0.0152989634335045,0.1602148290613401,1.1153771414132536,1.0,0.1602148290613401,0.001203545290540593
3,2,0,0,1,4.288615877411105,0.0593313197887552,8.470435143576541,0.0611146502598522,1.1389399797487814,5.255352758754549,0.5841528249263246,60.39576311034056,12194090233.213663,0.0010434564886075,0.1740450578987896,0.1607196930510414,0.1577063664773597,0.133826327657639,3526675.3533407915,0.0124356490137456,0.0648699656167179,0.0123198481653154,0.1607196930510414,0.4592880830801426,1.0,0.1607196930510414,0.0012011762522538508
3,2,0,0,1,3.68793445027776,0.0800665581048906,7.513889085551715,0.0392784808995501,6.686989230341963,2.216311598395062,0.4012395101407965,91.48551991346535,13731764737.398472,0.0005863435135687,0.2429746844847213,0.3646085535618849,0.2819066518993705,0.1922803787605113,2132668.474122661,0.0397356801925564,0.2402623534411978,0.0373584954894949,0.1607886791414033,0.4257133111720395,0.4409898713857592,0.3646085535618849,0.0012008529022759125
2,2,0,0,2,0.2003025020378345,0.0055187739804039,7.88437901909833,0.0151046495587548,7.636875609429229,7.912746806484041,0.0857459561302014,103.40367340266154,12980393663.172129,0.0,0.1051381403076177,0.1608765281475263,0.1769521381905233,0.1089890523251216,133935.5601169024,0.015656029605099,0.0885500437989126,0.0152926012443726,0.1608765281475263,0.5260703916000221,1.0,0.1608765281475263,0.0012004412644790747
3,0,0,0,1,4.875665674528121,0.0626835795219232,5.2101901149883085,0.0129599206795393,1.9971416608738812,5.607799724714164,0.6939893093157069,124.54135412911256,13187119139.91678,0.0,0.4126366286499136,0.6061740043788509,0.3036371997570028,0.197597012138152,2677243.203229313,0.046097774538137,0.2917497474144105,0.0430047080219083,0.1610129106438841,0.4553228391075343,0.2656216028413734,0.6061740043788509,0.0011998024908114644
0,1,1,0,2,2.935847114834846,0.0407320779038193,8.593020481039149,0.0220133528682493,7.93069271797387,16.683898298073387,0.2460310526921185,84.78253167721704,13590297011.232536,0.0006707375356197,0.204404026829807,0.2704472294018563,0.2378246235504349,0.1740482874001019,1631986.6268525647,0.028280275783453,0.1665384204837168,0.0274974599233982,0.1610705081957077,0.5374468281292349,0.5955709309795656,0.2704472294018563,0.00119953282368986
2,1,0,0,2,4.522060505412696,0.0691673264523629,5.207269208404088,0.0447103022909254,0.647066174005526,16.686459444372677,0.4459987702765715,122.5886318704954,10947339565.27622,0.0013665674529354,0.1612939841548145,0.1623288147856451,0.1677928003392507,0.1370852745482136,3534968.968799332,0.0140772119228438,0.0783998037384872,0.0139056002396036,0.1623288147856451,0.5014736799986238,1.0,0.1623288147856451,0.0011936566353023665
3,1,1,0,2,3.524221267403599,0.0658879051755352,1.7614756149493704,0.0945924863032057,1.2822775521374394,1.891027380513935,0.0859326504753082,66.83129899129783,11840284610.518492,0.0014503583004767,0.1407776135850085,0.1626859106588306,0.1769855913375627,0.1382690273401482,2918896.7027081302,0.0156619497705533,0.0885235970824839,0.015408121098492,0.1626859106588306,0.4112749121791766,1.0,0.1626859106588306,0.0011919942768098208
4,2,1,0,0,0.8629935724919411,0.0261925900854306,0.3670197381297374,0.0850084186616356,6.960388611048305,10.30629740685896,0.2640984383823491,88.63687313512365,15577367156.320206,0.0012242408577641,0.464211609041385,0.7961564733371896,0.3580914032763159,0.255250713679497,1116715.5783050582,0.0641147265502005,0.4395974041639886,0.0605807742093856,0.1631105633191751,0.4557562543828448,0.2048724952715346,0.7961564733371896,0.0011900204401029675
2,1,0,0,2,4.59550508424345,0.0463966863683723,4.252859025284188,0.0990148157345635,0.4946565723165121,2.338939358721871,0.3929428662829447,129.2515757002733,15560589102.873869,0.0010936743541622,0.1375887417396242,0.1638117531030236,0.1784832066488582,0.1410089873467535,2750395.264511909,0.0159281275278295,0.0885036797624274,0.0156426533258063,0.1638117531030236,0.4687148858436818,1.0,0.1638117531030236,0.001186768377214785
2,1,0,0,2,4.59550508424345,0.0463966863683723,4.252859025284188,0.0990148157345635,0.4946565723165121,2.338939358721871,0.3929428662829447,129.2515757002733,15560589102.873869,0.0010936743541622,0.1375887417396242,0.1638117531030236,0.1784832066488582,0.1410089873467535,2750395.264511909,0.0159281275278295,0.0885036797624274,0.0156426533258063,0.1638117531030236,0.4687148858436818,1.0,0.1638117531030236,0.001186768377214785
0,0,1,0,1,2.6039469804120534,0.0833377889991152,7.503718105596448,0.0138555385376476,5.579512250736864,11.943415439814151,0.7624431321976887,112.04270236403202,9348514409.239296,0.0,0.7084090204970539,1.385652854947001,0.4190100430434896,0.2867751505597476,93630.46964475176,0.0877847080856535,0.6508816639420603,0.081663035629946,0.1640524625147069,0.3015065026463809,0.1183936235753518,1.385652854947001,0.0011856540362685604
3,1,1,0,2,3.524221267403599,0.0658879051755352,1.7614756149493704,0.0945924863032057,1.2822775521374394,1.891027380513935,0.0859326504753082,66.83129899129783,11840284610.518492,0.0014503583004767,0.1407776135850085,0.1626859106588306,0.1769855913375627,0.1382690273401482,2918896.7027081302,0.0156619497705533,0.0885235970824839,0.015408121098492,0.1642690560349278,0.4112749121791766,1.009731299838357,0.1626859106588306,0.0011846522318798294
2,1,0,0,2,4.531765610258905,0.0690883920516891,5.217782241396773,0.0442865281980312,0.5980208844888351,16.742819042251625,0.4467530228264217,122.18068180550372,10991085247.329826,0.0013679854975703,0.1634382883866781,0.1650607668791072,0.1691122598102542,0.1375987922729571,3645455.727016326,0.0142994782090654,0.0801703842206881,0.0141169687284096,0.1650607668791072,0.5069765171867712,1.0,0.1650607668791072,0.0011809975487409026
3,2,0,0,1,4.807680107850736,0.0858249427617879,3.806824576935204,0.0796304122465285,2.2449620323861543,3.6089789478210488,0.6278905073753176,101.82722984693606,19448734355.837563,0.0009976317643858,0.1626158548309091,0.1662012552314994,0.170990626475998,0.1365965924387514,3077538.7272636318,0.0146188971713271,0.0802662051273347,0.0143626232211267,0.1662012552314994,0.4638150993124075,1.0,0.1662012552314994,0.0011757526546678466
2,2,0,0,1,2.8025106319329045,0.0523677963795604,7.978183382007822,0.0021638370127577,7.660666643757717,12.891406955219638,0.2162351349456893,106.62432794399705,13800838707.700006,0.0,0.1874876266216567,0.1662109342474912,0.154518600673625,0.1305125570104718,4534778.727224637,0.0119379989770675,0.0645075179858993,0.0118428109677183,0.1662109342474912,0.3133333094410516,1.0,0.1662109342474912,0.001175708242497231
2,2,0,0,1,2.8181231956622206,0.0524093408826333,7.989348737644647,0.0022477006990196,7.695355573252209,12.949773938611925,0.2157969981360457,106.78995827182868,13800507227.970957,0.0,0.1876450329469858,0.1664179222954958,0.1545857928090483,0.1298217453049251,4481710.243983195,0.011948383669201,0.0652135497349721,0.0118497417061888,0.1664179222954958,0.3140763986697436,1.0,0.1664179222954958,0.001174758879157827
2,1,0,0,2,4.518772714711788,0.069090485789669,5.201975556344318,0.0444421876540522,0.6398591689763233,16.65548611468836,0.4457371877608113,122.31278112645332,10974864311.802996,0.0013642080341509,0.142214215373343,0.1670315077070546,0.1818355573120394,0.1399873275830748,2817308.583358711,0.0165320849514899,0.0906793795115883,0.0162030955447085,0.1670315077070546,0.4920312816463046,1.0,0.1670315077070546,0.0011719491341698185
2,1,1,0,2,4.529295716853465,0.0763709104585457,2.5894401990545037,0.0605977729292262,1.1506625502816048,4.395698628404669,0.1822677764507551,105.10994787366052,9713394973.71304,0.0014081681908309,0.124635707948628,0.1678873461938127,0.1836971856758959,0.1397370766815867,2330797.490263752,0.0168723280126222,0.0933867314247737,0.0165714371480324,0.1678873461938127,0.4147764508740648,1.0,0.1678873461938127,0.0011680412784770412
3,2,1,0,1,3.961939426943405,0.0594581378850389,3.245201961118363,0.0851685363641471,0.3041537326571458,3.854174186155503,0.2597816191009371,81.30913066288616,9341030076.364067,0.0014702691417518,0.1469228121492023,0.1680388811956898,0.1826412941050013,0.1403352430205537,2783355.32597233,0.0166789211561748,0.0922738908233954,0.0162770314444052,0.1680388811956898,0.52339023673622,1.0,0.1680388811956898,0.001167350711568622
3,2,1,0,1,3.961939426943405,0.0594581378850389,3.245201961118363,0.0851685363641471,0.3041537326571458,3.854174186155503,0.2597816191009371,81.30913066288616,9341030076.364067,0.0014702691417518,0.1469228121492023,0.1680388811956898,0.1826412941050013,0.1403352430205537,2783355.32597233,0.0166789211561748,0.0922738908233954,0.0162770314444052,0.1680388811956898,0.52339023673622,1.0,0.1680388811956898,0.001167350711568622
2,1,1,0,2,4.514264900565108,0.0763520664847446,2.5573418302511466,0.060279684735485,1.1263499531263657,4.479708173566307,0.1818979948349888,105.26272144738569,9757956950.896269,0.0014088889655954,0.1260957893033473,0.1683296520399218,0.1841032975240619,0.1400667925431891,2359364.677236644,0.0169470120796166,0.0937941815064202,0.0166457881769818,0.1683296520399218,0.4187272817383421,1.0,0.1683296520399218,0.0011660267699208915
1,2,0,0,2,0.2555740206378995,0.0190900770934515,3.220501210162749,0.0122120375924241,7.299713772007477,17.70580179509625,0.085721801573673,62.26084950871368,13073912896.488924,0.0,0.3587596558589047,0.5715915155829389,0.3304054426490531,0.2698934918714243,11985144.67940981,0.0545838782660583,0.199513094706756,0.0528153641075667,0.1684435528308527,0.2869232745911389,0.2946921853083583,0.5715915155829389,0.0011655085647224953
2,1,1,0,2,4.5436703239511145,0.0765551636241375,2.591722971365935,0.0603280572316224,1.1610339410405563,4.319322657165379,0.1817390851246587,105.37477037405506,9743807502.87218,0.0014023371222072,0.1026109941718466,0.1684591865536523,0.1855992068765905,0.1354381836272417,1833524.478970975,0.0172235327966097,0.094162687202552,0.0169167238038276,0.1684591865536523,0.4132268354484037,1.0,0.1684591865536523,0.0011654374552176796
0,1,1,0,1,2.594060097875391,0.0885087992062266,4.728240270364365,0.0903629775119025,6.561604311060136,14.930210750823946,0.424718516039561,108.06937953379304,10024462594.008017,0.0007292240305513,0.5359989025628176,1.07591458120633,0.4218754435636246,0.2945252345508869,1448826.0946361702,0.0889894449410025,0.6615916727053973,0.0822096628674858,0.1690791312559347,0.4423797227929875,0.1571492144537728,1.07591458120633,0.001162621150250822
1,1,1,0,2,1.070942037988153,0.094528019801523,9.668959559064476,0.0865587618847491,9.092376147471786,3.5851692170834326,0.7323924104273575,124.49793620277836,17183592823.876907,0.0005608039312479,0.1392033907420589,0.1717121134450171,0.1869702196466817,0.135356525641161,2571872.351897941,0.0174789315173642,0.0990662126473296,0.0170853199417676,0.1717121134450171,0.4730763362427872,1.0,0.1717121134450171,0.0011507355877398086
3,1,1,0,2,3.6414738703698046,0.0655588712205369,1.7539359315080028,0.0948679103009218,1.2625093813682775,1.7338433224238738,0.0847876010873537,66.91448469627937,11839792134.293268,0.0007056657843821,0.1588169159475286,0.1720685404531359,0.17990332567652,0.1459843584151939,3057719.720158188,0.016182603294736,0.0907802323196955,0.0159371687149305,0.1720685404531359,0.3497065523218959,1.0,0.1720685404531359,0.0011491360033590587
2,1,1,0,2,4.525518488733358,0.0764826506260858,2.5956495824767867,0.0605540872346188,1.1460385627121694,4.379408537953692,0.1831228556428464,105.12125031702264,9709096975.016802,0.0014085841590985,0.1051685214665174,0.1722860185475115,0.1897025522335437,0.1371438064046999,1841885.981030006,0.0179935291619601,0.0976149323515086,0.0176565163347459,0.1722860185475115,0.4143698443689019,1.0,0.1722860185475115,0.0011481610907507203
3,0,0,0,1,3.912828966034462,0.0930917454789298,5.920547531931037,0.0802041983442369,4.666458034136524,9.189226092087566,0.8346717566373305,65.82306756356792,17962715973.33349,0.0007086481667196,0.1441622893843195,0.1725923806791754,0.1876718277048311,0.1616161102431329,2891060.802309891,0.0176103574570359,0.0996538957600238,0.0173752304607335,0.1725923806791754,0.5546725066452033,1.0,0.1725923806791754,0.0011467891311221902
1,0,1,0,1,1.659681726414158,0.0531195689697996,8.93314480530445,0.0019945641059297,3.506593786945279,6.528393321803855,0.8043476996641443,111.21604053808608,19814204030.33554,0.0,0.1287979777558268,0.2481178032718173,0.2697087979765763,0.1851160864025498,1624085.9022278383,0.0363714178529848,0.2121371042257375,0.0348092140909578,0.173405808336587,0.2813007432338464,0.6988849895088662,0.2481178032718173,0.0011431543658701874
3,2,0,0,1,4.445873202111945,0.0798101895910928,2.39354905268801,0.0923810508895273,1.3125806568811549,7.656370530764359,0.2759092616465752,74.51392480363693,14078921116.03401,0.0011877549032724,0.1435767955632081,0.17366476121776,0.1888522214488625,0.1631485569722089,3334974.5145975123,0.0178325807730851,0.1013980833882437,0.0176010861564157,0.17366476121776,0.5578466506159606,1.0,0.17366476121776,0.0011419996657243876
3,1,1,0,2,4.096260055856362,0.073636130930489,7.088136508418193,0.0219811448542342,1.5606983608809193,12.107481715326754,0.3500903121638467,104.0194941115768,13799291347.889517,0.0011376590906112,0.194673158560388,0.1736899012910628,0.1571240210144297,0.1361517608349189,4192429.199309919,0.0123439789898714,0.0690364072184621,0.0122572456402984,0.1736899012910628,0.4501318549994638,1.0,0.1736899012910628,0.0011418876254307988
0,1,1,0,2,2.710529432954792,0.0854455448325519,7.77367990186524,0.068434348341857,7.714083903641272,17.911581857610223,0.4503939500802752,103.40804838111954,17458601057.087063,0.0005389850452196,0.1250382536501455,0.1739052552371127,0.1902173947685312,0.1363876382862135,1996801.46524094,0.0180913286362636,0.1012798113908151,0.0176679958826748,0.1739052552371127,0.4729517918932028,1.0,0.1739052552371127,0.001140928320367043
3,2,0,0,1,4.607361550163241,0.0960051231068537,5.619060893108553,0.0711444857912265,0.8544665916773981,8.269413243895318,0.4188650116890853,69.15321981295136,13739747981.546452,0.0012965423035628,0.1842932218344503,0.1747455082969863,0.1652169088104325,0.1471963323613416,3917287.1528001735,0.0136483134784373,0.0667033154375622,0.0135398109685617,0.1747455082969863,0.4762539021152663,1.0,0.1747455082969863,0.0011371930709507673
2,1,0,0,2,4.463988183681479,0.0695412492269223,5.14500798135562,0.0435990339761111,0.5002498174346061,16.781751326869895,0.4541894026358486,122.4962604569239,11050776810.528255,0.001366822096272,0.1395572181732775,0.1747713919503284,0.1903592632756627,0.1464198966247739,2810554.9512874936,0.0181183245574265,0.1016448205895967,0.0176660695691079,0.1747713919503284,0.5075231066383791,1.0,0.1747713919503284,0.0011370782024716062
3,2,1,0,1,4.01285515030734,0.0571050272329065,3.057914627652208,0.0845026958588474,0.3011653213374689,3.516747682701854,0.26374692129748,78.88558513588309,9592041492.634212,0.0014887572877875,0.1453279078011141,0.1753405507163965,0.1908214834013251,0.148296849506602,2952313.815998889,0.0182064192637411,0.0993114694405475,0.0177834554897537,0.1753405507163965,0.5242578491044538,1.0,0.1753405507163965,0.001134555276298643
4,0,0,0,1,2.938239404257115,0.0108920449440757,8.830291210307664,0.0083030042759894,8.70955710880982,14.099918868154267,0.1659992423860615,78.78202892327849,10513442325.155228,0.0,0.0959865469670468,0.1761151491321781,0.1943205583100767,0.129896686097463,2352649.381927797,0.0188802396909699,0.1039867047142428,0.0184615054678501,0.1761151491321781,0.8785477413421869,1.0,0.1761151491321781,0.0011311306828780418
4,0,0,0,1,2.938239404257115,0.0108920449440757,8.830291210307664,0.0083030042759894,8.70955710880982,14.099918868154267,0.1659992423860615,78.78202892327849,10513442325.155228,0.0,0.0959865469670468,0.1761151491321781,0.1943205583100767,0.129896686097463,2352649.381927797,0.0188802396909699,0.1039867047142428,0.0184615054678501,0.1761151491321781,0.8785477413421869,1.0,0.1761151491321781,0.0011311306828780418
2,1,0,0,2,4.512556256127477,0.0689476531877874,5.181086898684839,0.0443830613005925,0.5902221452534903,16.67361446738697,0.4440505233368751,122.31232441023823,10968822294.486076,0.0013633662274996,0.1203025699581437,0.176262092504961,0.1929631573952703,0.1541847421519013,2527391.481722784,0.0186173900559759,0.1059482143655057,0.0183248834957198,0.176262092504961,0.4927006111786113,1.0,0.176262092504961,0.0011304821958522339
2,1,0,0,2,4.512556256127477,0.0689476531877874,5.181086898684839,0.0443830613005925,0.5902221452534903,16.67361446738697,0.4440505233368751,122.31232441023823,10968822294.486076,0.0013633662274996,0.1203025699581437,0.176262092504961,0.1929631573952703,0.1541847421519013,2527391.481722784,0.0186173900559759,0.1059482143655057,0.0183248834957198,0.176262092504961,0.4927006111786113,1.0,0.176262092504961,0.0011304821958522339
1,0,1,0,1,1.088086698953546,0.0642163155640052,7.080167668543237,0.0338855600767304,4.270110103785857,5.333518964146277,0.813696228630598,127.03234252476226,17093670580.298246,0.0006436459754061,0.1286319471363417,0.1763890404210334,0.1928066512302264,0.1625254220086472,2606517.9293127614,0.018587202379307,0.1028485879911712,0.0183323423363346,0.1763890404210334,0.5206251098038884,1.0,0.1763890404210334,0.0011299222516511955
1,0,1,0,1,1.0797107629264755,0.0643494853613686,7.107142243123457,0.0337961934316383,4.312626200779056,5.235238606705709,0.8148989813250662,127.0314977672256,17137788226.040989,0.0006428724553985,0.1291997737022174,0.1768761776648401,0.1935399167331607,0.1613961603545284,2916725.20502028,0.0187288496845394,0.0994163454463135,0.0184460164540035,0.1768761776648401,0.5203165850821758,1.0,0.1768761776648401,0.0011277761506338563
1,0,1,0,1,1.0739771126650923,0.0643947897180351,7.10435665609464,0.0335423978539033,4.258516398903202,5.249810499806501,0.8150599213976412,127.00112998490866,17135940334.11526,0.0006463945697897,0.1421287313127414,0.1772918821679538,0.1933694427553272,0.1667030816528578,3673555.739447623,0.0186958706957528,0.0977325145100197,0.0184455848354525,0.1772918821679538,0.5208360824412503,1.0,0.1772918821679538,0.0011259479728876836
3,1,1,0,2,4.452585764865897,0.0682227087651898,4.785518738241615,0.025889486223141,3.7561223131767374,8.568598874459935,0.0278581901499913,95.83923028830888,14376701738.763935,0.0013584516604934,0.1680940958135714,0.1782193632909943,0.1797109546273458,0.1401976867149094,2841261.4721596017,0.0161480136065359,0.0844927768515644,0.0158980183521736,0.1782193632909943,0.4484777378043479,1.0,0.1782193632909943,0.0011218797881462701
5,2,0,0,2,4.300464559134787,0.0964143889585589,0.3254533614527858,0.0468665556280688,1.8683959722012728,12.60703326775032,0.728460484170701,76.2875342930451,19862966952.130257,0.0006375834242058,0.40711142474506,0.737611615524715,0.3762976795802276,0.3202749697572726,9462796.995049844,0.0707999718287318,0.3977060019172513,0.0677964952492635,0.178841510630567,0.3709201576206298,0.2424602688819434,0.737611615524715,0.0011191591206836003
5,2,0,0,2,4.300464559134787,0.0964143889585589,0.3254533614527858,0.0468665556280688,1.8683959722012728,12.60703326775032,0.728460484170701,76.2875342930451,19862966952.130257,0.0006375834242058,0.40711142474506,0.737611615524715,0.3762976795802276,0.3202749697572726,9462796.995049844,0.0707999718287318,0.3977060019172513,0.0677964952492635,0.178841510630567,0.3709201576206298,0.2424602688819434,0.737611615524715,0.0011191591206836003
3,2,0,0,1,0.4206472810195082,0.0159305071513154,5.357667036944188,0.0376552431835058,9.694251530199905,1.5779748971045997,0.0108052737466386,62.31141593370981,11728140040.957912,0.0013422027874713,0.1095250172111829,0.1789702297315911,0.196484283915189,0.1375126289050664,1098267.4938535902,0.0193030369128322,0.1103437139495948,0.0187158116356037,0.1789702297315911,0.9041303723091508,1.0,0.1789702297315911,0.001118597052782864
0,2,0,0,1,3.1942171737129725,0.0629393926301163,0.8808879999230175,0.0687930969434454,5.6190105706291,12.781965060080314,0.1606961909244101,89.80878744067856,10702310031.268402,0.0009025441013256,0.4048762776846269,0.821794891585715,0.4228135234527172,0.3710920601489761,10579619.526944358,0.0893856378072507,0.4564851789168865,0.0850619558544542,0.1791407648036708,0.4447115232538479,0.2179871968515225,0.821794891585715,0.001117852824974634
3,2,0,0,1,3.846118399739181,0.078917537900149,8.197321050193885,0.0297129849309058,2.5665143529411223,1.2188527302861687,0.2192956912203712,76.19841280144573,11792709940.443552,0.001349041114932,0.20387300428183,0.1791632359003057,0.1566602130706989,0.1297973190881824,4619196.919468596,0.0122712111796784,0.0686274329882115,0.0121382335162779,0.1791632359003057,0.5156323017945612,1.0,0.1791632359003057,0.0011177547963567324
0,1,1,0,2,3.542300462992592,0.0651386390798383,9.80555347224823,0.0652670996569976,7.204546967811251,19.62584446686636,0.4930276835409351,106.42351500801875,17598634210.28231,0.0005682539036929,0.2842379945322958,0.5347740547919494,0.3633685280791278,0.2746981850087334,4955318.848689466,0.0660183435991959,0.4313695594729845,0.0616169904924308,0.1797091158493505,0.382936524130409,0.3360468112449196,0.5347740547919494,0.0011153760716477107
1,0,0,0,1,1.795502962537523,0.031444428590797,8.97393898931536,0.0492713364623727,8.355301517414262,8.42584294620393,0.6596082931950022,83.06009689786897,11442511000.574127,0.0010854655500025,0.2256452051009175,0.2801760620974625,0.2299437139492527,0.1782187743670801,3242856.352665713,0.0264370557923878,0.1407353035669521,0.0257794558206298,0.1802746461812574,0.5070692882860912,0.6434334355036613,0.2801760620974625,0.001112917057208881
0,1,1,0,2,2.42502576029368,0.070624459380898,3.8746017461082274,0.0906276048061706,7.581043596850846,14.89845018562513,0.0903944406523035,102.29912994291767,11813623962.167774,0.0008160951744766,0.1525551937608842,0.2052335697568843,0.2208191855593786,0.1632309691574959,3594908.170055585,0.0243805563555536,0.1322810207022929,0.0236407253294649,0.1809812210367687,0.5389896017626771,0.8818304980571922,0.2052335697568843,0.0011098523756857468
1,0,1,0,1,1.1301274859034092,0.0644748812324184,6.742426449228455,0.0325419153731515,4.548726042841161,5.22399747018,0.8308103489002927,124.93504419166344,16808097673.649372,0.0006523072401409,0.1347078757501452,0.1811313759651517,0.1977847365185717,0.1661108214483055,2814733.811179603,0.0195594009998604,0.1060197217373107,0.019262639974994,0.1811313759651517,0.5230291064942142,1.0,0.1811313759651517,0.0011092021852297175
2,1,0,0,0,4.516984094715951,0.0938525030166745,9.366820821698653,0.0309546990617125,2.8650570067161643,6.880963827941681,0.5085169453911601,86.20084374570374,11307041903.058794,0.0011779741533367,0.1682498055538978,0.2492035996363517,0.2508890880666188,0.1793970146870996,2297033.805475739,0.0314726672554497,0.1801542747261711,0.0303311973969239,0.1813278438400206,0.4789282592604957,0.7276293123559282,0.2492035996363517,0.0011083520288789229
3,2,0,0,1,3.499912667328898,0.0819180486053013,8.402489982439294,0.0051079422725804,6.6587783475147,4.708385973170827,0.412738758848196,77.26216573523146,13224216795.037394,0.0,0.1835192489378578,0.1815823397226451,0.1718648224554849,0.1415956747164564,3813146.0577266263,0.0147687585988276,0.0823029838233652,0.0145911057211474,0.1815823397226451,0.3350995172237663,1.0,0.1815823397226451,0.0011072517422090664
1,0,1,0,1,1.6765609805238475,0.0530301522484719,8.903155338881549,0.0018591115660658,3.492275141690464,6.513749496250916,0.8071959204181043,111.1925785819055,19798788437.53297,0.0,0.1392121911680522,0.2454372818597809,0.2663882890663021,0.1798859384844385,1356624.6533586013,0.0354813602758358,0.2054511716245951,0.0340248348057996,0.1817238173496977,0.2851646645602264,0.7404083681692545,0.2454372818597809,0.0011066405507518982
3,2,0,0,1,3.413694707998134,0.0385917975151752,8.7338775243751,0.0066553776696824,3.9628354984703207,8.977768109812203,0.0606740355217647,85.19960292782585,12425822845.166908,0.0,0.1703140421527026,0.1818428040868259,0.1815333450494697,0.1409162754051002,3224115.4490598887,0.0164771776824249,0.0906890434090512,0.0161844562437981,0.1818428040868259,0.348185707967372,1.0,0.1818428040868259,0.001106126782421605
1,1,0,0,2,0.9725947159682944,0.0938377254095043,9.922473788334916,0.0870898694138606,8.810045885522428,3.0259874109323497,0.7285132958295046,125.16975052335708,17293698369.51967,0.0005523790139797,0.1443847280925541,0.1818902300901613,0.1977587612029262,0.1469851167881231,2740871.921651876,0.0195542638162579,0.111966669444668,0.0191234832610922,0.1818902300901613,0.4836454727890643,1.0,0.1818902300901613,0.0011059220699643898
2,0,0,0,0,2.628885683666103,0.0998726619248387,4.800020657577198,0.0652682920894712,4.216451917846929,4.77640942023546,0.3963774001587972,63.190632637324,9021406543.14396,0.000771406899255,0.2227309715242428,0.3073440009987057,0.2537719279596149,0.2087040862612348,4218307.375456431,0.03220009571017,0.1925592054210775,0.03143928809196,0.182467805954802,0.5324268456476988,0.5936924272537547,0.3073440009987057,0.0011034320248813519
2,0,0,0,0,2.628885683666103,0.0998726619248387,4.800020657577198,0.0652682920894712,4.216451917846929,4.77640942023546,0.3963774001587972,63.190632637324,9021406543.14396,0.000771406899255,0.2227309715242428,0.3073440009987057,0.2537719279596149,0.2087040862612348,4218307.375456431,0.03220009571017,0.1925592054210775,0.03143928809196,0.182467805954802,0.5324268456476988,0.5936924272537547,0.3073440009987057,0.0011034320248813519
2,1,1,0,0,1.9934777288371812,0.0643052201164658,4.652298467815608,0.0991597586797995,9.204902408455489,6.9462862119463775,0.5636440118646701,95.96051547925089,10408068967.761992,0.0005605142149631,0.1726306392639323,0.1828608143379728,0.1810353368982438,0.129449554769966,3109521.8982487908,0.0163868966029303,0.0870182692731715,0.0160333093663501,0.1828608143379728,0.4888824319018528,1.0,0.1828608143379728,0.0011017408932591534
4,0,0,0,1,2.932744514987291,0.0109331881583453,8.872678550941353,0.0082011496704249,8.718775072248665,14.12550988707451,0.1621821374125801,78.54077537668135,10524743172.63247,0.0,0.1096050797146213,0.1831674322941029,0.2012610909523726,0.1327688872977867,2309057.313483226,0.0202530133656696,0.1120520066114333,0.0196728880973766,0.1831674322941029,0.8757056745119091,1.0,0.1831674322941029,0.001100423303347172
3,0,0,0,1,0.2438930564832197,0.0058243642159262,9.16230990834266,0.010829414045649,8.39039333148647,1.0266304964347626,0.395218091647853,77.73723157495365,10234775606.08022,0.0,0.1692710823215598,0.1844280763153763,0.1847961882976218,0.1441151935463049,858217.1767350538,0.017074815604665,0.0966989696443516,0.0168294866244485,0.1844280763153763,0.8794954472924451,1.0,0.1844280763153763,0.0010950226367054934
3,2,0,0,1,4.296897850874663,0.0593650093072975,6.658263121940929,0.0609232321535035,2.197468434717765,5.296328586757497,0.585071516143025,60.41357531956021,12183783215.38576,0.0010349803890155,0.1655976322695893,0.1844773102087305,0.1876538681676063,0.1382576543146098,2580354.22396087,0.0176069871191326,0.0995515113253671,0.0171417011465309,0.1844773102087305,0.4826196462748161,1.0,0.1844773102087305,0.0010948122547044794
3,1,0,0,2,1.8314040657144757,0.0658563357846697,5.557794950141498,0.0495552795937508,2.357764398333812,4.642579710375479,0.2752188138225903,78.79147882556713,15636900899.595232,0.0013431965040798,0.1860704016020903,0.184547439008053,0.1729576750980578,0.1419078818372064,3591315.420746362,0.0149571786876626,0.0842517698293509,0.0147657558473094,0.184547439008053,0.4711621052567302,1.0,0.184547439008053,0.0010945126561936627
4,1,0,0,2,1.598475477509384,0.0170206442677619,9.822461137818696,0.085580796497298,9.14523070070169,4.96981364336434,0.3111572417801293,82.31020358324182,9514654969.106228,0.001170194645255,0.3016876870710576,0.4006655017091762,0.2616992788602334,0.1740695802749164,308459.381399993,0.0342432562779831,0.2024576827817857,0.0330079007945015,0.1849475780673127,0.9002937049538693,0.4616009546076599,0.4006655017091762,0.0010928047826736914
2,1,0,0,2,4.553930598893031,0.0675765680239498,5.058619455850772,0.0420519157316541,0.6975974157101797,16.815896981977204,0.411786906101145,122.21871407764814,13922825955.500042,0.0007739504570568,0.1941143979753835,0.1851649790616564,0.1682957294119912,0.1336387506168595,3945666.969445093,0.014161726269157,0.0785358936157117,0.013971443477245,0.1851649790616564,0.4050180859016231,1.0,0.1851649790616564,0.0010918779893107741
2,1,0,0,2,4.553930598893031,0.0675765680239498,5.058619455850772,0.0420519157316541,0.6975974157101797,16.815896981977204,0.411786906101145,122.21871407764814,13922825955.500042,0.0007739504570568,0.1941143979753835,0.1851649790616564,0.1682957294119912,0.1336387506168595,3945666.969445093,0.014161726269157,0.0785358936157117,0.013971443477245,0.1851649790616564,0.4050180859016231,1.0,0.1851649790616564,0.0010918779893107741
2,1,0,0,0,3.193459620201036,0.0282516974688523,1.653100021564904,0.0843482752507113,4.004641531818525,2.475559728216466,0.5256330449054504,112.34094044241743,12755209300.988688,0.0014644825948515,0.4251059740227906,0.5515451865473665,0.2691974831844386,0.1650958471444875,147943.14351532536,0.036233642476418,0.2140543760982108,0.034492631283848,0.185857412486012,0.7549620848200249,0.3369758580425045,0.5515451865473665,0.0010889313397677942
0,0,1,0,1,2.6323810198865547,0.0833695783375796,7.384361536318605,0.0137528476226738,5.64283334137804,11.672813681793338,0.6001533095916074,111.65761231621742,9363741190.42442,0.0,0.7088639752982546,1.387613453197398,0.4193483467979524,0.2869899092754941,95239.86841435252,0.0879265179810878,0.6518327582597083,0.0817886595934998,0.1861416371690968,0.303497448522001,0.1341451661052877,1.387613453197398,0.0010877241251961375
0,0,1,0,1,2.636500125540981,0.0832405030296404,7.361824972110823,0.0137260097015019,5.621899562637997,12.430379961939645,0.757647372549502,111.6465974923177,9359420611.629192,0.0,0.7094327680381259,1.387842831858379,0.419088529040442,0.2867936598337773,90080.01419800872,0.0878175975866407,0.6511792107952719,0.081691521878783,0.1863138688463754,0.3032075302159127,0.1342470952542179,1.387842831858379,0.0010869932405004764
2,1,0,0,0,2.420486290194777,0.0485241302270693,1.0610385409819656,0.0908858327145073,9.046360090878611,9.462685373089752,0.4432395926626997,108.78092009578118,10449859073.981949,0.0007047808629953,0.304767461429613,0.3949903971800672,0.2559054226712101,0.1926636848887542,4699251.482553725,0.0327437926762653,0.1913227189423628,0.0315403694825847,0.1878155991036849,0.282092531948913,0.4754940890830418,0.3949903971800672,0.001080641250994263
2,1,0,0,2,4.5452488575757055,0.0677892923104374,5.076980412918842,0.0421937164584041,0.6937950043942034,16.865601595829716,0.4137581561360061,121.97601958797624,13928319206.306938,0.0007759266705998,0.1970465844179201,0.1884295813718183,0.1694410986899052,0.1347034038966967,4011762.121967296,0.0143551429626211,0.0798172859235529,0.0141601322095807,0.1884295813718183,0.4056583969101902,1.0,0.1884295813718183,0.001078054943382659
3,2,0,0,1,3.7167371923647816,0.0871215593740464,4.3810766603012645,0.0399669269578374,6.125973527266512,11.163740886194024,0.2384695170674561,83.67957353233726,15239996396.766289,0.0005993670070559,0.1592780899913952,0.1886166420154659,0.1979873646965421,0.1665452644418275,3645522.963687353,0.0195994982897407,0.0926796888629879,0.0192952967397905,0.1886166420154659,0.4923420067478438,1.0,0.1886166420154659,0.0010772682095439357
3,2,1,0,1,1.259866460780317,0.0766449316014761,1.3677445325627595,0.0478917295637685,5.829384015048474,10.680822501222032,0.3789937301082349,86.05592705440083,11081792253.356848,0.0008670062432425,0.5083410452925746,1.5951206498604338,0.7008012842423793,0.6017450569796249,24474881.933291703,0.245561219997884,0.4428903831152164,0.2183864327728526,0.1887073641466215,0.3877113462792865,0.1183028783202904,1.5951206498604338,0.0010768868599981265
3,0,0,0,1,3.552033762274336,0.0602222600012031,0.5171293006389938,0.0957433347820547,2.6635728953113795,3.617183131033475,0.5549966722616035,82.38602254601108,10090664705.572252,0.0008521523930359,0.3025016816209673,0.4379666594270593,0.2850881853174531,0.2173688294940184,4840870.372534823,0.0406376367037992,0.2509184211686085,0.0385335091869717,0.1887409283976446,0.2051062287952291,0.4309481654255426,0.4379666594270593,0.00107674580722756
2,2,0,0,2,1.1946624339621854,0.01193261474329,7.229889405345458,0.0103037703432098,8.754293206759122,11.917461213574216,0.0392146152871878,124.38782090175398,11366273057.931305,0.0,0.242934855592441,0.2953095883634613,0.2284757709233246,0.1612095005293498,821865.4699789911,0.0261005889495037,0.1524986918240385,0.0254400481736026,0.1888097368885282,0.537582525574558,0.6393620265934099,0.2953095883634613,0.0010764566993415813
2,2,0,0,2,1.1946624339621854,0.01193261474329,7.229889405345458,0.0103037703432098,8.754293206759122,11.917461213574216,0.0392146152871878,124.38782090175398,11366273057.931305,0.0,0.242934855592441,0.2953095883634613,0.2284757709233246,0.1612095005293498,821865.4699789911,0.0261005889495037,0.1524986918240385,0.0254400481736026,0.1888097368885282,0.537582525574558,0.6393620265934099,0.2953095883634613,0.0010764566993415813
1,1,1,0,2,4.257790715885609,0.0785100269723652,9.725136207999912,0.0418512517821019,5.09280783811402,17.038655178620996,0.6592165230846747,77.6289992479269,19717442678.27378,0.0005644160394331,0.1856644721403816,0.1897370659140002,0.1782691606554804,0.147178693904992,3396766.114175129,0.0158899468204047,0.088847507571994,0.0156859935719255,0.1897370659140002,0.4798842012251634,1.0,0.1897370659140002,0.00107256796915649
2,1,0,0,0,1.1267003702656972,0.0178777837192576,3.510517305195133,0.0051011971613887,9.621489620791776,9.804212052645354,0.2508574561308641,76.13974402803284,12839908370.474815,0.0,0.2674284768093123,0.3112242315162177,0.2247345179628836,0.1929420388830812,7233589.195963423,0.0252528017820048,0.1219994542070501,0.024910851787112,0.1908627320049615,0.3147493787756839,0.6132643691499189,0.3112242315162177,0.00106786638915937
2,1,1,0,0,4.513383373456098,0.0468643138360253,4.327439682607311,0.0574657068154908,1.1800466077996157,7.082303959924705,0.4181064867480007,113.86041360446994,12720474736.02829,0.0008208078612657,0.1316669258413708,0.192126181819748,0.2100634354231634,0.1542647239289298,2039917.5395221887,0.0220633234508907,0.1177149849089201,0.0215149409909531,0.192126181819748,0.3587162343739719,1.0,0.192126181819748,0.0010626138698027483
4,0,0,0,0,1.929518235531432,0.054054704429969,6.776071323392018,0.046398259410825,8.061859068643548,5.5111399462447,0.4503312696724729,106.90324725737776,9051783198.032656,0.0006636079138662,0.1623686381185316,0.19219036890933,0.1981500382821803,0.1594743759492103,3174807.790399441,0.0196317188356147,0.1120507858081083,0.0192893026826823,0.19219036890933,0.517413939694086,1.0,0.19219036890933,0.001062347716538887
4,0,0,0,0,1.929518235531432,0.054054704429969,6.776071323392018,0.046398259410825,8.061859068643548,5.5111399462447,0.4503312696724729,106.90324725737776,9051783198.032656,0.0006636079138662,0.1623686381185316,0.19219036890933,0.1981500382821803,0.1594743759492103,3174807.790399441,0.0196317188356147,0.1120507858081083,0.0192893026826823,0.19219036890933,0.517413939694086,1.0,0.19219036890933,0.001062347716538887
4,2,1,0,0,1.0656371066032604,0.0278414848252815,1.109505895932658,0.0734036132818243,3.2551995560890163,2.332882589079175,0.1347002848241674,117.3930342765043,9741040453.61667,0.0013977485324739,0.2120486567302734,0.1924956088286769,0.1639456678312102,0.108593795015661,140532.91522555574,0.0134390910003107,0.0718204122095859,0.0132261801958476,0.1924956088286769,0.420852862446436,1.0,0.1924956088286769,0.0010610829440984046
1,1,0,0,1,0.455515560243188,0.017413254029216,1.921742687436536,0.0017200823201426,1.8850580814032671,2.8435356223860784,0.2870252680856078,61.58220675130137,10266363236.333605,0.0,0.1457022059447573,0.1933415196230531,0.2100960527306511,0.1534637761780156,2523467.967196375,0.0220701756865002,0.127425114408735,0.0214237732666351,0.1933415196230531,0.2855485254409764,1.0,0.1933415196230531,0.0010575857458515617
3,1,1,0,2,4.441264097303352,0.0694783622247796,4.760011357860179,0.0254057616062847,3.792245845335819,8.652490612954528,0.0330185473026575,95.65286686832256,14309940771.255829,0.0013473610843244,0.172631917932785,0.1934646716478711,0.1916523194366324,0.1470314207174504,2879314.586464358,0.0183653057727205,0.0990061941854176,0.0180274392898936,0.1934646716478711,0.442564092165798,1.0,0.1934646716478711,0.0010570775679092546
3,1,1,0,2,4.441264097303352,0.0694783622247796,4.760011357860179,0.0254057616062847,3.792245845335819,8.652490612954528,0.0330185473026575,95.65286686832256,14309940771.255829,0.0013473610843244,0.172631917932785,0.1934646716478711,0.1916523194366324,0.1470314207174504,2879314.586464358,0.0183653057727205,0.0990061941854176,0.0180274392898936,0.1934646716478711,0.442564092165798,1.0,0.1934646716478711,0.0010570775679092546
3,2,0,0,0,1.911520921047563,0.0511273395832304,1.007290692401062,0.0299035050798305,7.785442631712002,12.408697898764007,0.1761507065646641,92.20422177688587,13723789331.955706,0.0012386939324873,0.4118479213147799,0.7622430621609146,0.3840755880420619,0.3208473580451533,8902743.013298182,0.0737570286649278,0.4311016302852395,0.0701728851707607,0.1936786754310568,0.3806360019098675,0.2540904404980599,0.7622430621609146,0.0010561950775123416
1,0,1,0,1,0.5291694747967574,0.0581101862511593,9.507260153234704,0.0197783827397451,6.598724047067569,1.7688434730027676,0.8480145223547505,125.37974564669229,14633554262.977013,0.000746361884346,0.146589974847332,0.1941303356747408,0.2111932552695771,0.1535332876115706,2370083.945725139,0.0223012955356803,0.1234301035289936,0.0216350556552748,0.1941303356747408,0.4392517556314733,1.0,0.1941303356747408,0.0010543349773778953
1,0,1,0,1,0.5291694747967574,0.0581101862511593,9.507260153234704,0.0197783827397451,6.598724047067569,1.7688434730027676,0.8480145223547505,125.37974564669229,14633554262.977013,0.000746361884346,0.146589974847332,0.1941303356747408,0.2111932552695771,0.1535332876115706,2370083.945725139,0.0223012955356803,0.1234301035289936,0.0216350556552748,0.1941303356747408,0.4392517556314733,1.0,0.1941303356747408,0.0010543349773778953
3,2,0,0,1,3.722452792856301,0.0477114355726275,8.215730856288214,0.0032700693633198,6.059341229382869,9.936927835981264,0.0310824781385862,86.54571475372073,15009952605.01144,0.0,0.1455678289619405,0.1946414612402572,0.2121396313786062,0.1510237447931071,2027961.525652937,0.0225016116007254,0.1183860508061724,0.0218032238350799,0.1946414612402572,0.3496006281912284,1.0,0.1946414612402572,0.001052233928476914
3,0,0,0,1,0.1181320741861807,0.0080756731119866,8.902158881655179,0.0198622715736803,6.830149602746385,3.914975100356488,0.6962197586227682,89.68671730993412,10050677218.3392,0.0007439145832718,0.1456712529101267,0.1957490109878194,0.212940839320846,0.1628859023141525,861123.4818503216,0.0226719005253331,0.1266427978665463,0.0220740193651774,0.1957490109878194,0.7689848595702383,1.0,0.1957490109878194,0.0010476955542075622
0,2,0,0,0,4.254654174430296,0.0486907973585946,6.081130319715911,0.0025037104164006,7.941150035465784,11.80541706050063,0.4378901009124644,99.17502571430668,17585500046.81869,0.0,0.4335176614032355,0.7126986109610878,0.3410821697076184,0.2376879318773016,961913.0564412612,0.0581685232462283,0.3891579613168687,0.0552037705845942,0.1957612814943025,0.3093844212497498,0.2746761092045832,0.7126986109610878,0.0010476453835008906
3,2,0,0,1,3.9053156669564313,0.0886230253902664,3.834706579803252,0.0444522973027056,1.3444309971523856,1.7924293522293169,0.3281139267537088,96.40828714212668,12165036063.332329,0.0010271700049786,0.1422740589056287,0.1965924056231771,0.2138395574503858,0.1796204525932665,2960004.1934683463,0.0228636781652884,0.1314378987360657,0.0224565318103762,0.1965924056231771,0.5366633340757184,1.0,0.1965924056231771,0.001044252733409768
1,1,0,0,2,4.386408791203657,0.0811358984871838,8.605236576539767,0.0862711504090521,9.375678185386532,13.970960271879354,0.7957566121645951,101.07850313915576,17600092865.355434,0.0007338062598698,0.1388184435005779,0.196743542259954,0.2142727853349052,0.1583519502191218,3016654.6461629826,0.0229564132675891,0.1304586377375263,0.0223415675831847,0.196743542259954,0.5281863237704244,1.0,0.196743542259954,0.001043636975037248
4,0,0,0,1,2.741425574164724,0.0109331881583453,2.871031189870283,0.0082011496704249,8.718775072248665,14.12550988707451,0.1621821374125801,79.72695535289117,10250849429.711576,0.0,0.1287038295768013,0.1972682427917813,0.2156059622701211,0.1440808190731448,2054796.1029468449,0.0232429654832124,0.1281167021835552,0.0225158757356918,0.1972682427917813,0.8878691638224141,1.0,0.1972682427917813,0.0010415020658631603
1,1,0,0,1,0.9395939457760007,0.0270300275308726,0.4286465476091464,0.0796947746082332,8.365735910567153,5.27509949720059,0.4582894114429919,91.856651509672,12844623145.96221,0.0013132993317417,0.3181185949002948,0.5120575608501189,0.3196750862503395,0.2583027057773669,5764184.863155561,0.051096080384581,0.3196619823765596,0.0489301837459899,0.1976292008375038,0.393993701590148,0.3859511428937782,0.5120575608501189,0.0010400359306360256
3,2,0,0,1,3.397959612753446,0.0765010442371941,7.469707091601584,0.0052677644685781,3.120259647622866,1.7938205567399672,0.2818004957353067,86.00020189398035,11391154472.735294,0.0,0.1481798539811784,0.1987191731857254,0.2160700655233242,0.1538808203378476,2197110.6756743016,0.0233431366076268,0.1296693592291904,0.0226246756133575,0.1987191731857254,0.340906854722202,1.0,0.1987191731857254,0.0010356212074868576
1,1,0,0,2,3.879914372920089,0.0636376208292317,9.400358453459576,0.0503897177260144,7.123594933604641,8.037066733696554,0.7128321933840298,105.41915071799652,18891232241.7924,0.0009124107032715,0.2034979279296084,0.2504287762160279,0.2222878561770294,0.1608001431395147,2792884.920325533,0.0247059455018898,0.1186107423592816,0.0239931666889761,0.1998187635188887,0.4284538118649634,0.7979065606522736,0.2504287762160279,0.0010311865165978924
3,0,0,0,1,3.856509415575853,0.0187258456860298,0.7718551502604606,0.0290782671502527,0.5816658102468915,1.2776652257627534,0.5921513314136235,125.37160743924323,11406237090.507484,0.0008084189604342,0.1703672108317807,0.2001378554812746,0.1999854222704565,0.134505538056763,155906.1525988429,0.0199970845603464,0.1111062975428267,0.0195086125018848,0.2001378554812746,0.4921286996463907,1.0,0.2001378554812746,0.0010299031647838875
4,2,1,0,0,1.2166403615731336,0.0253708632667462,1.183883503628895,0.0738121221500698,3.3957563871757057,2.338128800907448,0.1238318348912818,117.6104169360232,9475920653.729765,0.0013951456509609,0.2083845688244489,0.2006515023909428,0.1735742358740579,0.1193880089194405,121204.31311970756,0.0150640076796315,0.0790569677791422,0.0148373970976018,0.2006515023909428,0.9239142107692698,1.0,0.2006515023909428,0.0010278406889040542
1,0,1,0,1,1.951526621247233,0.0761298178241682,5.002755399899712,0.0367644048358446,3.976155961149928,6.344675099552876,0.7913388930236577,129.9754544190249,18746162988.747696,0.000877075705659,0.1866591711048748,0.2695820380352544,0.2535660457736491,0.1841732278702882,2275009.6368776555,0.0321478697846421,0.1727054204520984,0.0310726585195398,0.2011812241760154,0.4502424183708499,0.7462708778457492,0.2695820380352544,0.001025717992775618
1,2,0,0,2,0.8877648302034616,0.0508185937841001,6.457200596048071,0.0213328783256501,8.412790202808766,9.315913232464792,0.4259659414235913,83.91584633897642,12471808285.894753,0.0008912696077572,0.224905744113346,0.3399545063181934,0.2790743658789803,0.202382278526961,2340992.3826712114,0.0389412508453774,0.2234753679384256,0.0372213102998768,0.2016794527950145,0.5707761654970611,0.5932542415138481,0.3399545063181934,0.0010237254965272788
2,1,0,0,0,4.566965924550715,0.0812556184367904,2.123459094607482,0.0563945846360173,1.8744138166508773,5.532628264065692,0.3848177642042338,109.47454080323736,12690477707.671434,0.0011334758689177,0.183056017281421,0.2022355561659205,0.1925914625579308,0.1460575284405212,2710232.098864875,0.0185457357251014,0.0967026307747722,0.0180996202016175,0.2022355561659205,0.3717994899545297,1.0,0.2022355561659205,0.0010215061205238916
2,2,1,0,2,0.6162558303345953,0.0547478921858464,4.28660190470044,0.0744740531238485,0.9574583713922772,3.932417297057146,0.4681929473076054,92.96840991847624,15418863767.724216,0.0008790027633652,0.1572531264375464,0.2037253452930172,0.2156396499258587,0.1624872294729678,4215069.508240406,0.0232502293100734,0.1132507662995779,0.0225073758321853,0.2037253452930172,0.561938802257432,1.0,0.2037253452930172,0.001015584141284091
2,1,1,0,2,4.429414481151951,0.0971129025960962,7.174179785960585,0.0335989254861322,1.9344929488196196,12.446331618372149,0.5693785762858757,107.85409133377044,10992355811.726574,0.0013681732187963,0.1854740593069692,0.203844766104871,0.1920697757965174,0.1497458699587762,3289165.816653965,0.0184453993872622,0.1011796284172411,0.018083601434454,0.203844766104871,0.4741611167065511,1.0,0.203844766104871,0.0010151109270968405
3,1,0,0,2,1.8696991491942172,0.0664302021245079,5.618549384064687,0.0499329922912078,2.6296817887869715,4.721485247222011,0.2597563679007284,78.5630117902305,15860664115.3937,0.0013602897581759,0.2111264495782806,0.2051677301221861,0.1755064040994298,0.1483969484193173,4159484.350569595,0.0154012489399561,0.0870393935311714,0.0152402250232035,0.2051677301221861,0.4726031657736054,1.0,0.2051677301221861,0.0010098833085549477
3,1,1,0,2,1.4064913335296778,0.0648453860778106,2.9064275095367837,0.0879768571473575,2.0545410840405838,1.1780317703166585,0.2281355425220368,82.09484897645716,16714959194.04645,0.00131913683683,0.2614976010010443,0.2706101005630212,0.1972206035192485,0.1675745325827506,5968839.039933474,0.0194479832262483,0.1092072874414988,0.0192432530564484,0.2053503063620952,0.3951790951289235,0.7588419868099936,0.2706101005630212,0.0010091639858589067
3,1,1,0,2,1.4064913335296778,0.0648453860778106,2.9064275095367837,0.0879768571473575,2.0545410840405838,1.1780317703166585,0.2281355425220368,82.09484897645716,16714959194.04645,0.00131913683683,0.2614976010010443,0.2706101005630212,0.1972206035192485,0.1675745325827506,5968839.039933474,0.0194479832262483,0.1092072874414988,0.0192432530564484,0.2053503063620952,0.3951790951289235,0.7588419868099936,0.2706101005630212,0.0010091639858589067
5,0,1,0,0,3.004156379551928,0.049312989816524,1.4560946683997238,0.0491481763630483,8.797996158402151,5.351160870408616,0.637818221502691,96.7715256717086,13903592100.705875,0.0009513765041668,0.2358293736700129,0.3627918100232195,0.2869104668473665,0.2042511027220952,2992841.300093536,0.0411588079932869,0.2469644664356701,0.0390787762718971,0.2063033727956459,0.3179263653983747,0.568654989158774,0.3627918100232195,0.0010054173583938929
1,1,1,0,2,3.120446235974352,0.0164109641977692,0.8785745785790579,0.0968941809431423,2.461608814440411,4.5456518389520495,0.0806673362925238,110.1803495006398,9882940033.547337,0.0007845509361878,0.470482448968837,0.6678274028190584,0.2979284676918359,0.1796864861894937,258751.72962772104,0.0443806859306026,0.273533884465381,0.0420275417754027,0.2069486288950887,0.4086584191502041,0.3098834040374942,0.6678274028190584,0.0010028886729270161
2,2,1,0,2,0.3968171012516197,0.0155537527428899,5.466551005506823,0.0090929307902255,6.237106551441217,6.733766357243073,0.0849980069690068,67.32509902411138,17761518371.080196,0.0,0.2211215599027602,0.2069858323102275,0.1708722745091431,0.1210306358214264,280963.41288836685,0.0145986670979639,0.0823090230297469,0.014409484337346,0.2069858323102275,0.3146465832519914,1.0,0.2069858323102275,0.001002743071029989
3,1,1,0,2,0.4416974044616789,0.0638508509592172,0.8167487770314276,0.0830619793299922,0.7063757316265747,2.180044415801032,0.1908665710303862,86.02742048358844,11199113896.47058,0.0014806806278459,0.2087208726870126,0.207166641613282,0.179292719225673,0.1592961510763997,5387692.37360577,0.016072939583668,0.0824718629088732,0.0159443053646847,0.207166641613282,0.383454842505964,1.0,0.207166641613282,0.0010020357440083307
4,2,1,0,0,1.4359345952555085,0.0056759775088759,9.592105231881929,0.025940580575855,3.827356369584882,18.852453408132167,0.0823853412148989,68.99487011410403,15781483188.103998,0.0,0.1393997800458355,0.2076159923162111,0.2260471772138594,0.169129492389172,590034.784646436,0.0255486631631769,0.1445693904796012,0.0249820111857057,0.2076159923162111,1.398090367982207,1.0,0.2076159923162111,0.00100028004155374
2,1,0,0,2,3.681870023396882,0.0524561409433913,0.8936197603399919,0.0943219379975641,0.8825059276577804,1.6295894102797237,0.2062127979881942,118.89587676461343,16366542332.36382,0.0014349419432834,0.1587668930937469,0.2076719225626899,0.2175384101706617,0.1618166250961051,2602341.057813043,0.0236614799497895,0.1321406850658379,0.023087409491475,0.2076719225626899,0.3176331872366446,1.0,0.2076719225626899,0.0010000617263579315
1,1,0,0,2,0.933191416485592,0.0686180946251343,8.74702754740062,0.0791624834537049,9.63939321268047,3.5067503002197875,0.79939239904836,121.53753083270816,19252057133.12101,0.0005649732037675,0.2094602799593504,0.2085730816767339,0.1802130510016608,0.1499128353379752,5388653.453668151,0.0162383718756636,0.0806286342902882,0.016073223960237,0.2085730816767339,0.4935582019669111,1.0,0.2085730816767339,0.0009965507504979948
1,1,0,0,2,0.933191416485592,0.0686180946251343,8.74702754740062,0.0791624834537049,9.63939321268047,3.5067503002197875,0.79939239904836,121.53753083270816,19252057133.12101,0.0005649732037675,0.2094602799593504,0.2085730816767339,0.1802130510016608,0.1499128353379752,5388653.453668151,0.0162383718756636,0.0806286342902882,0.016073223960237,0.2085730816767339,0.4935582019669111,1.0,0.2085730816767339,0.0009965507504979948
3,0,0,0,1,0.1209415374508211,0.00799029730881,8.917516941482912,0.0200545258913058,6.848610265076946,3.929299938191218,0.6960455761152304,89.84909963855337,10029631292.52519,0.000741645029783,0.1567615024280237,0.2087686955173463,0.220303438382267,0.1660392289531604,816634.0613539282,0.0242668024815246,0.139233750400889,0.0235162113392484,0.2087686955173463,0.7779457235336911,1.0,0.2087686955173463,0.0009957902556723033
3,0,0,0,1,3.72353620131478,0.0847388062830946,4.188358330160677,0.049416331806169,2.403486501958419,8.83362723604202,0.7085179043722287,78.77621009822282,15207500484.147797,0.001320492397296,0.1953047620196979,0.2094720478853989,0.1902759781300495,0.1406204525093558,3677735.7202969296,0.0181024739266735,0.0986107529302744,0.0175698353459816,0.2094720478853989,0.5673304677314311,1.0,0.2094720478853989,0.0009930605996131033
2,1,0,0,0,3.254526659765944,0.0295979946709064,1.5321217394272917,0.0846183837631382,4.062163693011903,2.441906543677456,0.5318272599465266,113.78022683603828,12664885185.789152,0.0014388909025943,0.42970492128964,0.5606315443214702,0.2710286272985297,0.1675588854536595,127116.17911330696,0.0367282584076626,0.2180032797332749,0.0349671875719153,0.2101681823430788,0.7466167611950475,0.3748775545575917,0.5606315443214702,0.000990366323509617
2,1,0,0,0,2.3829580754054827,0.0862648021546824,2.152328421955723,0.043503563755998,1.859368245181616,5.852715075421462,0.6406083843323337,109.16754912392516,13291399870.925903,0.0011301711724941,0.1789781622375814,0.2108366550458396,0.2039588188568261,0.1517012547962226,2943229.732766922,0.0207995998947358,0.1116527626310531,0.0202459164709213,0.2108366550458396,0.3746379499471002,1.0,0.2108366550458396,0.0009877859879349484
5,2,0,0,0,3.7465780934942856,0.0744782291257887,2.396752825929013,0.0786866946614772,3.284205208880762,5.296562685684494,0.1044442177509182,66.50049336480095,11116421571.355087,0.0010922945954403,0.1890222415744636,0.211372738491815,0.1964074439856733,0.1549113292736622,2637899.219667339,0.0192879420264927,0.1094496423339614,0.0188760462300527,0.211372738491815,0.3882945692530171,1.0,0.211372738491815,0.0009857215394204967
3,1,1,0,2,0.4483898008855465,0.0645852601553457,0.6998134822295841,0.079579458303033,0.7484215130443286,2.36494576046141,0.2050113285304195,86.44898318075121,11716147324.515306,0.0014612828274517,0.2163547003953227,0.2117424002104295,0.1793322167679378,0.1529914274468646,6386083.1343992455,0.0160800219854513,0.0655155717602968,0.0159335376370077,0.2117424002104295,0.3850293958590776,1.0,0.2117424002104295,0.000984300492175275
2,0,0,0,1,3.68550603347926,0.0795621942953482,0.7003801155937173,0.0735965305959937,1.7773101760928485,2.6088287441316047,0.6449721359486856,99.41608056116306,16306154076.827627,0.0012033394149747,0.1865290663622234,0.2123656570354275,0.1991647821102934,0.1635363286482955,3405796.103907123,0.0198333052165203,0.1136672929375558,0.0195059233154206,0.2123656570354275,0.1972397673486328,1.0,0.2123656570354275,0.0009819092162253046
2,2,0,0,2,3.640979701432186,0.0727814921763052,5.662343694331106,0.0131220611287339,5.66695766868616,6.365444068085875,0.5165638185284512,73.39524983527927,19522103488.44761,0.0,0.2349569841228954,0.3424308817465713,0.2718959908798212,0.1980010491830196,3266721.6399170063,0.0369637149282599,0.2174124923688211,0.0352830891429444,0.2124724484289371,0.3342009969211278,0.6204827302526567,0.3424308817465713,0.0009815000685210028
1,0,0,0,1,1.820133584607126,0.0305727441835552,8.896140303064334,0.0499787659396711,8.569654312538898,8.947998818896657,0.6138558282281549,83.38846925045974,11355713986.272291,0.0010758390241594,0.2596482401920388,0.353012413883971,0.2602961760698847,0.1752442666279123,886484.245470651,0.0338770496383022,0.1891853199557279,0.0325864416256827,0.2124961967697101,0.504895477166389,0.6019510601107471,0.353012413883971,0.0009814091051581519
0,1,1,0,2,4.909873929512413,0.0950931445728532,8.003283060008348,0.0974339204822159,9.025925518848831,19.94069019603581,0.5070141986647899,107.9245429562119,18866863414.62586,0.0005509331223075,0.2257407994397978,0.213093907255849,0.1736665639710643,0.1447601847950961,5666078.9850393,0.0150800377207578,0.0777597180890806,0.0149428662451468,0.213093907255849,0.4749219668030349,1.0,0.213093907255849,0.000979122466457237
3,0,1,0,1,0.3617974025007274,0.0532597286147477,5.302945398255938,0.0195310260001813,3.0385898204311537,8.047410456338458,0.4657903447779019,103.77637175669342,14128780664.94917,0.0009170556470772,0.4936550667383479,1.112153820874246,0.4915302421268305,0.4156554743908869,16951389.500678763,0.1208009894626303,0.3965333553364124,0.1132207082731105,0.2133053553662433,0.4957657364339778,0.1917948321200456,1.112153820874246,0.0009783148137183786
3,1,1,0,1,4.084112127789205,0.0702264644364711,7.097241746009599,0.0218111358029771,1.7495281696313614,16.988361179396282,0.6449332266345205,103.89665085465164,13558761044.840626,0.0011531235124602,0.2262361571251291,0.2143343765392572,0.1740686973813546,0.148366168889453,4333840.746669077,0.0151499557040208,0.0844034445635563,0.0150110299491236,0.2143343765392572,0.4542865212113753,1.0,0.2143343765392572,0.000974393837497257
1,1,1,0,2,2.041370529264153,0.0953433819503831,9.056635246572212,0.0538300874990395,7.286499496195648,15.982009265706496,0.8225358089794784,67.06260488862463,18911556790.8735,0.0006671922377915,0.1703666091468347,0.214648107272827,0.2143522304336543,0.1489961655879029,1539986.1424592242,0.0229734393459412,0.1322470484123391,0.0223905899447945,0.214648107272827,0.4918268234280175,1.0,0.214648107272827,0.0009732015286287558
3,2,0,0,1,3.4033095470389405,0.0762650966748487,7.457809956972739,0.0049709678253119,3.1196258691677747,1.75534819432212,0.2824449746664023,86.15383633990334,11414622542.63748,0.0,0.1621435370031758,0.2147834706181516,0.2218177410126438,0.1644746662225236,2758554.8658758653,0.0246015551139761,0.1390301365312373,0.0239488580219323,0.2147834706181516,0.3351293006986158,1.0,0.2147834706181516,0.0009726875415770501
3,2,0,0,1,3.4033095470389405,0.0762650966748487,7.457809956972739,0.0049709678253119,3.1196258691677747,1.75534819432212,0.2824449746664023,86.15383633990334,11414622542.63748,0.0,0.1621435370031758,0.2147834706181516,0.2218177410126438,0.1644746662225236,2758554.8658758653,0.0246015551139761,0.1390301365312373,0.0239488580219323,0.2147834706181516,0.3351293006986158,1.0,0.2147834706181516,0.0009726875415770501
1,1,0,0,2,1.220745634881221,0.0673183438778428,8.849535423732627,0.0844441576116803,9.731431476694873,13.149294429634873,0.7900715140879161,86.38342181130474,19385081434.8272,0.0008195037997985,0.1593238757736939,0.2157610765111376,0.2256048580188639,0.1707544384528539,3548229.288413104,0.0254487759808558,0.1400144020111898,0.024621293563778,0.2157610765111376,0.5627714928322801,1.0,0.2157610765111376,0.0009689835330660062
3,0,0,0,1,4.654150089720583,0.0868977911410244,3.460416717352874,0.0592109488447043,2.2268982025155077,7.078537349206317,0.790750263852778,69.35810000120642,17393164094.239624,0.0008473375866208,0.1939476617777637,0.216437743852947,0.198160806346385,0.1805462824776766,4987053.481199668,0.0196338525859247,0.0992541861239866,0.0194371418922136,0.216437743852947,0.565701894934681,1.0,0.216437743852947,0.0009664280010863773
3,0,0,0,1,4.654150089720583,0.0868977911410244,3.460416717352874,0.0592109488447043,2.2268982025155077,7.078537349206317,0.790750263852778,69.35810000120642,17393164094.239624,0.0008473375866208,0.1939476617777637,0.216437743852947,0.198160806346385,0.1805462824776766,4987053.481199668,0.0196338525859247,0.0992541861239866,0.0194371418922136,0.216437743852947,0.565701894934681,1.0,0.216437743852947,0.0009664280010863773
1,0,1,0,1,2.966051373535816,0.0440414954994729,7.922242957298801,0.0221255001583382,0.3733156575514951,5.336551562777543,0.7454660524292394,107.41991280800964,15862345628.032804,0.0008543108768119,0.2519840909544718,0.3365463978045119,0.2536463509826898,0.1708019769396453,990808.6648376422,0.0321682356834169,0.1845643812895826,0.0309746935113421,0.2170321035827016,0.4496917151051253,0.6448801859075848,0.3365463978045119,0.0009641888762288109
2,2,1,0,2,1.1220139387143495,0.0637599735604384,1.8117808142191905,0.0054698729419678,7.617121801803045,12.91434666957705,0.2165568027747701,106.49478386228265,13796332608.846235,0.0,0.3403310087375964,0.4338100450597674,0.2565427802740535,0.2099942880309674,7267005.832628637,0.0329070990553706,0.1914884719466326,0.0321121369715617,0.2170384955966245,0.2863837216476809,0.5003076762934855,0.4338100450597674,0.0009641648238830277
2,2,1,0,2,1.1220139387143495,0.0637599735604384,1.8117808142191905,0.0054698729419678,7.617121801803045,12.91434666957705,0.2165568027747701,106.49478386228265,13796332608.846235,0.0,0.3403310087375964,0.4338100450597674,0.2565427802740535,0.2099942880309674,7267005.832628637,0.0329070990553706,0.1914884719466326,0.0321121369715617,0.2170384955966245,0.2863837216476809,0.5003076762934855,0.4338100450597674,0.0009641648238830277
3,0,0,0,1,4.984027922882029,0.0351949162230047,3.3095842605834247,0.0031300063212138,0.246368766443595,4.71061745716968,0.6964630716482679,119.41564504398964,11980787279.906338,0.0,0.1863796243953572,0.2171563029476911,0.2040572781493893,0.140533797991971,2000249.7880036607,0.0208196863828686,0.1152332698108246,0.0201946602693308,0.2171563029476911,0.3354725998518868,1.0,0.2171563029476911,0.0009637216370311371
2,1,0,0,0,2.1128849312139626,0.0755702063176411,7.674148578407856,0.0870408591561686,6.035779830492,1.1857724421507072,0.557253369720562,104.6137466118569,12543633154.4637,0.0012247619470505,0.1753636563411442,0.2579483833984414,0.2526195251107637,0.1811039610736229,2345946.22728564,0.0319083122335938,0.1819729476067221,0.0307996136451457,0.2173335692795113,0.4365022697408848,0.8425467390652565,0.2579483833984414,0.0009630551515740155
2,1,0,0,0,2.1128849312139626,0.0755702063176411,7.674148578407856,0.0870408591561686,6.035779830492,1.1857724421507072,0.557253369720562,104.6137466118569,12543633154.4637,0.0012247619470505,0.1753636563411442,0.2579483833984414,0.2526195251107637,0.1811039610736229,2345946.22728564,0.0319083122335938,0.1819729476067221,0.0307996136451457,0.2173335692795113,0.4365022697408848,0.8425467390652565,0.2579483833984414,0.0009630551515740155
1,1,0,0,2,4.398166109923441,0.0803651791828443,8.771229510969958,0.086106710687481,9.328407876463585,14.007718001951982,0.8001970544227492,101.0445071192492,17586811125.006775,0.000730954308782,0.3664820645519773,0.4924380023812931,0.273321867337528,0.209518928357214,5230906.907360793,0.0373524215824366,0.2279031559584268,0.0358375136339947,0.2179321503314137,0.3892244471280794,0.4425575387714891,0.4924380023812931,0.0009608080123630253
1,1,0,0,2,4.398166109923441,0.0803651791828443,8.771229510969958,0.086106710687481,9.328407876463585,14.007718001951982,0.8001970544227492,101.0445071192492,17586811125.006775,0.000730954308782,0.3664820645519773,0.4924380023812931,0.273321867337528,0.209518928357214,5230906.907360793,0.0373524215824366,0.2279031559584268,0.0358375136339947,0.2179321503314137,0.3892244471280794,0.4425575387714891,0.4924380023812931,0.0009608080123630253
1,1,0,0,2,4.401856811629363,0.0804456679940838,8.766176641455614,0.0862995094067325,9.345923573311795,14.014244117043772,0.7991679358500469,100.84225432424245,17545374376.720272,0.0007329553810408,0.367262916311226,0.4940808024222143,0.2737377391236401,0.2098851870119031,5243102.515690602,0.037466174910261,0.228697185279602,0.035943123750311,0.2186158042110696,0.3894981741192047,0.4424697400492248,0.4940808024222143,0.0009582479137905286
3,2,0,0,1,4.296897850874663,0.0593650093072975,6.658263121940929,0.0592606293598764,2.197468434717765,9.978138560060534,0.4216125227548581,60.41357531956021,12505904072.173077,0.0010349803890155,0.1636214773025177,0.2191549581320457,0.2259283559777443,0.1909233673111808,3103568.4678629483,0.0255218110174031,0.1266965023781094,0.0250181739800826,0.2191549581320457,0.5726536277049937,1.0,0.2191549581320457,0.0009562337404297748
3,0,0,0,1,0.7090430259962596,0.0750589812101555,4.020451526675497,0.0458658962938264,6.139422069281758,3.685891768696288,0.395657124811246,81.7108338268346,16185598871.092005,0.0009227732938019,0.1702095161333358,0.2191850739550185,0.2199874302263389,0.1823415393436793,3529376.750152143,0.0241972347287941,0.1216425159818885,0.0236785373673782,0.2191850739550185,0.5817670057723163,1.0,0.2191850739550185,0.0009561213585468589
3,0,0,0,1,0.4558865426015062,0.0993907125628024,4.655348937763169,0.033124073611376,3.001579468164944,3.465272925267314,0.4694190957975372,75.50719701725242,10765383455.576555,0.0009166974642552,0.4339407349806583,0.8343776826032928,0.4099320751732656,0.3514664453174984,12540239.627723778,0.0840221531279299,0.3265841070931953,0.0802373203932118,0.2199173767246659,0.4900244353457481,0.2635705404278248,0.8343776826032928,0.0009533927183262549
4,0,1,0,2,0.7214598533765532,0.0101145716949019,1.0822489318438464,0.0113878325722863,3.1598900416829543,15.098414090079066,0.1187210234958243,107.95554767409617,10615883907.392456,0.0,0.1414391395395783,0.2201801575324209,0.2393002772358703,0.1685138276660567,1933325.347080112,0.0286323113425821,0.1654269867564637,0.0277082242546513,0.2201801575324209,0.6997666725319123,1.0,0.2201801575324209,0.0009524154679994894
4,1,0,0,0,4.4351595819658485,0.0918462883475438,1.8423299560776047,0.0963467137251064,4.105315204962788,2.71264500683134,0.8062110478215766,122.33936787986464,14000356495.712864,0.0010311632578014,0.1387954840511022,0.2206005042729778,0.2401038677407238,0.1738120369335379,1892126.599013702,0.0288249336520275,0.1626239161641216,0.0279090167727691,0.2206005042729778,0.3131127636218539,1.0,0.2206005042729778,0.0009508543311534001
4,1,0,0,0,4.362408873036095,0.0934877639270978,1.913285168000556,0.0947357461480475,4.209603516652977,2.809326307816134,0.811474308904265,121.95989626588012,14020061839.22298,0.0010426073044899,0.1445349878530427,0.2209743171467137,0.2402054577515682,0.1752143166887228,1965852.1956771445,0.0288493309668202,0.1626092423377513,0.0279452477920173,0.2209743171467137,0.3287928364300811,1.0,0.2209743171467137,0.0009494681674646597
4,1,0,0,0,4.422117388941681,0.0928399436475335,1.7250463716822977,0.0977049706532855,4.090995737023933,2.657963592013205,0.8220172794090894,124.10009700388709,13991863120.52645,0.0010463062412624,0.1377338082950148,0.2212327891899674,0.2408060580499359,0.1743962158029457,1868256.4738704048,0.0289937787967745,0.1642252098586473,0.0280692338278641,0.2212327891899674,0.2985555895962912,1.0,0.2212327891899674,0.0009485108896674347
3,2,0,0,1,3.4938184962004204,0.0819413952691757,8.383245282031686,0.0050096116699163,6.583322793782978,4.710511564938528,0.4093107267310089,77.30682220841913,13221689503.137,0.0,0.1852057782791051,0.1777999410471031,0.1670732005802155,0.1385540918668278,3875976.59915551,0.0139567271760584,0.0776396978305442,0.0138120228790946,0.2222365417323119,0.3348844235835747,1.2499247211417053,0.1777999410471031,0.0009448025317207504
3,0,0,0,1,0.2092988484822018,0.0079135138998614,9.181138004462786,0.0212695167376935,6.960757422753368,4.3904713808985925,0.7028895712874766,90.10206119771178,9943949011.75784,0.0007367800839324,0.1578028662386714,0.2222367710963255,0.2332588930720198,0.1593053153161288,687972.6655619799,0.0272048555985919,0.1597986265750228,0.0260373065303743,0.2222367710963255,0.7956510178597277,1.0,0.2222367710963255,0.0009448016859957668
3,2,0,0,1,4.8788389860009,0.0371928712512827,4.577070067388007,0.0911417533892724,0.2749995789228773,3.2073203074959493,0.3373839275171612,66.31126265376804,10564231648.363338,0.0010250817425445,0.1997947418131469,0.2224205029514264,0.1990099885411678,0.1638629471624459,4103262.195670436,0.0198024877695778,0.1067793969899714,0.0193980194056248,0.2224205029514264,0.4751889281490375,1.0,0.2224205029514264,0.0009441244618237651
1,0,1,0,1,1.7243351872537485,0.0564674758435246,9.491019790273542,0.0309413922870417,3.4504916217649697,5.040726948786895,0.7301995397705243,116.54842343478371,18958585745.679253,0.0010815645880832,0.1783928162616848,0.2224735137849364,0.2159204387284562,0.1836324261051006,3135008.1596379327,0.0233108179303445,0.1233251747280171,0.0228894083852485,0.2224735137849364,0.604429327161246,1.0,0.2224735137849364,0.0009439291574424307
0,0,0,0,0,0.9883647244202692,0.0166237403781275,6.173792476034567,0.0893934675475295,8.320193106286023,2.0430776118030685,0.0626871861387561,120.27191130203474,9843586569.211998,0.0005792884017269,0.6355331709172256,1.2568922787867494,0.4212669546520991,0.2899165800385585,556009.959011805,0.0887329235409268,0.6582853822907604,0.0822225928166795,0.2228118815455255,0.4244158894717422,0.1772720584779158,1.2568922787867494,0.0009426834826250199
3,0,0,0,1,3.3060694173834,0.0937465573266595,2.1337225075832245,0.0907463298342152,1.6519882157040744,3.142393267994558,0.4020921527213708,103.79834094433788,13385750757.15874,0.0014610272297501,0.1830108261246844,0.2230268908584607,0.2122183683036284,0.1932629604646891,3765234.477334665,0.0225183179227272,0.1270122930752779,0.0222534250433989,0.2230268908584607,0.6109502051425382,1.0,0.2230268908584607,0.0009418927967193199
3,0,0,0,1,4.546281775165837,0.0894345741917514,8.890314720314858,0.0074327578905347,3.5362399641211097,3.349803022662166,0.3231938663592487,76.85894913272179,13728866635.084568,0.0,0.2546234362777249,0.3340679263373745,0.2495330053355152,0.1580723342553938,721558.901152998,0.0311333603758871,0.1823604618782348,0.0295682039111739,0.2230336132047403,0.4603793424471652,0.6676295316644649,0.3340679263373745,0.0009418680863244569
2,1,0,0,0,4.260855792767725,0.0402072935204825,1.6182731694351318,0.0766428158021519,2.7624521698554974,3.7000976555855054,0.3126407938397504,128.8910874586341,14167330995.722868,0.0008689409012916,0.1491965580107508,0.223448104184319,0.2426651906160505,0.1723338050941724,1642495.0746724647,0.029443197368362,0.165014087834408,0.0284434104810542,0.223448104184319,0.2953825397272627,1.0,0.223448104184319,0.0009403457276844223
4,2,1,0,0,1.139187413502465,0.0250670353747516,1.3589790979539682,0.0774283349359711,3.5058420646506128,2.101997878015041,0.1085355759336578,115.6923415753942,9239216926.580894,0.0014137074443713,0.2266445607776467,0.2248677948855981,0.1830652598249697,0.1229825058404816,184780.42009973337,0.0167564446773918,0.0865765106421024,0.0164474190595167,0.2248677948855981,0.95496006077698,1.0,0.2248677948855981,0.000935150055405493
4,0,1,0,2,0.716973177793273,0.0101085665511403,1.1041134500779468,0.0113792024354631,3.146139710150339,15.047031871595664,0.1167380701917271,108.07503142495706,10589255961.702757,0.0,0.1492282770254118,0.2248817371064245,0.2439200188801501,0.1708886549460759,2762691.718985906,0.0297484878052464,0.1720176563352807,0.028678690149314,0.2248817371064245,0.6794025590625979,1.0,0.2248817371064245,0.0009350991733704967
3,0,0,0,1,3.3511215128720675,0.0715639718231482,5.413893075125266,0.0553013456176163,8.672157014653179,9.684697645018751,0.8207469808113474,66.51039623311397,16689666302.472595,0.0012081847950889,0.1772211266455512,0.2255875851280259,0.219729822524533,0.1867740490883677,3358043.230540497,0.0241405974533314,0.1319613327486143,0.0236751418150991,0.2255875851280259,0.6200023866001259,1.0,0.2255875851280259,0.0009325268008388034
3,1,0,0,1,4.743327800650898,0.089653793612999,3.637154840014908,0.0744617024517031,2.26319824895533,3.8326325359221247,0.6317008263261471,84.33588437339344,14648516739.38426,0.00099407922058,0.1866316201963366,0.2258381016131252,0.2118201307530011,0.1619589858372688,2145002.3382161804,0.0224338838961092,0.1295105554654528,0.0219459381560012,0.2258381016131252,0.5350439416342168,1.0,0.2258381016131252,0.0009316155281088128
5,2,1,0,2,2.9216814973373864,0.0902877038810923,7.539047394176814,0.0188747672072093,9.797323204454084,3.779209007661708,0.6960926500296137,86.54897562811186,15427652974.118317,0.0010924865941777,0.1503478320106866,0.2259237703837318,0.244740317930097,0.1694911494417822,2239684.377429758,0.0299489116102624,0.171315312380399,0.0288249686527104,0.2259237703837318,0.443956948985041,1.0,0.2259237703837318,0.0009313041058277435
4,1,0,0,2,0.7396963854873284,0.0122790049317162,7.637487148344624,0.088249581025138,5.758301770147945,6.483856987039032,0.3035218461291935,79.88984121204489,10969056060.169422,0.0010442065229798,0.2527412085099156,0.3495190427838999,0.2625506976149497,0.1696652636175287,276109.77917144675,0.0344664344090483,0.2037572724935539,0.0331134108044664,0.2262816361334932,0.8110229902474245,0.6474086056404037,0.3495190427838999,0.0009300043210712801
3,1,0,0,2,1.8802853061385072,0.0662150608701681,5.473254367671856,0.0488133373173602,2.327471757830913,4.185643383117594,0.2679450462911956,78.34313179611483,15710710806.46223,0.0013364347418461,0.2324131244812352,0.2275347906833794,0.18123782460918,0.1533787652599358,4752508.527654172,0.0164235745345339,0.0925903045093896,0.0162600302428338,0.2275347906833794,0.4728986860663595,1.0,0.2275347906833794,0.0009254670882252439
3,2,1,0,1,4.076375443045444,0.0377637042419522,3.3497564030282563,0.0848530687995939,4.395589018409319,1.9221574848151048,0.120357673325683,65.90227967682623,9690583957.781645,0.0012927983135058,0.171791462967641,0.2277767469019933,0.2263029983077127,0.17058191064522,2702860.3087305683,0.0256065235215303,0.1457362045681226,0.0248851843046302,0.2277767469019933,0.4367311749968373,1.0,0.2277767469019933,0.0009245936025988376
2,1,1,0,0,4.509618105643758,0.0469136042736386,4.324259880087739,0.0574498549693968,1.2018929664775402,7.02037016769907,0.4180378533441732,113.8439631496372,12716941370.073725,0.0008206887559219,0.20016770203757,0.2105481297169565,0.1877893924476894,0.14741875655282,3108090.3795671253,0.0176324279579361,0.0969551590529922,0.0173175047536732,0.2279724822798263,0.3583570497984158,1.0827570997011164,0.2105481297169565,0.0009238875819991601
2,1,0,0,0,1.658358043688145,0.0578260724368326,8.122289719444774,0.0381035310264221,7.825926627680414,11.277441148109729,0.7024237783467492,75.92297170964609,16645537278.13918,0.0008148658941646,0.1834588288160686,0.2287404730805153,0.2171487837771717,0.1734437416078353,3891362.677526503,0.0235767971479524,0.1362445146747903,0.0230918366570062,0.2287404730805153,0.5570785279677404,1.0,0.2287404730805153,0.0009211226306234449
3,2,0,0,1,4.290604440531224,0.0593031648048757,8.474665254734381,0.0610949879153656,1.1316135132141252,5.250341671007356,0.5829799962214346,60.33302538078796,12199639803.936527,0.0010441513379221,0.2185751508041487,0.2291222399587192,0.1917159973008824,0.1492219695105508,3059885.677499404,0.0183775118105359,0.0999223345213449,0.0179814022641646,0.2291222399587192,0.4593508395100105,1.0,0.2291222399587192,0.0009197512587588672
3,1,0,0,2,1.8584649541822928,0.0654851800805481,5.585664382943375,0.0514523583320929,2.710130373327145,4.930706698006489,0.2771292429986863,78.39599114812108,15812948649.892296,0.0013630202426481,0.1852418434230839,0.2297185202218546,0.21686301512852,0.1682798180249458,3138725.0559175527,0.0235147836653163,0.1313046151575214,0.0229348155629952,0.2297185202218546,0.4621121309541151,1.0,0.2297185202218546,0.0009176134018753352
4,2,1,0,0,4.367184703666216,0.0355337071689212,9.458603327077428,0.0898830861615806,8.151657688623715,9.327624888353933,0.0566855091602742,71.4027373041725,14075619518.782978,0.0011836882708159,0.1737540742407142,0.2321012349114123,0.2287143815331264,0.1768417984181923,3074155.3699070355,0.0261551341600402,0.1511751746436986,0.0254550360105211,0.2321012349114123,0.4399607697967093,1.0,0.2321012349114123,0.0009091200887654113
2,1,0,0,2,3.624204896975757,0.0990101801727433,5.203988867592799,0.0854738202454579,0.3262201884217321,7.572931411263264,0.2661580157366607,117.13608626426144,12587588467.569714,0.0010153757800867,0.2084499041727216,0.2330706268163095,0.2018968670144992,0.1597067160940008,3910590.5910579534,0.0203811724551351,0.1170174868526386,0.0198489348635952,0.2330706268163095,0.4703659032667405,1.0,0.2330706268163095,0.0009056871788146777
2,1,1,0,2,4.249417783804929,0.0729435303149811,0.6322343366961846,0.0951346437353857,2.8409993159315143,5.922853855136348,0.4607431492861343,120.47135483381489,13813349352.945034,0.0010845423622227,0.3684467680343884,0.5742206915438781,0.317229414810844,0.2496663031051946,6417589.085760618,0.0503172508106152,0.317321448401114,0.0481062479168445,0.2348315853414708,0.3338897139346349,0.4089570243630389,0.5742206915438781,0.0008994842200657318
4,2,1,0,0,1.2133393746688057,0.0253338527713821,1.192567828410207,0.0738199666514392,3.4061602985358688,2.362787400016874,0.1233289664225334,117.80005736810674,9455053647.626278,0.0013903471081661,0.2348945038633101,0.2348403031859447,0.1859536446557284,0.1249962261342907,144176.03150287556,0.0172893789803744,0.0927874556870074,0.0169602451013919,0.2348403031859447,0.9169470575297028,1.0,0.2348403031859447,0.0008994536174672341
1,2,0,0,2,2.4015621321552887,0.0461384967297429,9.00997254371704,0.0136287044914258,9.58602879352971,9.539389408897268,0.1497059961390932,73.37482800388773,10083497200.809948,0.0,0.3294570109199832,0.4484822641254283,0.2731667897838507,0.1780393506133398,534988.8400846026,0.0373100475204072,0.2109010967531581,0.0357124186268952,0.2349366531093666,0.283239935742672,0.5238482586764261,0.4484822641254283,0.000899115465807426
5,0,0,0,2,1.5192068608851803,0.0249887253290277,6.549282319934186,0.0777211402881418,5.015829373671129,19.80877498226737,0.8405686349700366,94.4546202924626,15236107077.558697,0.0006718281198035,0.1631559772315133,0.2356368094372906,0.2422221363976577,0.1611802635961687,757808.2753698464,0.0293357816805227,0.1668639243492969,0.0283304550825469,0.2356368094372906,1.2356940795574631,1.0,0.2356368094372906,0.0008966619983822665
1,1,0,0,2,4.513612353156373,0.0591905527002657,9.771776878004207,0.0521144515330115,9.407368288767284,14.171252129865191,0.800727893554151,117.73823325037216,16430714809.733328,0.0005569072159821,0.1908877487004936,0.2357924450173174,0.2190535853786403,0.1649551132907642,2645010.581989584,0.0239922366336186,0.1141890541480432,0.023405079736842,0.2357924450173174,0.368030499698651,1.0,0.2357924450173174,0.0008961175348557674
1,2,0,0,2,0.1668784460642372,0.0097409502596444,2.445502761249703,0.0274018926655541,9.039018845418722,9.227999965114172,0.1871437072136473,98.37325712655542,9633128949.54185,0.0009691679683774,0.4052844806292001,0.665993641551584,0.343979554930063,0.291382807173836,11401087.562941004,0.0591609671049421,0.2781860781190786,0.0572555984861341,0.2359628314588936,0.4248296882956164,0.3543019283324753,0.665993641551584,0.000895521847134625
3,0,0,0,0,4.198626444904486,0.0535708834809992,2.919813661484604,0.0908814969329428,3.203597662073626,2.600650203568833,0.4611947302461227,75.67100918081138,12289554720.426315,0.0013665539787223,0.2079257536137696,0.2366585300687336,0.2055002932188853,0.1491190525763032,2773921.802026465,0.0211151852565239,0.1202396714968424,0.020395850967268,0.2366585300687336,0.4332960914004168,1.0,0.2366585300687336,0.0008930937228823036
2,1,0,0,0,3.4902898042183628,0.0395177720552238,2.574003382989894,0.0414931755616428,8.398024685069315,11.804745440977207,0.7018426575568019,122.00309414858336,9862602585.421535,0.0005645769400072,0.2038379283696473,0.236732549307218,0.2085678172303453,0.1504324414358461,1948950.9030582677,0.0217502671921153,0.1244632855202476,0.0211332257095896,0.236732549307218,0.4941754677742854,1.0,0.236732549307218,0.0008928357690705557
4,1,0,0,0,2.821313059416421,0.0346120736437373,3.013170084054273,0.0937201091336688,2.0166813951511053,15.254039560220011,0.2431583384913939,123.81482426118312,19912100866.16991,0.0011090080991813,0.2031211320897983,0.2369464466670079,0.2092807438263095,0.1432821153782795,1731131.8881646038,0.0218992148682466,0.125651876774305,0.0212327684205022,0.2369464466670079,0.3798904640166421,1.0,0.2369464466670079,0.0008920907647775276
3,1,0,0,1,1.80834449421352,0.0655785716369822,5.122167924453654,0.0499856730584338,2.86830375193062,5.274627042831071,0.2672124633286704,78.04451546423428,17363076815.08375,0.0011753676980692,0.233453777804431,0.2373829177543962,0.1886721659708124,0.1587632048394596,4164996.5245000194,0.0177985931060589,0.1007784229320182,0.0175446951622981,0.2373829177543962,0.469138961887539,1.0,0.2373829177543962,0.000890572464354704
1,0,1,0,1,0.2097962528078167,0.0707061818449102,7.53797044492648,0.0279633379641161,4.914962164692271,11.868534617184814,0.4461886464789046,86.96229979656127,14084225539.283602,0.0009730009614473,0.183013462204766,0.2376645334615208,0.2262634815428856,0.1596608621147497,1532467.7160929197,0.0255975815399538,0.1437300595283125,0.0247846574162333,0.2376645334615208,0.47011962753472,1.0,0.2376645334615208,0.0008895942128412426
1,0,1,0,1,0.8233868045981302,0.0770513247255763,6.129876073965367,0.0180137216882349,5.769896010704721,3.648667600247948,0.6026374277250413,96.83518023706344,13016292136.504082,0.0,0.1538607093570699,0.2379074641522737,0.2540002017350455,0.1782527795474278,1537351.200774448,0.0322580512407219,0.1816652394539299,0.0311417954175625,0.2379074641522737,0.2755680945214334,1.0,0.2379074641522737,0.0008887512052143319
1,0,1,0,1,0.7922610217826249,0.0752508182514331,6.322470633133628,0.0184805648585206,5.770488235610478,3.728511217914362,0.6040991736708585,96.67122676449029,13085061850.179665,0.0,0.154225474970589,0.2381347268550597,0.2538599865016417,0.1781752277238503,1535093.3034452372,0.0322224463733068,0.1814662238895703,0.0311086298013046,0.2381347268550597,0.2756802063128851,1.0,0.2381347268550597,0.0008879632912172034
1,0,1,0,1,0.2167377298417114,0.0708719900191937,7.553095698763278,0.0278446782883613,4.891366869177453,11.902308021189866,0.4444615383344447,87.15785817222262,14122228128.80049,0.0009739680773119,0.1837052367751666,0.2385016314206762,0.2264751089767627,0.1595593089526322,1523065.9151016148,0.0256454874930182,0.143907443158329,0.0248292701451391,0.2385016314206762,0.4700141522841355,1.0,0.2385016314206762,0.0008866927163619436
5,0,0,0,2,4.3819142546241485,0.0226471650336847,6.372940803826975,0.0758202336203989,6.526082799014523,19.6909974255372,0.838831783305988,93.6327680412358,14973555341.719666,0.0006862855078751,0.1499477146641184,0.238742579716099,0.2586038504428991,0.1653359117891252,594693.402166255,0.0334379757319466,0.1952004463966309,0.0318561527105096,0.238742579716099,1.055744165929671,1.0,0.238742579716099,0.0008858593118472511
1,0,1,0,1,1.6649488111084672,0.0529381489419402,8.937196570178811,0.001940888028862,3.482870181107242,6.733865023298172,0.7824765226651259,110.17583216114298,19741057907.84499,0.0,0.1808290805634372,0.2389092475407425,0.2291474253652503,0.1585688716975426,1493030.974674252,0.0262542712757614,0.1510519390725906,0.0254575082550664,0.2389092475407425,0.2859627852189484,1.0,0.2389092475407425,0.0008852832908531667
1,0,1,0,1,2.3435657370403846,0.0313418725700569,3.478786999125432,0.0107151373009718,7.879013679706553,1.3167892640396357,0.2704627219903889,102.69908099283828,15851456552.56522,0.0,0.232264388894912,0.3356955706962723,0.269064923661643,0.1809032475460633,909280.9875680972,0.0361979665725228,0.2090672487122692,0.034799206198319,0.2390760710398877,0.2749054212592187,0.7121811900705619,0.3356955706962723,0.0008847071069087745
1,0,1,0,1,0.2205737568797125,0.0708444940876068,7.5557509352410595,0.0278191305683415,4.900356496903437,11.91398342042936,0.4450786927610846,87.24508856193762,14104231326.966713,0.0009738850679616,0.1842138504057671,0.2391517415572738,0.2266620555580346,0.1595212920339565,1516498.6432520202,0.0256878437148967,0.144093310961374,0.0248688943292541,0.2391517415572738,0.4700897322186643,1.0,0.2391517415572738,0.000884445875663797
2,1,0,0,2,4.1460113060266695,0.0387716034398316,5.299668622974496,0.0253959117168647,4.284429734329315,17.440499766708847,0.2154941047804971,128.94249431461748,11790352234.094706,0.0012829467877741,0.1763706527541236,0.240630263180916,0.2350161164626479,0.1629571970260251,2521504.5409578886,0.0276162874985924,0.1541366056860574,0.0265816224863499,0.240630263180916,0.444352573413655,1.0,0.240630263180916,0.0008793571435578187
3,2,0,0,0,1.4269157303987503,0.0929518370669341,3.8269153491575274,0.0121101544071858,2.975504106825929,2.881763005971433,0.5205225416832105,67.23971031044454,19368079472.52124,0.0,0.2351369884864196,0.241165926619713,0.1906572215307778,0.1540129447155835,5132310.992081962,0.018175088060918,0.1035352940441929,0.0179364310639204,0.241165926619713,0.3585341163875934,1.0,0.241165926619713,0.000877520747062059
2,1,1,0,0,4.521582912482535,0.0468619649421959,4.335793837294828,0.0575748608379027,1.1775717356429336,7.096320200643973,0.4194157674670141,113.88721802203328,12739890193.72431,0.0008229761503775,0.2010687552039265,0.2111609163623345,0.1877132169561941,0.1472652382655331,3132203.586388753,0.0176181259100216,0.0970438035721635,0.0173047877524625,0.2415974807432063,0.3597220582898899,1.1441391944361767,0.2111609163623345,0.0008760440547340379
4,0,0,0,0,3.790437958695588,0.0483187461296308,8.990808002138632,0.041735138259116,9.72788116121975,5.400175507707207,0.5585858570683808,122.0864951396733,10051096461.51776,0.0009794684542409,0.1806543216134014,0.2418289879300964,0.2320982036050321,0.1740456084195183,2693105.495170148,0.0269347880583414,0.155048291019586,0.0261453520664703,0.2418289879300964,0.6311153491898879,1.0,0.2418289879300964,0.0008752529075737143
2,1,0,0,0,4.648690742539337,0.0391134352797959,1.828410598056737,0.0327012118263013,3.923197391730363,2.2508946786404493,0.7554666282706336,113.41020344082334,12202753630.894247,0.0010915904481058,0.1637470757736425,0.2422503073405513,0.2486888813182285,0.1757579776270705,2029846.5196406425,0.0309230798456559,0.1700926672246701,0.0297706038115267,0.2422503073405513,0.324016559991906,1.0,0.2422503073405513,0.0008738149335005116
4,2,0,0,1,4.076400733974911,0.0268928117330984,4.997552598949493,0.0209494925277784,7.349897241848383,8.998727380327827,0.2997287670904723,75.75382803232904,16988199788.773834,0.0012950183255617,0.1370511615858597,0.2428474602048056,0.2638797571968736,0.1856714219895105,1576271.874094059,0.0348162631291404,0.1991259070342614,0.0334626981774651,0.2428474602048056,0.4749447333408019,1.0,0.2428474602048056,0.0008717808815244714
3,0,0,0,0,2.9900811590999385,0.0584717664027269,4.619354901115002,0.061079089247692,3.2182014326299853,3.4104623244062022,0.5900173937437992,66.716821445644,12032820450.796436,0.0013911708232384,0.2141035059111332,0.2430524857441545,0.2065255904593109,0.1390321956526822,3138870.9214258566,0.0213264097572835,0.1226221983718895,0.0204548428500611,0.2430524857441545,0.4771635447344469,1.0,0.2430524857441545,0.0008710836057260399
3,1,0,0,0,4.514429900030405,0.0938288663356011,9.361444269090391,0.0308348400507503,2.8774978684012944,6.960065190396644,0.5093491911975068,85.99604640016055,11306417690.528044,0.001177490019763,0.1680948312741274,0.243946882965303,0.245777651197431,0.1713967669276366,2365417.2001963337,0.030203326914063,0.1731197075160052,0.0289172093312976,0.243946882965303,0.4898220399397797,1.0,0.243946882965303,0.000868048348051387
2,1,0,0,2,4.2783274323268925,0.0775523199195701,4.433332334521327,0.0945827131175092,0.3004188593506773,12.141039783046775,0.3815918931168297,126.42467329837316,14066442791.070898,0.0010119480397122,0.1705682534118267,0.2443561701970156,0.2447851330180794,0.1791155917282195,3863083.251598009,0.0299598806733394,0.1537351227617678,0.0287114017986579,0.2443561701970156,0.5796787254884423,1.0,0.2443561701970156,0.0008666629061091382
4,0,1,0,1,0.4952667350155518,0.020030165367858,9.615483302401476,0.0614678986136752,7.959749687173835,14.40380744129286,0.1671147945104092,74.04089045703937,9579140745.956276,0.0014309458554513,0.1401037410427102,0.2445320411800237,0.2649722263746207,0.1813720537116874,1140104.6888641233,0.0351051403749616,0.210904093814251,0.0336230543291368,0.2445320411800237,0.9449363470682128,1.0,0.2445320411800237,0.000866068260259518
1,0,1,0,1,1.6654543024787103,0.0512130805291589,8.787071567161224,0.0017376546426862,3.453480306645033,6.847910523805098,0.8009596346747166,111.1565939924513,19616183798.61148,0.0,0.1442788352289746,0.244785030673011,0.2654423072392528,0.1788804720608256,1324060.532349114,0.0352298092362489,0.2036727459276985,0.0337981818537887,0.244785030673011,0.2872210749844422,1.0,0.244785030673011,0.000865213580824459
2,1,0,0,2,0.9106585229742148,0.0463233854843462,4.2392027518817965,0.0987553040266823,0.5057284715020848,2.3824016902513154,0.3946456665014208,129.08955495710995,15815643014.281208,0.0010943925919991,0.2116374562857283,0.2449321802756063,0.2099438612139966,0.1707809823859423,4361218.562981786,0.0220382124307209,0.1270402667226119,0.0215491526062549,0.2449321802756063,0.4619051329483167,1.0,0.2449321802756063,0.0008647168504115102
3,0,0,0,1,2.254522373262006,0.0765011876436452,3.969924037147601,0.0465153339915522,6.2347913598704885,8.57460921875674,0.4005110375503877,81.01288482007455,16260480098.622375,0.0009115687285134,0.1908322605084549,0.2449486937187498,0.2269399955771159,0.184285103877409,2630746.0249827174,0.0257508807962707,0.1366047955670482,0.0251287398776627,0.2449486937187498,0.5752364703762209,1.0,0.2449486937187498,0.0008646611240625996
2,1,0,0,2,0.8788045392168647,0.0453416836554381,4.228222718119239,0.098412378064453,0.7620907968475288,2.373012383902186,0.4001998787135974,128.89907897918803,15790096691.445135,0.0010948710373355,0.2126674789520503,0.2450207293126964,0.209324885630209,0.1689764022876449,4184485.179584981,0.02190845387205,0.125132772148145,0.0214524289840311,0.2450207293126964,0.4483897473242571,1.0,0.2450207293126964,0.0008644180743814992
3,1,1,0,2,1.393086289859278,0.0391980616903066,3.0509248511908065,0.0879737200480534,2.0924666549626028,1.194019806076407,0.1803411583487784,83.79279014385575,18630064094.09128,0.0012665785592979,0.2294084952628551,0.2452233521501756,0.1977225828599449,0.1632279986937845,4682536.394670465,0.0195471098864038,0.1119375957579059,0.0192788642276748,0.2452233521501756,0.3999613497900692,1.0,0.2452233521501756,0.0008637347867555761
1,0,1,0,1,1.6765609805238475,0.0530301522484719,8.903155338881549,0.0018591115660658,3.492275141690464,6.513749496250916,0.8071959204181043,111.1925785819055,19798788437.53297,0.0,0.1392121911680522,0.2454372818597809,0.2663882890663021,0.1798859384844385,1356624.6533586013,0.0354813602758358,0.2054511716245951,0.0340248348057996,0.2454372818597809,0.2851646645602264,1.0,0.2454372818597809,0.0008630139560870232
2,1,0,0,2,3.448523912740555,0.0250886922819151,9.207322805756531,0.0447626415354351,5.478404875906326,15.634604687691786,0.2849352881783163,115.75145727725788,13817333792.11677,0.0011079831002968,0.2067657064534737,0.2459466237499853,0.2147346014205673,0.1687962731699075,3499647.911623356,0.0230554745236249,0.1283952606160565,0.022572340391391,0.2459466237499853,0.4704389012921077,1.0,0.2459466237499853,0.0008613001618909893
5,2,0,0,2,2.405183354967733,0.0345861523362399,3.463542061642287,0.0207964100840762,7.137456865297909,12.711733557656148,0.5891617591975675,76.36401912347199,18713801075.6345,0.0005682815680946,0.1772386978131007,0.2168860460917032,0.2108443928409106,0.1568485973244495,1656061.1551542094,0.0222276789962261,0.1277188526088697,0.0217322510414521,0.2480624745427463,0.5171981632462717,1.1437456628162297,0.2168860460917032,0.0008542172679832253
3,2,0,0,1,3.709746962233462,0.088422637321473,1.172529846853375,0.0712789421500522,0.5863852927347729,2.35243498491554,0.3229434198737563,74.00574872299666,19700682792.29489,0.0013138794908067,0.186566175817332,0.2060966127232793,0.1931872242530342,0.1559404758163498,3937589.79138563,0.018660651807296,0.106559286543552,0.0183070267624773,0.2482322499049293,0.2945231544148022,1.2044460441386506,0.2060966127232793,0.0008536514689911525
2,0,0,0,0,0.6008879934029305,0.0484291816716664,1.2711406767437248,0.0905235364695323,9.150009114348956,5.095551214888768,0.4464083361184502,109.841068778419,10042761727.454285,0.0007065488278567,0.3750063429544261,0.4951374525215158,0.2694673385001415,0.2260259903263702,7043046.01323252,0.0363063232591749,0.2196461661064246,0.0353623971102363,0.2484945484282694,0.2981847883396293,0.5018698285956693,0.4951374525215158,0.0008527780609283808
4,0,0,0,0,4.875480405406639,0.0461995380564261,1.2964589641732769,0.0651575163334043,1.2326420243371563,4.874408908339348,0.5386132810690758,125.29997232952309,13055264639.269575,0.0014035821006803,0.2073611512476368,0.248803169945444,0.21800825745698,0.1637543567823247,3144947.5331016174,0.0237638001597144,0.1101422400138042,0.0231408536375461,0.248803169945444,0.3008119022082851,1.0,0.248803169945444,0.0008517515496379348
4,1,1,0,0,2.730077668944745,0.0613960992516283,9.081362462585211,0.006530741478945,9.126590335225984,11.288121013568286,0.7559776213957085,73.37641843153827,14005965794.306252,0.0,0.1708394350645891,0.2493073117426901,0.2488669380311901,0.16036027480356,242339.04781902253,0.0309673764225101,0.1699480747423438,0.0296652015776104,0.2493073117426901,0.4314224178648213,1.0,0.2493073117426901,0.0008500773721562091
3,0,0,0,1,0.7435622856392385,0.0923380728347774,5.260243418450947,0.0041686071676662,7.137443919700929,1.9223429095825053,0.4158874008156251,69.12074481443126,9349012444.640615,0.0,0.400310335455437,0.6410005474800243,0.3374078883316782,0.2793133516293685,11042094.00702519,0.0569220415542211,0.2128629600252679,0.0550216886029142,0.2494380614428289,0.3817160850707964,0.3891386090440152,0.6410005474800243,0.0008496437101403466
2,2,1,0,2,0.4397395464110631,0.0164202709547408,9.881267909947464,0.0143440709396735,5.429335207052908,1.1966339478187291,0.0933159645022546,64.23549087602775,17175902881.393274,0.0,0.1719715711404056,0.2496418840587888,0.2480679676902684,0.177049403109887,2123941.1490984904,0.03076885829699,0.1695890246659617,0.0296691325396344,0.2496418840587888,0.3006803327015698,1.0,0.2496418840587888,0.000848968125876272
2,2,1,0,2,0.4397395464110631,0.0164202709547408,9.881267909947464,0.0143440709396735,5.429335207052908,1.1966339478187291,0.0933159645022546,64.23549087602775,17175902881.393274,0.0,0.1719715711404056,0.2496418840587888,0.2480679676902684,0.177049403109887,2123941.1490984904,0.03076885829699,0.1695890246659617,0.0296691325396344,0.2496418840587888,0.3006803327015698,1.0,0.2496418840587888,0.000848968125876272
3,1,1,0,2,0.5454634738013198,0.0876815333342209,3.960932223133766,0.0447878862614204,6.964479030194058,7.852285235958254,0.1529141931411791,63.74046120720441,18982844276.85813,0.001077115152721,0.165248662780398,0.2497770187734755,0.2551964338722234,0.1915998829606583,4085967.928270801,0.03256260993055,0.1722052043288021,0.0311501257815418,0.2497770187734755,0.5697625601533699,1.0,0.2497770187734755,0.0008485205086155797
3,0,0,0,1,3.876727963782968,0.0924351898639945,3.6472972344822256,0.0753563242157521,1.1416302480779503,12.341703464158757,0.5000740839305533,104.77761098375623,12834081723.511244,0.001331858226782,0.2006217526574605,0.2500281664783046,0.2234035994382494,0.1852596955962363,3167999.947572564,0.0249545841209828,0.1350800162971159,0.0244160393843511,0.2500281664783046,0.6292094261213537,1.0,0.2500281664783046,0.0008476892392717485
1,0,1,0,1,3.959862159317373,0.0833416744872137,5.529556061776904,0.096317231275919,1.3444551801311122,6.794344721165967,0.580266043690941,88.08272246436778,16705387999.339209,0.0012006332630575,0.1923168979168552,0.2509413063816507,0.2308266816992596,0.1690913715330715,2847033.396401336,0.0266404784921456,0.1492709412567071,0.0256561786719388,0.2509413063816507,0.4949324912106365,1.0,0.2509413063816507,0.0008446737110181447
1,1,0,0,2,4.674115834230901,0.0992913467735156,8.862149752260326,0.041329347057597,6.551526608632513,9.090572662772868,0.742018751813896,101.11742959766488,18716357145.03653,0.0006747105431008,0.1814832275867391,0.2516727125616744,0.2419749742595832,0.1715090031158763,2289996.233591242,0.0292759440839629,0.1461406653923049,0.0282671820633693,0.2516727125616744,0.3870810705648373,1.0,0.2516727125616744,0.0008422660743852129
1,0,1,0,1,0.3546602356435916,0.0556679425575797,8.26216626870236,0.024937065843209,7.302689834648026,10.065113879206828,0.715990061904522,92.08462895077771,15117398492.925802,0.0007697158237083,0.1872099310392986,0.2517140032017356,0.2360250097547049,0.1635819986874643,1398393.591028511,0.0278539026148542,0.1545670507868733,0.0269259583998016,0.2517140032017356,0.4404370067929905,1.0,0.2517140032017356,0.0008421303590391909
0,0,0,0,0,0.6715958678975933,0.025957679645221,7.770224862158479,0.0876855714430677,7.130849739054102,1.9109144836825729,0.0870643714328992,118.33973514940506,9776726489.499624,0.0008512856852039,0.740378663873163,1.509632670104177,0.4360065620056964,0.301654952091568,185379.93157158693,0.0950508610560135,0.7343187360871841,0.0877629869393914,0.2524413932013627,0.5179237140113522,0.1672204094416837,1.509632670104177,0.0008397431338340766
0,0,0,0,0,0.6715958678975933,0.025957679645221,7.770224862158479,0.0876855714430677,7.130849739054102,1.9109144836825729,0.0870643714328992,118.33973514940506,9776726489.499624,0.0008512856852039,0.740378663873163,1.509632670104177,0.4360065620056964,0.301654952091568,185379.93157158693,0.0950508610560135,0.7343187360871841,0.0877629869393914,0.2524413932013627,0.5179237140113522,0.1672204094416837,1.509632670104177,0.0008397431338340766
4,1,0,0,0,2.315575727644918,0.008360881874721,9.197064629497474,0.0037636313500224,8.153108303192901,1.1363850340766288,0.2463509898230733,123.06615903859696,14481330724.532175,0.0,0.0783467082869849,0.134685596186798,0.1497290255747502,0.0981704851040371,1100594.6693836723,0.0112093905497821,0.0587623901284387,0.0110176404549441,0.2530688985780216,1.1141127156227808,1.878960376928766,0.134685596186798,0.000837689158307409
1,2,0,0,2,2.17230157543159,0.0547017944909393,6.681634966471421,0.0141429315426768,8.15498446803959,14.58076537600614,0.0397006639629468,70.3674162029604,16343882764.809303,0.0,0.3352131555055496,0.4339664013376283,0.2602992127093523,0.1695159623792199,530830.9803770581,0.0338778400685543,0.1914988993805388,0.0324520803726789,0.2532959565046219,0.2715112584332362,0.5836764222388642,0.4339664013376283,0.0008369471817541822
4,1,0,0,0,2.250005177554129,0.0051842811816523,9.046018381734516,0.0117011710784017,9.537576506853451,3.615642258117391,0.368860026438667,120.89282840214996,14874058543.383549,0.0,0.1795616989434846,0.2533300672374688,0.244212851381587,0.1687502564468556,1402127.4985555331,0.0298199583899625,0.169843475346834,0.0288544480069776,0.2533300672374688,1.1394696762119183,1.0,0.2533300672374688,0.0008368357719987197
1,0,1,0,1,0.3436417855696164,0.0555168537127872,8.319331693923532,0.0264093829321011,7.196843902477805,10.248034790166445,0.727991106026487,92.16749435009304,15216061516.1235,0.0007661051731151,0.1887189052054413,0.2534061598213842,0.2362883046716062,0.1634336577507428,1379864.6195179152,0.0279160814622909,0.1549218678817727,0.0269842128536677,0.2534061598213842,0.4391508484676451,1.0,0.2534061598213842,0.0008365872979070657
3,0,0,0,1,4.680337194170695,0.0881738942740769,3.792506814344006,0.0746518756142086,2.207568032289494,3.767082307015425,0.6150070583739798,85.89024404800352,14579999730.975887,0.0009918408082686,0.2680216841360332,0.3578189359615976,0.258332694471341,0.1971586061313036,4588277.687220491,0.0333678905164116,0.168338491342362,0.0318837976869131,0.2534292004312874,0.4940224788639171,0.7082610084629124,0.3578189359615976,0.0008365120752381476
1,0,1,0,1,1.1605568067458776,0.0220983171692103,5.495353841033905,0.0409868243659606,7.398672479301009,2.5575903980031,0.2765813422489405,120.04330859815936,13914698019.447445,0.0014240311723354,0.3650702971116253,0.4705177768951472,0.2623602315057425,0.1682080192120173,297528.61978272465,0.0344164455378734,0.1989555193508978,0.0329883299211577,0.2537093409275849,0.5245668420716371,0.5392130826634484,0.4705177768951472,0.0008355980172473665
2,1,0,0,2,4.32571291234806,0.0771071857108946,4.387165809353247,0.0942548576095466,0.1299410991970181,6.278892938195627,0.3804716208793137,127.30202324165676,14025523025.45526,0.0010041657694835,0.2224560748837363,0.2546731337596954,0.2104257974548391,0.165813866788044,4245393.031986648,0.0221395081172524,0.1271243944100323,0.0216084471320021,0.2546731337596954,0.4686131397513762,1.0,0.2546731337596954,0.0008324609227340632
1,0,1,0,1,0.4322098588112605,0.0579099867261935,8.657144530125231,0.0242370723220157,7.04864957342647,9.897971496371545,0.7207271826436955,92.3480396680135,15189408301.671017,0.0007553268803133,0.1875444274856154,0.2547479719284437,0.2386443011741714,0.1647052870948449,1357609.7686128495,0.0284755512414543,0.1567418875498838,0.027513845072055,0.2547479719284437,0.4382412715994475,1.0,0.2547479719284437,0.0008322178218074671
1,1,0,0,2,0.2021795124645006,0.0853837242654249,9.262220516914342,0.0672012540756258,9.706780775769008,1.0239145017374651,0.7960317000242026,126.34283425495326,19319608068.49875,0.0005601991352791,0.1843945875002606,0.2551702219936795,0.2420754237796158,0.162663383379238,1937510.154243012,0.0293002553990403,0.1572233449950877,0.0281886249191607,0.2551702219936795,0.3746382506508446,1.0,0.2551702219936795,0.0008308475334287022
4,1,0,0,2,0.3944827845671227,0.0180412625631937,3.2140897448747325,0.0420455478547396,9.924650008501011,12.783096239448705,0.5115567746460825,108.20811042738124,11676897233.744682,0.0009199260141494,0.2437870988996355,0.256311085323906,0.1974755579916214,0.129808631017196,578052.3243268862,0.0194982980020511,0.1073890433942418,0.0190279785524007,0.256311085323906,0.9432197159946198,1.0,0.256311085323906,0.0008271564699892045
4,0,0,0,0,0.2290883029510289,0.015863335470273,4.516991340620971,0.0888831933469158,9.18532900118986,4.240904297497529,0.1531288307909271,118.11114999022662,9291946568.85956,0.0008153227186498,0.2122483875199198,0.2807886737983438,0.240331262237782,0.1454391024110393,291967.28446437244,0.0288795578044027,0.1694795688911824,0.0273499542466192,0.2565951870552506,0.6709871747435826,0.9138373837668808,0.2807886737983438,0.0008262398615814039
2,0,0,0,0,0.5217212580463172,0.0482005166867265,1.4017038458203457,0.0907898339867631,9.147607219224811,4.912904104603729,0.4532578108573463,110.45361284894392,10285328240.536703,0.0007509397619716,0.3825364796153571,0.5104198262952432,0.273185637911242,0.2300737889811437,7411497.967820281,0.0373151963804861,0.2249172329546136,0.0363540911591249,0.2566999469821442,0.3050157452997772,0.5029192318906138,0.5104198262952432,0.000825902126961815
3,2,0,0,1,4.296441371151055,0.0596117136248243,6.632978447089634,0.0596300407957969,2.17461033660504,9.962265143753244,0.4238508399027484,60.29178359526841,12477196497.137333,0.0010399342091869,0.240529755483295,0.2568343961650689,0.1999281649248355,0.1581511412737516,3893698.689448028,0.0199856355651061,0.1118064510534002,0.0195552094606942,0.2568343961650689,0.5046048253279772,1.0,0.2568343961650689,0.0008254688796829635
1,0,1,0,1,1.6639980151980809,0.0529363079043366,8.923343717418364,0.0015875706186041,3.5349091838678235,6.546148479210359,0.8124926037035795,111.1296945332228,19807269104.01304,0.0,0.135293913909917,0.2572741952320736,0.2789270370707491,0.1866713279728717,1286590.4043328683,0.0389001460045335,0.2295302145242865,0.0371197210112937,0.2572741952320736,0.2845267948268277,1.0,0.2572741952320736,0.0008240532639584088
1,0,1,0,1,0.1431574375004602,0.0509990382334034,8.639632280630321,0.0310613374871489,8.868327916420174,15.44182984594947,0.8089660019891028,103.03018669917236,16713997565.781109,0.0006040912304403,0.180550182550164,0.2573127000892583,0.247090327951504,0.1710672877152807,1388680.5944004096,0.0305268150835909,0.174246145055694,0.0294705814274809,0.2573127000892583,0.4102129636024391,1.0,0.2573127000892583,0.0008239294409941144
2,1,0,0,2,1.2466922194565215,0.0418914946466952,6.837807769203264,0.0867565183427649,0.2222246164551279,4.072251467556352,0.7853084313619743,103.89187508311907,17092747621.189877,0.0007145116601627,0.2297260957467865,0.2576751532963828,0.2078042940165851,0.175786874719037,5045802.411174938,0.0215913123058656,0.1234217854845276,0.0212780261802426,0.2576751532963828,0.3939406945140729,1.0,0.2576751532963828,0.0008227647844587314
4,0,1,0,0,0.4998936530969919,0.019852678262047,9.61668394609799,0.0606341379864013,7.966226235758769,14.455456066755646,0.1659403272927443,73.99296684758606,9626253567.485023,0.0014334341994412,0.19267077565139,0.3318887287674541,0.3025708151522566,0.1917344412040015,493154.3622918362,0.0457745490909505,0.2878519995224844,0.0427750879156885,0.2578094867460826,0.931474906597173,0.7767949448103227,0.3318887287674541,0.0008223335543732446
1,2,0,0,2,3.260041384582635,0.0194424143169933,5.963799551904256,0.021793241522169,8.047968929603678,13.085773181530362,0.0713737660207227,84.08191109909541,11632940309.919285,0.0013551797220006,0.3853811831497293,0.5080251525032902,0.2704474818226167,0.1680037994729713,429459.7323036245,0.0365709202120973,0.2137003595057389,0.0349766718694211,0.2579777152250144,0.4611691793902215,0.5078050052321841,0.5080251525032902,0.0008217938350117886
2,1,0,0,0,4.433535244096357,0.0481690091023801,6.648901588674122,0.0754243907869136,6.468416581887435,1.4393190842829016,0.5382905720074229,96.1373370778158,14133209089.299376,0.0009299423415467,0.1462395756690261,0.2581480452151765,0.2792984518896784,0.1919618271552222,1625638.4516874831,0.0390038126139855,0.2296438338959863,0.0373266678740331,0.2581480452151765,0.4004778539156474,1.0,0.2581480452151765,0.0008212477343690471
3,0,1,0,1,2.760354808070607,0.0057408943117349,9.167258944100654,0.010596191392122,8.368424716882007,1.0189582000463275,0.3980338929682949,77.85069157337267,10240175896.830292,0.0,0.2065767532437504,0.2585954724102643,0.2258886443760266,0.1626494100861333,1203577.359374815,0.0255128398290195,0.1452705252038924,0.0246420563164021,0.2585954724102643,1.060520215161967,1.0,0.2585954724102643,0.0008198149512082226
1,0,1,0,1,0.3386948079112514,0.0551173583172895,8.559135661510838,0.0045458706904686,6.056895497313671,2.8486717048681984,0.7586341021423847,96.4227031547476,10865165914.964756,0.0,0.1682309795488052,0.2590069419443278,0.2608158882906944,0.178956190085877,1488365.9111503777,0.0340124637924319,0.1919443925743384,0.0326955456529989,0.2590069419443278,0.275558652075185,1.0,0.2590069419443278,0.0008184995207605051
3,1,1,0,2,0.3884318878134783,0.0708325583968858,2.203604791646082,0.0556981211877664,5.786393072823621,2.0422855787522063,0.0912612502154344,75.9043748117683,14690043663.131285,0.0013575876599089,0.2965325801113788,0.3644196709796088,0.2435687691131113,0.2114312920145154,8525607.709104985,0.029662872643638,0.1282140264884327,0.0291960155828504,0.2595080949034129,0.3826739449869198,0.7121133011448599,0.3644196709796088,0.0008169002311383192
3,1,1,0,2,0.3718621606209742,0.0634956798064038,0.7367672537196238,0.0809545835815597,0.4896759896249347,2.3263023232608906,0.2065679652638134,85.11386618371051,11443531627.73966,0.0014691978805467,0.2267791375603945,0.2624996523163003,0.2152641479422423,0.1825531186596204,6488096.146580903,0.0231693266946498,0.1070299770381278,0.0228426456558594,0.2597431148673978,0.4012145368680462,0.9894988910477448,0.2624996523163003,0.0008161513073127474
1,2,0,0,2,4.196246385730745,0.0725508485494307,4.440116484963755,0.0425088681518476,6.603801116808247,6.682231381264199,0.3904951250703389,108.39842913073956,15402611031.269243,0.0005227695948458,0.1697641707535452,0.2611776375599766,0.2621225836848702,0.1835353368626728,1852219.4042681984,0.0343541244388159,0.1806489009479009,0.0330067956826911,0.2611776375599766,0.3384187760449799,1.0,0.2611776375599766,0.0008115948636826784
2,2,0,0,2,1.1286502371814249,0.0524163828144244,7.979891462346333,0.005285818796406,7.584358463916715,12.882419846683137,0.2151022628026428,106.30186869413274,13805021497.636982,0.0,0.1881009834358371,0.2614579300763552,0.2444242403939303,0.1634216063491675,919436.3017139214,0.0298716046460749,0.1644244468261003,0.0285750152422098,0.2614579300763552,0.4262877321602666,1.0,0.2614579300763552,0.0008107075517846259
2,2,0,0,2,1.1286502371814249,0.0524163828144244,7.979891462346333,0.005285818796406,7.584358463916715,12.882419846683137,0.2151022628026428,106.30186869413274,13805021497.636982,0.0,0.1881009834358371,0.2614579300763552,0.2444242403939303,0.1634216063491675,919436.3017139214,0.0298716046460749,0.1644244468261003,0.0285750152422098,0.2614579300763552,0.4262877321602666,1.0,0.2614579300763552,0.0008107075517846259
4,2,1,0,0,1.485338685667671,0.0213278868417115,3.644515775132744,0.0287282589377808,9.52321133882194,6.306170574860361,0.2648178426368295,123.07212107656468,10291145997.23932,0.0008265402081823,0.1888417961909006,0.2617504887620833,0.2433590508881166,0.1973762524649585,3534937.367989005,0.0296118138245824,0.1754780643049313,0.0288172186599943,0.2617504887620833,0.4504416820205688,1.0,0.2617504887620833,0.0008097824440023329
2,1,0,0,0,3.5059428920326274,0.0651342286433088,1.7701162843808889,0.0675688969673533,2.3096694125006647,2.5739601130199548,0.3622095275682462,108.86453509075722,14239952227.012665,0.0011986619457372,0.2106120140617329,0.2621340420600296,0.2259600484686518,0.1710471534370463,3230654.999771366,0.0255289717519777,0.1421760373234007,0.0247537094476088,0.2621340420600296,0.3589394758506409,1.0,0.2621340420600296,0.0008085711987132634
1,1,1,0,2,3.827717579935748,0.0635470080719054,9.400308926850288,0.0509804661570734,7.1349333041360135,8.115334502246274,0.7034003656489284,105.41900337936558,18822085072.503307,0.0009137220350351,0.1926999661132937,0.2629961943028678,0.2424963504361775,0.1758725679727815,2386012.7607101267,0.0294022399874327,0.1480499415523118,0.0284882771512405,0.2629961943028678,0.4142624778917418,1.0,0.2629961943028678,0.0008058551670714421
2,1,0,0,0,4.145295998086857,0.0811814282257941,6.908306650506832,0.0564203037384172,1.841354734354701,5.549730715096939,0.3830025168610736,109.74333875729197,12747413383.2312,0.0011315573813703,0.1372041001207816,0.1948243585052015,0.2126502322119844,0.1565109944350461,2082252.3203321288,0.0226100606299054,0.1216190617496059,0.0220404005643667,0.2631385876433428,0.4535382747506783,1.3506452153225872,0.1948243585052015,0.0008054074650724673
1,1,1,0,2,2.047443932881047,0.0930014146226163,8.9252339845112,0.0540916127910966,7.501862352862935,16.004022270135962,0.8408127595547253,68.7317624252133,18997919454.5412,0.0006622727147271,0.2507061784734295,0.2637714437665789,0.1993780780235273,0.1641773492002571,4179598.709279868,0.0198758089981778,0.1005666319919398,0.0195708942229056,0.2637714437665789,0.3764837331269647,1.0,0.2637714437665789,0.0008034206957007409
1,1,1,0,2,2.047443932881047,0.0930014146226163,8.9252339845112,0.0540916127910966,7.501862352862935,16.004022270135962,0.8408127595547253,68.7317624252133,18997919454.5412,0.0006622727147271,0.2507061784734295,0.2637714437665789,0.1993780780235273,0.1641773492002571,4179598.709279868,0.0198758089981778,0.1005666319919398,0.0195708942229056,0.2637714437665789,0.3764837331269647,1.0,0.2637714437665789,0.0008034206957007409
1,1,0,0,1,0.100239586018215,0.0765718024824371,8.5332796014592,0.0112853824873954,3.5870931840571085,3.387734527170271,0.4642500796790188,61.92045873883588,12932438658.95458,0.0,0.2016872183212719,0.2642012791944467,0.2347408816862869,0.1638926584353777,2141301.2818671386,0.0275516407674276,0.1588945694539021,0.0266663160776895,0.2642012791944467,0.2849320970341678,1.0,0.2642012791944467,0.0008020740788843376
1,1,0,0,1,0.100239586018215,0.0765718024824371,8.5332796014592,0.0112853824873954,3.5870931840571085,3.387734527170271,0.4642500796790188,61.92045873883588,12932438658.95458,0.0,0.2016872183212719,0.2642012791944467,0.2347408816862869,0.1638926584353777,2141301.2818671386,0.0275516407674276,0.1588945694539021,0.0266663160776895,0.2642012791944467,0.2849320970341678,1.0,0.2642012791944467,0.0008020740788843376
2,2,1,0,1,3.9702447926508335,0.0594927621325396,3.252208945120897,0.0851495012071216,0.3073201528569336,3.841679237920857,0.2601681825668809,81.2187114296782,9362766169.84065,0.0014739713165736,0.2045122580693453,0.2644036415935365,0.2356788074358732,0.2101488864409809,6798402.356199353,0.0277722501371977,0.1026043054019398,0.027346548604048,0.2644036415935365,0.6180845398137174,1.0,0.2644036415935365,0.0008014408862629553
1,1,0,0,2,0.109646669824372,0.0904794177091181,7.565353712760285,0.0971189706399016,8.188353644055562,3.819536446960924,0.8047384784608451,115.823951145976,17748775133.128414,0.0006167612872664,0.1826075869556214,0.2600803713548644,0.2481574362336365,0.1707293492505133,2378335.589889696,0.0307910565790257,0.1693649470512015,0.0295702910400884,0.2649397881470495,0.377945610550169,1.0186842888868175,0.2600803713548644,0.0007997656974724473
1,1,0,0,2,0.109646669824372,0.0904794177091181,7.565353712760285,0.0971189706399016,8.188353644055562,3.819536446960924,0.8047384784608451,115.823951145976,17748775133.128414,0.0006167612872664,0.1826075869556214,0.2600803713548644,0.2481574362336365,0.1707293492505133,2378335.589889696,0.0307910565790257,0.1693649470512015,0.0295702910400884,0.2649397881470495,0.377945610550169,1.0186842888868175,0.2600803713548644,0.0007997656974724473
4,1,1,0,0,1.010643609562005,0.0165074855174873,5.83146035128581,0.0391854467245288,7.327605058673244,6.85439785322523,0.3481507993221912,81.99790201084609,13604964918.352436,0.0012345946823052,0.2249962520641374,0.2649470696652536,0.2183851933938795,0.1449158975294782,162427.11932144672,0.023846046346841,0.1147651846520331,0.023264721297742,0.2649470696652536,0.9166336679613246,1.0,0.2649470696652536,0.0007997429705008857
3,0,0,0,1,3.782016655802461,0.0882506633055058,3.1842382662566284,0.0728287331469235,1.6635523303610766,3.1836518340274376,0.6576246977421702,98.99779312478384,16400675495.838022,0.0011929580453979,0.2245741044453255,0.2649868258527019,0.2199464830942473,0.1851534050194098,6039582.100078734,0.024188227712764,0.0942171925273724,0.0238025906879249,0.2649868258527019,0.4954508894671933,1.0,0.2649868258527019,0.0007996188954401283
1,1,0,0,2,0.2361132829861783,0.0828133870785435,9.787006473864828,0.0894944563145944,0.6692232008921858,2.1000160785175206,0.5475206115291397,108.9083721373159,17862470919.178898,0.00068721032765,0.2090430047550198,0.2650125940998981,0.2302228079832465,0.1842152868038296,4990262.710022377,0.0265012706578453,0.138300939987842,0.0259027142454921,0.2650125940998981,0.5214703615339512,1.0,0.2650125940998981,0.000799538485615373
2,1,0,0,0,1.1372852388765289,0.0182679481341337,6.110468217066888,0.011256280784307,8.757813448276229,5.690783319669977,0.578330840034688,85.9386217644757,14430843492.63646,0.0,0.2465528202292509,0.2653466745653858,0.2025713822590946,0.1693323071903135,5327392.25301468,0.0205175824551801,0.1175888472535381,0.0202407540685297,0.2653466745653858,0.310902541058119,1.0,0.2653466745653858,0.0007984967190999458
1,1,0,0,1,0.1053157715129579,0.0755785218195412,8.70838483660019,0.01009992940465,3.469036649984758,3.349744073752873,0.4649240426459876,61.373810656655,12807874827.881226,0.0,0.2078629703426243,0.2654634257196467,0.2307028194513118,0.1609728041363875,1999116.2063986424,0.0266118954513923,0.1549665438010301,0.0257706818195124,0.2654634257196467,0.285005724178264,1.0,0.2654634257196467,0.0007981329729478118
3,2,0,0,1,3.413694707998134,0.0385917975151752,8.7338775243751,0.0066553776696824,3.9628354984703207,8.977768109812203,0.0606740355217647,85.19960292782585,12425822845.166908,0.0,0.1703140421527026,0.1818428040868259,0.1815333450494697,0.1409162754051002,3224115.4490598887,0.0164771776824249,0.0906890434090512,0.0161844562437981,0.2675028213815869,0.348185707967372,1.4710663021554604,0.1818428040868259,0.0007918057575658513
3,2,0,0,1,3.413694707998134,0.0385917975151752,8.7338775243751,0.0066553776696824,3.9628354984703207,8.977768109812203,0.0606740355217647,85.19960292782585,12425822845.166908,0.0,0.1703140421527026,0.1818428040868259,0.1815333450494697,0.1409162754051002,3224115.4490598887,0.0164771776824249,0.0906890434090512,0.0161844562437981,0.2675028213815869,0.348185707967372,1.4710663021554604,0.1818428040868259,0.0007918057575658513
1,2,0,0,2,0.138873374178699,0.0096977169420458,2.4461494874811787,0.0277014034137089,9.045069195965873,9.266919900490938,0.1819634543575487,98.37138105183344,9596028157.151531,0.0009697251576227,0.394340967840753,0.6208132966184366,0.3273837077365274,0.2779094730564684,10664603.016936151,0.0535900460456579,0.2657473257646896,0.0520091407816564,0.2680095641345488,0.4280366313693694,0.431707190542461,0.6208132966184366,0.0007902413862040979
1,1,0,0,2,0.2378443279815704,0.0826502684843297,9.778731352633628,0.0894611478227428,0.6580257950803997,2.1534358629883164,0.5473471991219732,108.72470417004236,17890268482.48146,0.0006874204030997,0.1958784068747111,0.2681045400124864,0.2436484756782486,0.1624578995693396,1947044.1865998325,0.029682289850167,0.1630692587955978,0.0285178876994044,0.2681045400124864,0.3992650572766872,1.0,0.2681045400124864,0.0007899485291909721
2,2,1,0,0,2.16725481431119,0.0752694491840632,6.261482836428399,0.0267775110497746,1.9624000835195816,3.548949579867802,0.4997756118601683,124.22253500908327,14991629822.840445,0.0008686743515089,0.2437111764702065,0.2687109259215647,0.2071566035057523,0.1719122421879374,4489488.579619075,0.0214569291880197,0.122133676605118,0.0210907098267554,0.2687109259215647,0.4014890446146367,1.0,0.2687109259215647,0.0007880813021075019
3,2,0,0,1,0.2386772340779628,0.0335376697366147,7.240145496328015,0.0155528915175441,7.775135827307611,2.202838778970168,0.1602590313741629,62.698512904568304,15245208826.608688,0.0,0.1899808829006773,0.2815656531144651,0.2609538572945539,0.1877348431329956,2426945.6730287066,0.0340484578184532,0.1946553514214365,0.0328219710732531,0.2688339310316316,0.4617937089506164,0.9547824035282542,0.2815656531144651,0.0007877030747252534
2,2,1,0,0,2.1958753162121685,0.0738082681186905,6.322946877828874,0.0247975415072663,1.97467957414584,3.804576408764545,0.5184856066249738,123.43385412099283,14867237220.518007,0.0008882797134706,0.2306716963123636,0.268845562505885,0.216351860938983,0.1745855232151758,3983280.9768312727,0.0234040638658805,0.1330858487154845,0.0229132564867999,0.268845562505885,0.4055189463971531,1.0,0.268845562505885,0.0007876673185980239
3,2,0,0,1,0.6458186250890919,0.0378505346841081,2.3135254997836228,0.0458416284360023,5.203599614112171,17.113706990143736,0.0945765804800414,83.08789086436614,19173119279.153923,0.0007689811065071,0.232358481914164,0.2697741045213211,0.2158181282025468,0.1705336292393629,3718451.685463573,0.0232887322304254,0.1339254215789419,0.022716312218926,0.2697741045213211,0.3758053567058977,1.0,0.2697741045213211,0.0007848181329262055
3,0,0,0,1,4.2779310261416486,0.0537175190092473,2.9798277905421022,0.0910897728045011,3.2807613172595693,2.769483758081101,0.4640784615616685,77.10122711042668,12208500802.794044,0.0013550993918318,0.3987582900581474,0.6345971986351311,0.3324301113215787,0.2659284275769152,11088255.596463423,0.0552548894566386,0.2564458628047128,0.0532548746671693,0.2701023259277982,0.4697813448024789,0.4256279834022662,0.6345971986351311,0.0007838134689415044
1,2,0,0,1,0.4852926995369963,0.0277965779099103,4.942828130654518,0.0464885659729721,5.749004463911175,6.499552409261521,0.0761463966155254,74.79476117499996,12991750813.044151,0.0011137795590916,0.2110991290281273,0.2701541858541437,0.233082198180262,0.1607387891785941,1523239.561642791,0.0271636555542714,0.1412707720054382,0.0262505575033812,0.2701541858541437,0.4545148931064329,1.0,0.2701541858541437,0.0007836548468411898
2,1,1,0,2,3.381509043543049,0.0844005023604972,5.475664462313754,0.0546670648006299,2.007999905847184,5.1022337345728825,0.5736974635993334,87.61320551794198,14184958199.640207,0.000965451948221,0.1610295094816393,0.190823855982131,0.1981499046155517,0.1526792988275729,2701468.950569115,0.0196316923495761,0.106006574404217,0.0192375693215679,0.270298989221609,0.4197057347772082,1.4164842641421105,0.190823855982131,0.0007832121118946751
1,2,1,0,1,0.9922973812157768,0.0716244444858142,9.259341081499183,0.0243628720654977,3.4555170168934364,11.230011408966972,0.8239256639988795,109.5855612150677,19286166695.977528,0.0008421261206069,0.1998690171567491,0.2704587846198989,0.2434219197521009,0.1783928420961876,1792727.8685620225,0.0296271155078991,0.1419465826834822,0.0286832372758042,0.2704587846198989,0.5116944090592274,1.0,0.2704587846198989,0.0007827238292619008
2,1,0,0,2,2.5963615727394207,0.0471192716511854,6.769316560023363,0.033902474521034,3.7690243973485926,17.698004756116607,0.7881378258783933,105.5622195469711,9305828709.690872,0.0010137996880378,0.2149660791990957,0.2707966847284229,0.2300231223895787,0.1698982163761337,3408320.492731186,0.0264553184169255,0.1470085159231151,0.0256611181303182,0.2707966847284229,0.4546277602935673,1.0,0.2707966847284229,0.0007816923189130303
1,1,1,0,2,3.827291475868953,0.0635563830907204,9.401573681412744,0.0509525107101781,7.1349638349185005,8.110199189914589,0.703098248864471,105.41562548488078,18821518045.318573,0.0009134582737679,0.1964026572348468,0.2708001783144738,0.2462612714620661,0.1777250819906019,2407088.1115013296,0.0303223069110567,0.1549466228302314,0.0293253075360375,0.2708001783144738,0.4142313545724977,1.0,0.2708001783144738,0.0007816816611182035
2,2,1,0,0,2.213728227811001,0.0751268421891236,6.225264938552583,0.0263803718238459,2.0661698854967687,3.647592340841075,0.4947688739212048,124.05335359967664,15108686843.743383,0.0008943229787945,0.2429117694175833,0.2708160339278151,0.2093713778995768,0.1727228153706601,4405265.225924022,0.0219181869417836,0.1246279663882212,0.0215248156240065,0.2708160339278151,0.4019595771851758,1.0,0.2708160339278151,0.0007816332926248693
4,1,1,0,0,0.8493619526797399,0.0070263786687332,8.183542770895784,0.0348744769855073,9.570993199860816,6.403591958186039,0.332668529017121,62.87086278987212,9179917835.917677,0.0,0.170003493624456,0.2709326763624163,0.269958758086411,0.1958062470858598,2693352.967906987,0.0364388655337787,0.2214656184671358,0.035145537885249,0.2709326763624163,1.7616955352951238,1.0,0.2709326763624163,0.0007812775599105308
1,1,1,0,2,0.54099416296601,0.0915306654224402,7.385907271576913,0.0956348421248939,9.720729857356346,3.363656246162019,0.7758930823381998,120.78690863857288,13584457788.66352,0.0005443102409183,0.1767829304165527,0.271508899655167,0.2646633706326384,0.1826114034578602,1972049.3566446383,0.0350233498773146,0.1936426469479196,0.0335447304852911,0.271508899655167,0.3546399013455169,1.0,0.271508899655167,0.000779522584828674
4,0,1,0,0,2.132101653573158,0.0205888415777119,4.516899061405103,0.0715694268215401,6.736742295354636,19.092267170444984,0.7163679537046874,122.06390022132403,15006713254.931778,0.0006880753250074,0.1919562812180731,0.2718816429860507,0.2501438339204474,0.1711203802371745,882583.9926259124,0.0312859688242102,0.1805172943000332,0.0302498485481242,0.2718816429860507,0.9100209627434852,1.0,0.2718816429860507,0.00077838943910169
2,1,0,0,0,3.883969852781632,0.0938386449824356,9.315403721070837,0.0705928734242297,2.438534693738053,4.865285615417407,0.682063373471672,105.5091504056868,11423655011.90891,0.0009143295842889,0.180317993535254,0.2719887579897084,0.2612622677139614,0.1862921981853441,2356900.105908983,0.0341289862655208,0.1955268469748956,0.0327248516837063,0.2719887579897084,0.4440317606305833,1.0,0.2719887579897084,0.0007780641125600641
1,1,0,0,1,0.1083774497558618,0.0780033359568437,8.331390690263826,0.0099543229617977,3.589948673460709,3.0639942679788144,0.4692733451643788,63.191450608518544,13014726394.965725,0.0,0.2132610790158868,0.2721827518396209,0.2321664355855957,0.1619855473361028,1938844.64957706,0.0269506269062602,0.1573024745864243,0.0260890370824901,0.2721827518396209,0.2854537934057742,1.0,0.2721827518396209,0.0007774752662173477
1,2,1,0,1,3.5676665469205164,0.0674260588616663,7.873664766752013,0.0318339746321987,6.470388418838966,13.006794276221664,0.5136506191482191,102.91888029981874,16946060572.587454,0.0007818382141026,0.1988091856826116,0.272252503698749,0.2453775699130691,0.1767362075818609,2473391.587466672,0.0301050759082215,0.1552917887450773,0.0291199178328005,0.272252503698749,0.3992381317021972,1.0,0.272252503698749,0.0007772636512968252
3,0,0,0,1,4.745051381104905,0.0896507402443395,3.636807558336728,0.0744344317759284,2.2623652475792317,3.8315855502677096,0.6314928487491067,84.3521698009906,14648949137.485996,0.0009944268118648,0.2282155214922245,0.2723647900606726,0.220952581721469,0.147580472442547,3764215.92579195,0.0244100216846912,0.1403565239902169,0.0232098887872912,0.2723647900606726,0.5120405012262611,1.0,0.2723647900606726,0.0007769231151311592
1,0,1,0,1,0.5587871092071519,0.0390229718589221,6.008521566680818,0.0080769797668306,3.287287237810371,15.149585512298488,0.035021617970379,81.41202384782542,12114604187.246271,0.0,0.212110819428653,0.2726872333069642,0.2338030759766961,0.1577623940461671,1297192.6395892752,0.0273319391680823,0.1543410361571981,0.0263899060624046,0.2726872333069642,0.2734711034985342,1.0,0.2726872333069642,0.0007759460553730882
4,1,1,0,0,0.8567577355916591,0.0073264359278907,8.182996237239989,0.0346284354964292,9.535341953500652,6.292383415010447,0.3339082377653624,62.831176542722815,9127776117.491566,0.0,0.1745341659427992,0.2727279311616689,0.2671560780045724,0.1924564601270259,1930563.3903456223,0.0356861850073925,0.2152299660664185,0.0343827133651483,0.2727279311616689,1.434853821747067,1.0,0.2727279311616689,0.0007758228210783119
3,0,0,0,1,4.745710086737942,0.0896155125719221,3.648223602206426,0.074441204643816,2.2633358721482666,3.8313014858986607,0.6304372427646866,84.27348901418496,14651027569.554329,0.0009929402685186,0.2286021983514435,0.2730126624130891,0.2211999347227611,0.1477335842128339,3765304.9196913233,0.0244647055606769,0.1406856963076939,0.0232593995024045,0.2730126624130891,0.51289900525017,1.0,0.2730126624130891,0.0007749611938018053
3,0,0,0,1,4.745808613709823,0.089619725997241,3.648934756285105,0.0744000800120863,2.262131516403511,3.831341488412553,0.6302559127110284,84.26581547096934,14652592214.361944,0.0009927936325093,0.228654417365186,0.2731082909737381,0.2212403218963243,0.1478186616949918,3751937.879769511,0.0244736400163946,0.1407327687334462,0.0232669481390294,0.2731082909737381,0.5129899367909521,1.0,0.2731082909737381,0.0007746720262467776
1,1,0,0,2,4.200998722750351,0.0967522627671222,4.82227745852529,0.0289137169686476,8.872529167126952,13.423685153569192,0.4604200131737261,95.56524937044252,16151211172.124674,0.000757761820166,0.1794916652662702,0.2731776987920667,0.2638299103637266,0.1836247293252677,2001558.952984803,0.034803110801266,0.1876422797117856,0.0334119933945941,0.2731776987920667,0.3565677463933792,1.0,0.2731776987920667,0.000774462214173566
2,1,0,0,2,4.3311278078095015,0.0769905293686198,4.3767010850143055,0.0943547328311271,0.1123492917534307,6.212579769634665,0.3860549896591302,127.3401182280664,14030276610.228048,0.0010056924295232,0.224589377047572,0.2731825627506438,0.2266646035073203,0.1863729839406956,6914323.039839987,0.0256884212415653,0.1045493779136964,0.0251846066946347,0.2731825627506438,0.5782316515259955,1.0,0.2731825627506438,0.0007744475131015229
3,0,0,0,1,2.640489682270432,0.0824152103161764,2.779167506645399,0.0218819634553888,9.34748514944688,10.80935789181605,0.3816125485053297,66.06044480424444,12600042756.532291,0.0014462388153961,0.2570325503395221,0.3790574740539084,0.2808405745531204,0.2075113732396384,3525534.4533959986,0.0394357141576633,0.237686165882876,0.0376314908335329,0.2734324361520047,0.4476433469667136,0.7213482251852867,0.3790574740539084,0.0007736926585028264
4,1,0,0,2,0.8021492604639411,0.0124864341771254,7.417174908589089,0.0840684984204127,5.8383475358448695,6.570875680746082,0.3187919682724109,78.29493940863001,10945375294.462654,0.0010365555025655,0.3097385482050173,0.4390859603416005,0.2807032498663305,0.1817041233889714,319536.2671313191,0.0393971572427597,0.2370326876822722,0.0376819282258144,0.2735199050536372,0.7947789985054545,0.6229301999108419,0.4390859603416005,0.0007734285933755368
2,2,0,0,2,1.2103760734589288,0.0120768029633555,7.0182922513001404,0.0112788541409801,8.780148165835083,11.56241193326513,0.0470180766672743,122.58333920763626,11385555534.870548,0.0,0.2803096409234549,0.3440136021570109,0.2382836592765015,0.1657766514894951,928333.139304986,0.0283895511390999,0.1632879789538098,0.0275146592331274,0.2735970815252979,0.5428770379780989,0.795308905839211,0.3440136021570109,0.0007731956755279733
4,1,1,0,1,2.7990420739992845,0.039443959381411,3.809241802650989,0.0325064032813919,3.653561973479928,8.247371938164358,0.5659561867638099,113.3334277684131,14756823136.761969,0.0011752308182853,0.2220067457004245,0.2737287446089025,0.2270888113689919,0.175119062404531,2870993.254767103,0.0257846641244908,0.142056099409839,0.0251251272774002,0.2737287446089025,0.4487685553225399,1.0,0.2737287446089025,0.000772798479505033
1,1,1,0,2,1.3411228490033875,0.0083046132034434,0.618170052196325,0.0855592717770076,6.823160055385337,6.923793879578497,0.2139047098102975,62.01986964037343,15232664868.19784,0.0008122601814338,0.374644446553085,0.6107648396966583,0.3331096184668681,0.2709700182765867,7368848.071254944,0.0554810089575712,0.3409306111153937,0.0531939684798681,0.2740546465459189,0.3510180879551866,0.4487073071888528,0.6107648396966583,0.0007718161887222163
4,0,0,0,0,0.5371069620994134,0.0095520655362129,9.90907554115874,0.0466575671173243,5.568323687741199,2.81189030840548,0.0822766557878973,95.77874548636304,13961513830.750937,0.0,0.2198629934280104,0.2749042126686713,0.2293067138503662,0.1425442090431364,248424.12513796645,0.0262907845084268,0.1528502443330798,0.0250261215815095,0.2749042126686713,1.622743948768926,1.0,0.2749042126686713,0.0007692614039131069
1,0,1,0,1,0.3620867357131402,0.0712320215208251,7.582449217503043,0.0290701524705589,5.042088377593958,11.9412104359548,0.4523339793650596,86.6260240476615,14102718212.312551,0.0009569610201335,0.2010755728540043,0.2750100257987594,0.2451959403572337,0.1699501830266654,1232203.7400508851,0.030060524583834,0.1676590900249533,0.029014093712017,0.2750100257987594,0.4680359125054089,1.0,0.2750100257987594,0.0007689437992556216
2,1,0,0,2,4.539241350940154,0.0676386393840123,5.05514559384089,0.0421413454364,0.7481263577329049,16.819555733929374,0.4110726441054907,122.14648533045236,13948123559.798937,0.000772634092524,0.197115824498044,0.2756276629933606,0.2487236063318695,0.1787544987121838,1652952.276262806,0.0309317161733654,0.1820386131930067,0.0299023659011321,0.2756276629933606,0.5224446932567598,1.0,0.2756276629933606,0.0007670925378293979
3,1,1,0,2,0.6173838989234126,0.0690088204446421,1.4934197050942208,0.0589626121060679,0.2340200008549481,2.15727387493817,0.16460503934453,80.59665273920798,11118572800.251673,0.0014873251227834,0.2283439573590787,0.2770441004614097,0.2249739250845922,0.1806773485667148,5554400.617903666,0.0253066334839838,0.1406018651645931,0.0246181279428968,0.2770441004614097,0.4892046337745092,1.0,0.2770441004614097,0.0007628638232308781
1,0,1,0,1,0.7080077908380819,0.0693263399964448,8.975244130842094,0.0204050059867098,8.259694213674951,8.473244019659214,0.5208875998918975,110.4033711388628,17267354332.3003,0.0005579063609279,0.2099304414397338,0.277254523276968,0.239766127415912,0.1624252373426848,1247130.4008947455,0.0287438979280116,0.1581522734175648,0.0277449937075883,0.277254523276968,0.4018648617999826,1.0,0.277254523276968,0.0007622376066505732
4,0,0,0,1,2.884290722315388,0.0111678589681255,9.030596621739695,0.0089116626121509,8.701600747719983,13.77898494917891,0.2163692961080018,77.85493179734044,10409008154.890009,0.0,0.1987659327389038,0.2773033502178555,0.2489350972393304,0.1628444325295887,1055399.8034231244,0.0309843413187774,0.1791658267862286,0.0298634457743198,0.2773033502178555,0.867715868499531,1.0,0.2773033502178555,0.0007620923715679554
1,2,0,0,2,1.832940018631587,0.0335180356836192,5.201491109877918,0.0320738584247123,9.387113593150843,16.029244294486823,0.0112535272777492,65.69364567001517,17097439943.29403,0.0006985913323833,0.194745057462681,0.2776143013433992,0.2533736507094024,0.205381392668412,3072753.843946136,0.0320991034369051,0.1752008358623193,0.0311485982154931,0.2776143013433992,0.5493930710419765,1.0,0.2776143013433992,0.0007611681006603152
3,2,0,0,2,0.2839235105762787,0.0242634698826728,7.788896183663797,0.0813671275999718,8.495428093089046,1.4880437176333825,0.4468237733221471,128.2829605936264,17536397676.09783,0.0013990514265731,0.2114369721086197,0.2776245278640687,0.2383524082758517,0.1691244952472476,380512.6413180335,0.0284059352654491,0.1653204516392127,0.0275768384920064,0.2776245278640687,0.9983766464424376,1.0,0.2776245278640687,0.0007611377224041453
5,1,1,0,0,0.2009919141252246,0.0577745045465954,2.717091614832178,0.0182816717238304,3.2591333287417577,6.953512412513256,0.380703055431957,110.4244044690134,13379952588.172096,0.0,0.1674464762491517,0.2790448278106071,0.2809050220736466,0.1883969019694925,765295.7216512613,0.0394538157130979,0.2345493370101268,0.0376727790963055,0.2790448278106071,0.4266996891978632,1.0,0.2790448278106071,0.0007569304245630776
4,2,1,0,0,3.919243003638461,0.040120959349602,3.4970249551299823,0.0562415706532736,3.658046487050463,3.050307575066511,0.1947828015443415,103.99159824404876,9064175680.701174,0.000754876983041,0.2104790242843667,0.2794859333930448,0.2407717410741879,0.1663508895333565,1783429.1505929956,0.0289855156499479,0.1682985548824062,0.0276445393539842,0.2794859333930448,0.3876265898364889,1.0,0.2794859333930448,0.0007556284941311294
3,0,0,0,1,4.679807122992381,0.0887917618631765,3.79741224306397,0.0748321683620309,2.212560983550628,3.818897416777975,0.6157215350228137,85.73320390796086,14588828363.821352,0.0009934355084127,0.2333066302020182,0.2795294408005588,0.2230781215134013,0.1488058112100957,3665197.493571891,0.0248819241489739,0.1427609128513743,0.0236178816977735,0.2795294408005588,0.5392776316361777,1.0,0.2795294408005588,0.0007555002026885325
4,1,1,0,1,2.215420883727599,0.0268467951256684,4.759217160794236,0.0304038066383005,6.179767560570704,4.695674574711584,0.224217242520847,107.397568299985,11201875375.409315,0.0012569824870811,0.2062735774862235,0.2800527382640431,0.2450454132386835,0.1812667370593327,2839207.438677168,0.0300236272746585,0.1698683914841426,0.0290183164346689,0.2800527382640431,0.4482835911502753,1.0,0.2800527382640431,0.000753958847086448
4,1,1,0,1,2.215420883727599,0.0268467951256684,4.759217160794236,0.0304038066383005,6.179767560570704,4.695674574711584,0.224217242520847,107.397568299985,11201875375.409315,0.0012569824870811,0.2062735774862235,0.2800527382640431,0.2450454132386835,0.1812667370593327,2839207.438677168,0.0300236272746585,0.1698683914841426,0.0290183164346689,0.2800527382640431,0.4482835911502753,1.0,0.2800527382640431,0.000753958847086448
5,2,1,0,2,2.0385216843706604,0.0906867671823865,8.514232253317068,0.0469708213084638,5.627985148158221,2.559447552263073,0.4737675675385221,74.8378274687101,15997889243.77312,0.0013563851216111,0.2052369093340029,0.2803766848231284,0.245810239356649,0.173193401178702,3248383.6223015427,0.0302113368862865,0.1785493360035898,0.0286956986615852,0.2803766848231284,0.5039816502983102,1.0,0.2803766848231284,0.0007530062493658685
1,0,0,0,1,0.1216810763992277,0.0077286179759314,8.923652653889675,0.0205175155479836,6.8885949725658016,3.8245873118821976,0.6966301839567159,89.69843739173825,10026943666.960953,0.0007408875635133,0.2657647124149115,0.2805997146820287,0.2022611775167527,0.1343640670123631,302477.47687989485,0.0204547919652316,0.1111358014108025,0.019942201852078,0.2805997146820287,0.5424901779486567,1.0,0.2805997146820287,0.0007523511070939138
3,0,1,0,1,3.43873015284864,0.0801866419043497,1.1343251065453932,0.0299864563654383,6.918233294839178,15.32813977246547,0.0695683647354774,66.98375431826815,16539965781.860672,0.000963768340332,0.2441719767318158,0.2806441709334429,0.2162217721038414,0.1773760696058288,4445839.889155737,0.0233759273658627,0.1337740913256826,0.0229281392095174,0.2806441709334429,0.3446544543293581,1.0,0.2806441709334429,0.0007522205865855302
2,1,0,0,0,2.59053004042206,0.0200589892499464,5.474608955336813,0.0087543485527686,5.465374832706543,5.792982942559012,0.7092510640294861,97.62637010056564,12741972590.77927,0.0,0.2329297149724854,0.2811602863923887,0.2247329515748572,0.1762825892863642,4092425.457080837,0.0252524497617735,0.1438748107339187,0.0246579725156533,0.2811602863923887,0.3238183246752541,1.0,0.2811602863923887,0.0007507069633109512
2,1,0,0,0,2.59053004042206,0.0200589892499464,5.474608955336813,0.0087543485527686,5.465374832706543,5.792982942559012,0.7092510640294861,97.62637010056564,12741972590.77927,0.0,0.2329297149724854,0.2811602863923887,0.2247329515748572,0.1762825892863642,4092425.457080837,0.0252524497617735,0.1438748107339187,0.0246579725156533,0.2811602863923887,0.3238183246752541,1.0,0.2811602863923887,0.0007507069633109512
3,2,0,0,1,0.2386772340779628,0.0335376697366147,7.240145496328015,0.0155528915175441,7.775135827307611,2.202838778970168,0.1602590313741629,62.698512904568304,15245208826.608688,0.0,0.1899808829006773,0.2815656531144651,0.2609538572945539,0.1877348431329956,2426945.6730287066,0.0340484578184532,0.1946553514214365,0.0328219710732531,0.2815656531144651,0.4617937089506164,1.0,0.2815656531144651,0.0007495202711357452
3,0,0,0,1,4.143498908287201,0.0876005509166313,0.4673513757806628,0.0088155658514803,8.411915748641196,5.245738584783178,0.3888690860077388,66.44089305519346,9004561202.225027,0.0007775803916436,0.1983089096523923,0.2999767767788774,0.2693941133456978,0.1954528419143117,2614544.4785453808,0.0362865941526573,0.2136599382748616,0.0347764907529339,0.2821899898045084,0.3095724169600284,0.9407061201024896,0.2999767767788774,0.0007476962230768297
1,2,0,0,2,4.67536617795105,0.0989405671144443,8.850958392782276,0.0412312140370755,6.551638654297591,9.135689832926465,0.742468380268576,100.87705409572229,18696972742.014164,0.0006775863587256,0.2067424250640849,0.2828325466251413,0.246651214973474,0.1756887881043767,1577010.9231955125,0.0304184109239454,0.180029815280842,0.0294662615117262,0.2828325466251413,0.5095158196129932,1.0,0.2828325466251413,0.0007458235786330072
4,1,1,0,1,2.229334274492709,0.0600684999895243,2.749761562611938,0.0303045111839331,6.197611246636355,4.593987491840498,0.2211197632731696,106.85015713263294,11238956481.83552,0.001255031385235,0.1979965468255281,0.2836978557372782,0.2557200512795537,0.1823966291669316,2488478.3807244147,0.0326963723132087,0.1821525047292227,0.0314611867645566,0.2836978557372782,0.385571550383762,1.0,0.2836978557372782,0.0007433091616142428
4,1,1,0,0,0.7277127788065457,0.0288803799875915,7.913060308768498,0.0068741187338587,9.676862032127945,10.616633959861169,0.6895624628852508,62.32587679538882,11321045224.246922,0.0,0.261759074542269,0.2837178567224344,0.2069745895793613,0.1649671700617379,5028797.813037557,0.0214192403657725,0.1196184142040556,0.0210095516421589,0.2837178567224344,0.328097369300442,1.0,0.2837178567224344,0.0007432511430536427
1,1,0,0,2,0.9826976548218214,0.0682251784306453,8.723702983759857,0.0810585200260955,9.66570250924255,3.127536107421153,0.8278984427650743,121.52367649180697,19063438396.424274,0.0005665320598195,0.1873047105682731,0.2848122087958792,0.2667393830952118,0.184192184327353,1870615.0297251744,0.035574949247007,0.1991735058461964,0.0340643598842653,0.2848122087958792,0.3679306966865773,1.0,0.2848122087958792,0.0007400835557612771
1,2,0,0,2,0.5782647118337788,0.0171954996015198,4.330753398807543,0.002457856947031,7.6571494518924705,16.524226603444507,0.0532583760710967,82.89853935042709,12796964862.01438,0.0,0.2385670719081107,0.2854273906522654,0.224000742829965,0.1737780097590482,4185868.9520970862,0.025088166394188,0.1435588099989927,0.0244689367221189,0.2854273906522654,0.2886010049762165,1.0,0.2854273906522654,0.0007383088512060393
2,1,0,0,0,1.7567822334029894,0.0324357534744473,5.382427131601663,0.0357315235433854,3.641750506627469,4.837826072933998,0.5365893894778708,79.48884695633737,9348287584.86304,0.0013111008890721,0.2367078294593138,0.2856657087458182,0.2257900094751253,0.1703690462925792,3804418.858476781,0.0254905641893886,0.141412819906602,0.0247540096170739,0.2856657087458182,0.4249854687726653,1.0,0.2856657087458182,0.000737622484562624
2,1,0,0,0,1.7567822334029894,0.0324357534744473,5.382427131601663,0.0357315235433854,3.641750506627469,4.837826072933998,0.5365893894778708,79.48884695633737,9348287584.86304,0.0013111008890721,0.2367078294593138,0.2856657087458182,0.2257900094751253,0.1703690462925792,3804418.858476781,0.0254905641893886,0.141412819906602,0.0247540096170739,0.2856657087458182,0.4249854687726653,1.0,0.2856657087458182,0.000737622484562624
4,2,1,0,0,3.1799117683348963,0.0421363127339926,8.821603736359656,0.0180713010046908,1.8431871599837293,17.715985067237114,0.1580693358961027,66.94654763015598,16506064283.470173,0.0,0.2470666015077463,0.2857966283226368,0.2181955092823783,0.1639476451314088,3448909.159510387,0.0238046401354982,0.137121878965181,0.023113459082836,0.2857966283226368,0.3258890969403101,1.0,0.2857966283226368,0.0007372457019768846
3,0,0,0,1,1.005258895191507,0.0880535948291906,4.840316277639713,0.0150514771365738,6.036164510438063,3.8658457303470057,0.1328957273138052,82.78171704262574,11228918059.696545,0.0,0.3913688778624116,0.5815289626028761,0.3068089427745151,0.2597660619961737,8821577.577768045,0.0470658636832078,0.2632511155578434,0.0457684049547545,0.2860588671772494,0.4428556457785292,0.4919082033281254,0.5815289626028761,0.0007364915652384274
5,2,0,0,0,0.3866252697527045,0.0603117308892478,9.698242492813495,0.0089059704875432,8.495321693607861,12.314325804941872,0.0423768021470296,66.15060350680862,12900481681.541162,0.0,0.1998517384555368,0.2868691990765597,0.2565356529517612,0.1697833762022538,505728.713578537,0.0329052706176932,0.1896542475938001,0.0313491224294786,0.2868691990765597,0.426088707819409,1.0,0.2868691990765597,0.000734166114201797
4,2,0,0,2,1.7566266941138788,0.0977194511799734,6.503957954218507,0.0959333280641263,3.3316771894083352,4.639673931934836,0.6930304273737317,127.10044445516672,10850801215.843956,0.001155113625406,0.2452205621172613,0.2870751980700998,0.2204929501281532,0.1759097263625381,3739981.6680459455,0.0243085705281081,0.1399426737825462,0.0237058508041421,0.2870751980700998,0.4893296207890446,1.0,0.2870751980700998,0.0007335761197912315
3,2,0,0,1,4.490173418412632,0.0797304697460325,2.4565932546854934,0.0915358527962787,1.3559679893648664,7.695421821339297,0.2731174321327899,74.83842484692813,13899947235.145052,0.0011851981404958,0.2684833756509693,0.2872196170102956,0.206641940785609,0.1699352387280304,5191146.864033681,0.0213504458458215,0.0945744211858231,0.0210467819777069,0.2872196170102956,0.4296789966828185,1.0,0.2872196170102956,0.0007331627773667186
2,1,0,0,2,2.5956333642838763,0.0474366990998977,6.798625263775096,0.0333628881350618,3.748781327110046,17.695298783373765,0.7893288369662244,105.5426662952095,9263631525.819088,0.0010150077905968,0.2383240339638763,0.3030636956637991,0.2382858929142921,0.1794618523642981,3723713.838753381,0.0283900833809807,0.161322636815649,0.0275275581066289,0.287271711024487,0.4553584879598175,0.947892192746073,0.3030636956637991,0.0007330137359013861
4,1,1,0,0,4.478741943224865,0.0614051640515698,2.061794346712693,0.006565931626872,9.11946907429672,11.238516063577508,0.7584950421433322,75.24088237003409,14038720154.31464,0.0,0.182697462166992,0.2878360327967996,0.2737439800437627,0.1858830002365138,1074916.5603798712,0.0374678833050999,0.2170716198859659,0.0357469710630771,0.2878360327967996,0.3223267495490722,1.0,0.2878360327967996,0.000731401146520536
3,2,0,0,0,1.413927044334096,0.0922810325403306,4.823895621483357,0.0096292886823631,3.326516154432273,2.239443283663451,0.6476402570966256,60.50706702654011,16701164437.061129,0.0,0.2699694012960125,0.2879695599159858,0.2049802639050741,0.1723448663137124,6338049.562104201,0.0210084542952969,0.1161600463715862,0.0207613159339226,0.2879695599159858,0.3411749827397855,1.0,0.2879695599159858,0.0007310201026418327
2,1,0,0,0,1.9718693124170188,0.0697231889008795,6.874535633358121,0.0665145037037175,3.2137639583505044,5.739050716044561,0.517071420225344,113.72602584210338,12164038419.926205,0.001303119664924,0.222158198189258,0.3265636337711806,0.2705236517004318,0.2274679747271159,5100679.015472275,0.0365915230646682,0.2107219926939817,0.0355014408488181,0.2884348300813203,0.5949895246195004,0.883242346217348,0.3265636337711806,0.0007296939200734005
3,0,0,0,1,3.653692703954772,0.0794838019856193,0.7847884004135062,0.0725753031053251,1.7361516952944476,2.981144531540966,0.6408599275859326,99.51912080530047,16067609167.28228,0.0012087182361092,0.2003956287468744,0.2884694269597516,0.2590232952510634,0.2158038294341293,5988053.815874092,0.0335465337413597,0.1641535736851046,0.0325829386093862,0.2884694269597516,0.6019948813661055,1.0,0.2884694269597516,0.0007295954030342874
2,1,0,0,0,1.1772181554625367,0.0168077471087566,6.554386239293391,0.0154464256634363,8.608936634152398,5.800613519216608,0.5724617599029839,85.96848924654473,14260972551.773396,0.0,0.252109418697994,0.2885743524817587,0.2169122644282941,0.1439352706062449,427737.4873311285,0.0235254652297051,0.1346503343027011,0.0229499926192316,0.2885743524817587,0.3296515532257466,1.0,0.2885743524817587,0.0007292967015797748
3,2,0,0,2,0.3079521220587962,0.0242100262836556,7.792838517806963,0.0815714650697678,8.494468025143854,1.446875822524685,0.4431006629246979,128.21817271801837,17557615894.489143,0.001401110281027,0.2143911101747914,0.2890793055211443,0.2456737701074811,0.1717778106017018,371816.9336123778,0.0301778006594117,0.1764241923376325,0.0291975235737484,0.2890793055211443,1.002487802608773,1.0,0.2890793055211443,0.0007278609132756288
3,2,0,0,2,0.3079521220587962,0.0242100262836556,7.792838517806963,0.0815714650697678,8.494468025143854,1.446875822524685,0.4431006629246979,128.21817271801837,17557615894.489143,0.001401110281027,0.2143911101747914,0.2890793055211443,0.2456737701074811,0.1717778106017018,371816.9336123778,0.0301778006594117,0.1764241923376325,0.0291975235737484,0.2890793055211443,1.002487802608773,1.0,0.2890793055211443,0.0007278609132756288
2,1,0,0,2,2.3751448657635805,0.0937105840493994,6.103354784752907,0.0696378388662841,0.1677359546618959,9.56330787195192,0.1864108685702462,121.03918198004156,14083216613.579687,0.0011215827971913,0.2445720388496954,0.2893059267224691,0.2230692566946802,0.1857617082852733,6049024.707260925,0.0248799466411585,0.1364177076847579,0.0243535552872207,0.2893059267224691,0.4941762647841368,1.0,0.2893059267224691,0.0007272174556905507
2,2,1,0,2,1.1288284461014613,0.0636864479667656,1.8477708577688572,0.0056189797773472,7.594031785776724,12.913811483250804,0.2159654082788632,106.46130437582892,13787610713.664787,0.0,0.2085627952058973,0.289969164744375,0.2516828183698802,0.1655406210723888,834791.72859677,0.031672120531303,0.1798630634431307,0.0301260209584237,0.289969164744375,0.4100054743201632,1.0,0.289969164744375,0.0007253375554958099
3,2,0,0,1,3.9422804313802455,0.0297073765999811,5.519834591708566,0.0371174626135258,5.76278309456436,7.551755862379066,0.3153676658140366,100.91897523077094,13159851554.778234,0.0008617514820688,0.1882404371343822,0.2904717882435644,0.2705022257487602,0.188281260031027,2283472.323943955,0.0365857270675166,0.2153424185035513,0.0348458303217418,0.2904717882435644,0.4469143676914798,1.0,0.2904717882435644,0.0007239161431001061
2,1,0,0,2,4.888578357429996,0.0633428412782661,9.528812933450578,0.0022810154780107,1.9554801355922444,19.106821036058143,0.7615072424113635,124.87668590616164,15321507258.016731,0.0,0.2315351631273201,0.2909471561489306,0.2342777109050699,0.1355641481396297,181019.0019758945,0.0274430229134597,0.146178524165977,0.0259878186183873,0.2909471561489306,0.4593828729427475,1.0,0.2909471561489306,0.0007225743722469798
2,1,0,0,2,4.207938226770568,0.077517329780172,4.413008610460726,0.0945432341848924,0.1145003492306548,12.221075356072465,0.3857036901021168,127.2049868027106,13993330589.864368,0.0010088617972416,0.2297779301550075,0.2915873229338099,0.2384521785386537,0.1959400656481787,7303027.425017329,0.0284297207249149,0.1090700946678673,0.0278058874510823,0.2915873229338099,0.5804582023320711,1.0,0.2915873229338099,0.0007207713697945658
1,2,0,0,2,1.5865576184873191,0.0437825396399155,2.126806904373968,0.0296816646587703,1.4481232727250053,1.3995088077165845,0.0797351557104643,66.95812702833555,11746171790.9278,0.0011319380574905,0.2688337494697259,0.404974483477538,0.2901840761127303,0.2440560555961659,6107336.600791533,0.0421033990146994,0.245866136434093,0.0407708647092263,0.291988657085007,0.5891573215825988,0.7210050731534602,0.404974483477538,0.0007196433243330726
2,0,0,0,1,1.1385518517087432,0.0069701968515317,8.9565569405728,0.0149891842757467,6.161829181648376,8.520169311802357,0.1370958991671156,104.01362412222096,15943156473.712711,0.0,0.1830311344691865,0.2927069095241212,0.2775687776859593,0.1887843527986703,1238000.4391761376,0.0385222131730387,0.2307087158656294,0.0368053241700446,0.2927069095241212,0.4049631417291462,1.0,0.2927069095241212,0.0007176289095874998
5,2,0,0,2,0.2273060759683932,0.0295484058062171,0.5428425600085541,0.0151828295502981,0.4812642743644367,2.106124462791794,0.5536693844395065,98.99907119525744,17576565247.97021,0.0,0.2035477624841794,0.2927520539909181,0.2584591457706194,0.1896114366287687,2674769.896837717,0.0334005650162391,0.1914206620197124,0.0322237359409945,0.2927520539909181,0.4148362339332108,1.0,0.2927520539909181,0.0007175024856760024
1,2,1,0,1,1.6856841530019806,0.0680788054368072,6.150287777399796,0.0015732262223485,1.1109358601482344,4.3276202352575055,0.8078112189564669,97.59644015259194,18993353567.8733,0.0,0.1729441683534419,0.2415272695655144,0.2387343690757688,0.1674286391502887,1365643.3074333866,0.0284970494890027,0.16455573094429,0.0276079649897216,0.2927614819798902,0.3143517917962468,1.2121259951579857,0.2415272695655144,0.0007174760860659057
3,2,0,0,1,1.8988755616946504,0.0660972689741587,5.069653873757038,0.0516705610538646,2.9254042260489506,5.378816825992201,0.260337463665685,75.54623583314394,17411114667.84039,0.0011818594452844,0.2687250377997109,0.2934192880506867,0.2099763000080885,0.1804652498123539,5177815.0412858445,0.0220450232825434,0.1184688001459851,0.0217085850135083,0.2934192880506867,0.4820399362440827,1.0,0.2934192880506867,0.0007156365386291964
3,2,0,0,1,4.607571808330067,0.096147580896566,5.614050235509658,0.071334339412756,0.8472490254087378,8.182477389466767,0.4145206885374027,69.01671861728447,13713885930.237823,0.0013008366810036,0.2265993516034624,0.2939413523995038,0.2401102448399514,0.1926525024241507,2433741.0628005536,0.0288264648385507,0.1627296593717575,0.028131935652635,0.2939413523995038,0.5765111975245147,1.0,0.2939413523995038,0.0007141799489840462
5,1,0,0,2,2.2961055032492816,0.0440175843093377,6.2677159952095165,0.0188457490036675,5.082854139859428,16.23823204858377,0.2751703765456058,86.30891995965645,18757209629.869385,0.0006793015731675,0.2299641299793106,0.2940066445446497,0.2371983834186056,0.1858204827145447,2739753.2776965736,0.0281315365481999,0.1646622042727774,0.0273997013168652,0.2940066445446497,0.4087270999875865,1.0,0.2940066445446497,0.0007139979888341348
4,0,1,0,1,0.147956838219596,0.0264770862070696,8.228765607088093,0.0659216064770876,6.697968146260144,11.594312360356126,0.0885820592086395,69.98624516866525,13710056775.500862,0.0014828089130023,0.241816552494068,0.2942074482953988,0.2284356593315958,0.1286617892180959,1103635.973114024,0.0260914252271304,0.152272725227888,0.0246036068775154,0.2942074482953988,0.5836776155473683,1.0,0.2942074482953988,0.0007134386671271022
3,0,0,0,0,2.892883649864612,0.0589810192848705,5.662109601198142,0.0507662776162567,6.462977596416345,4.611124758258663,0.8329133119624097,75.77118953752395,17316722455.031757,0.0007655875334596,0.1914399636619232,0.2636645982087781,0.2428252578827324,0.1877782137416311,2556520.1784980143,0.0294820529329077,0.1745290942466173,0.0286576436791573,0.2946834431860496,0.5503386613084292,1.1176450884494924,0.2636645982087781,0.0007121145736720371
2,1,0,0,0,1.64010807715869,0.0934279004739405,8.755551398062755,0.0986426280345985,4.273245806714964,2.5270767797233105,0.8085022442695029,127.54537191918716,13618788081.815308,0.0006144386972939,0.1947222810979523,0.295039349333044,0.2686507539994481,0.1948723650911844,2468877.0223677205,0.036086613812236,0.207507388976229,0.0345536621010099,0.295039349333044,0.3730932258785919,1.0,0.295039349333044,0.0007111261416437866
1,1,1,0,2,2.36704767328036,0.0050759921256352,0.8569262438633206,0.0759556094156185,8.934488324291149,16.649851825095595,0.8027755870307712,105.10944097004904,11026497552.204462,0.000634445916498,0.4176481790202804,0.7106630727964091,0.3543161389584927,0.2941459036311191,9296290.72295906,0.0627699631632269,0.3605518668423785,0.0602917477359152,0.2952238219278714,0.3491607021299122,0.4154202367180645,0.7106630727964091,0.0007106143594115242
1,1,1,0,2,2.36704767328036,0.0050759921256352,0.8569262438633206,0.0759556094156185,8.934488324291149,16.649851825095595,0.8027755870307712,105.10944097004904,11026497552.204462,0.000634445916498,0.4176481790202804,0.7106630727964091,0.3543161389584927,0.2941459036311191,9296290.72295906,0.0627699631632269,0.3605518668423785,0.0602917477359152,0.2952238219278714,0.3491607021299122,0.4154202367180645,0.7106630727964091,0.0007106143594115242
2,1,0,0,0,3.0063168868403136,0.0289916599448336,1.5642973167435934,0.0762082625746781,8.859607295937918,2.675266702737828,0.6134870639201639,92.15079915321674,12151293192.705303,0.0014119460043354,0.1906940061177424,0.2957917058076412,0.273491053965609,0.1873532264656017,2090434.045718358,0.0373986782996098,0.2102409392829711,0.0356496931847515,0.2957917058076412,0.2952561681562111,1.0,0.2957917058076412,0.0007090411904162239
2,1,1,0,2,4.652605164141494,0.0237592381226932,4.7417421622209055,0.0557999328593873,0.9696464633708998,9.323562879760251,0.7520027678173228,105.083614200781,11017842775.787865,0.0010002009231571,0.2831343826581599,0.2963007196369893,0.202675892880996,0.1312009529676614,270242.52814235433,0.0205387587775544,0.1176355502769976,0.0199958302277646,0.2963007196369893,0.8858478781449297,1.0,0.2963007196369893,0.0007076340650947596
3,0,0,0,0,3.4994996420559774,0.0504486630009118,5.23887866044708,0.0591611343015574,3.391136842996461,1.1948059940850526,0.5824925101740948,68.19810023777376,9854356674.089218,0.0013620918023733,0.2358547173036368,0.2966572955012285,0.234821168160555,0.1689994718324121,4285217.968298671,0.0275704905081438,0.1610676467465502,0.0263385080266168,0.2966572955012285,0.5170283449626571,1.0,0.2966572955012285,0.0007066500051510712
2,2,1,0,2,2.9330231785690666,0.0658120051089813,3.5657548409237507,0.024952549269553,3.923921278686248,15.029958632034678,0.3196850120855007,114.9083196608374,13890612480.2293,0.0009847736612044,0.2205439036050752,0.296756782132233,0.2474282683017941,0.1833518552738438,3047929.8890888914,0.0306103739774123,0.1715220497925422,0.0295337293321583,0.296756782132233,0.3805117814764611,1.0,0.296756782132233,0.0007063756912543221
1,0,1,0,2,1.0760367107459428,0.0642652174992414,7.102260276197722,0.0335470036722088,4.24960162463582,5.255353346980067,0.8154401767398416,126.99365235938076,17140151989.128605,0.0006464751635461,0.2319453432783234,0.3357622806090667,0.2697076654564638,0.1820718179147128,993884.2485422856,0.0363711124029879,0.2041466925763129,0.034915490359929,0.297128963599316,0.4190868326644904,0.8849384840379614,0.3357622806090667,0.0007053504214993089
5,1,0,0,2,2.328616283525298,0.0445836404317313,6.265461280736259,0.0188979001247088,5.105877055779652,16.195107668603796,0.275177918513781,85.75050729211524,18759458504.74752,0.0006802665374941,0.2315875902705,0.2973796560740862,0.2386561620601498,0.1867656618348828,2752365.8281532903,0.0284783818446402,0.1669587898263238,0.0277327751475615,0.2973796560740862,0.4086833754400647,1.0,0.2973796560740862,0.0007046606633808006
4,2,1,0,0,2.382019524738148,0.0467464046259485,3.8708701298099566,0.091092698377398,5.928189465248322,4.389963974266854,0.4068144068394371,67.95558274780026,15108275091.941145,0.0011354519956769,0.2194938657827684,0.3414728255016565,0.2845200550802397,0.2358210697088355,3838575.357206443,0.0404758308714313,0.2471546519651951,0.0392636872663663,0.2975947392699697,0.5602919038551204,0.8715034317380141,0.3414728255016565,0.000704069418661185
4,2,1,0,0,0.5211308650194081,0.036578224842709,1.8884467458493088,0.0993775422897645,6.90086957208452,2.294649703990226,0.2450992484819434,69.4852445091815,13471036610.374683,0.0014630076980864,0.2984978611272786,0.2977818110254757,0.1950554947431606,0.1551656968944427,7542924.240103927,0.0190233230147495,0.1028391608216324,0.0187776787962602,0.2977818110254757,0.3653736102396791,1.0,0.2977818110254757,0.0007035555783121589
4,0,1,0,1,0.2300739954412535,0.0251304907158999,7.407189166954131,0.065855058981291,6.315676057585455,11.715377819947896,0.1059356879927225,69.72005678966414,13706009918.521372,0.0014555223218726,0.1987159711702193,0.2985676122586616,0.2674841834505309,0.1670923872362999,185262.3860815745,0.0357738941980986,0.2157957387816781,0.0337520813442726,0.2985676122586616,1.0477206629664833,1.0,0.2985676122586616,0.0007014012673991907
4,0,1,0,1,0.2300739954412535,0.0251304907158999,7.407189166954131,0.065855058981291,6.315676057585455,11.715377819947896,0.1059356879927225,69.72005678966414,13706009918.521372,0.0014555223218726,0.1987159711702193,0.2985676122586616,0.2674841834505309,0.1670923872362999,185262.3860815745,0.0357738941980986,0.2157957387816781,0.0337520813442726,0.2985676122586616,1.0477206629664833,1.0,0.2985676122586616,0.0007014012673991907
3,2,0,0,2,3.505854178435752,0.0435242097725852,2.6589295130859245,0.0955844256903171,3.974658595360575,5.105133695305966,0.1950771790287239,62.56589455824732,18189728341.354088,0.0013729809277524,0.2671615978651587,0.298803549585813,0.2144589508410654,0.1778479121004266,3790606.7518874034,0.0229963207979252,0.1331412517534094,0.0225804312648847,0.298803549585813,0.3828581796892322,1.0,0.298803549585813,0.0007007557227333813
5,2,0,0,2,3.9237203546528727,0.0642668604636087,2.118992712988532,0.0162923703354821,1.399220203089135,18.417247071142334,0.3487021053196817,103.66557596792931,15783531774.497,0.0,0.2373637894960616,0.2989469752525628,0.2356464450215838,0.1680195876389681,1701237.9434921276,0.0277646235256551,0.1595142435684913,0.0265691196915831,0.2989469752525628,0.3369008914144095,1.0,0.2989469752525628,0.0007003635882670301
2,1,0,0,2,2.1465354904084437,0.0471192716511854,6.769316560023363,0.033902474521034,3.7690243973485926,17.619410091168646,0.7881378258783933,105.5622195469711,9305828709.690872,0.0006759421899767,0.2311836102682124,0.2995067870597689,0.2409057713328096,0.1796539868680234,3656025.627333816,0.0290177953307279,0.1661639050179304,0.0280748858689452,0.2995067870597689,0.4104978374195861,1.0,0.2995067870597689,0.0006988351274486495
1,1,0,0,1,0.1385876815050583,0.0628785455361745,6.051822916002106,0.0712417157790941,6.867693834862327,2.662824680947566,0.8029314025111746,100.25915839493128,12857413128.672895,0.00137493889082,0.2382855107661738,0.3000202897114095,0.2366965246573292,0.2134173361724785,6555584.550704968,0.0280126223924288,0.1442851272880546,0.0276367943065673,0.3000202897114095,0.5926362921040754,1.0,0.3000202897114095,0.0006974360384366199
1,0,0,0,2,1.231423585313388,0.0332495067781374,9.131703604658266,0.0488277229860385,6.84610303475459,8.538308631190224,0.2838849070886429,78.21113331893959,14577474842.572817,0.0011885879993513,0.2096913681059254,0.3002868311333201,0.2599987315784614,0.177489564084573,1137588.40019393,0.0337996702112044,0.1846932774933204,0.0325592653806311,0.3002868311333201,0.554644752333687,1.0,0.3002868311333201,0.0006967109244887483
2,1,0,0,0,2.9241032722646563,0.0271315793130253,1.643281783472378,0.0824312900792523,9.0425135110098,2.680657547094628,0.6037775905049175,92.1966234348886,12192694481.699284,0.0014017910189855,0.19552870755089,0.3003546526445698,0.2729184014875113,0.1875842246053793,2159792.7261041934,0.0372422269352492,0.2092655854568471,0.0355101189036471,0.3003546526445698,0.2997009430157974,1.0,0.3003546526445698,0.0006965265394684899
2,1,0,0,0,3.913823695725323,0.0248984116242683,3.6048442028055354,0.0569669798542158,6.212327808525967,15.25610609988592,0.0312902208638686,89.6647606036821,10696950074.182182,0.0014138272423358,0.2777441151334536,0.3004190665115613,0.2097868523374305,0.129572326271,255554.08946562448,0.0220052617068234,0.1103631702602322,0.0214279541326915,0.3004190665115613,0.4062260828641394,1.0,0.3004190665115613,0.0006963514639259468
3,2,1,0,2,3.434575185727999,0.0660769970668026,6.191690593988783,0.0192134931912981,7.488285024000818,12.179134164152613,0.6403005181953617,71.47701161725205,17276469371.67226,0.0011614597377054,0.2176986652302057,0.3006985653381986,0.2528051349473378,0.1867487554116249,3079481.0697684675,0.0319552181278708,0.1851081250910831,0.0308706060859737,0.3006985653381986,0.4398949176539249,1.0,0.3006985653381986,0.00069559230156615
3,2,0,0,1,4.607100354311785,0.0962935569643943,5.64888262693322,0.0711543377182452,0.8392272191766081,8.238664071263578,0.417217352399897,69.03023518778434,13760066797.485,0.0012973139922798,0.2589445589748811,0.3007749786956584,0.2228785769022049,0.1901204415895017,5306225.224827468,0.024837430020976,0.1169957844303484,0.0244529164195762,0.3007749786956584,0.4864635385767252,1.0,0.3007749786956584,0.0006953848950864461
1,2,0,0,2,0.8290594233171841,0.0329704285313002,4.059500195153789,0.0077957861916032,9.5322739959226,4.744577976769,0.023635392115913,72.12481996348012,9361315259.3021,0.0,0.2497205801484937,0.3009193477516705,0.2279255606363864,0.1548858114542931,1421826.927692073,0.0259750305957055,0.1518523781548024,0.025051357171381,0.3009193477516705,0.280901825616393,1.0,0.3009193477516705,0.0006949932072766412
2,2,1,0,2,0.398017276476177,0.0155715562645966,5.450632809014152,0.0090951229565731,6.250131413998532,6.765875005909424,0.0824060270809836,67.46215770162118,17776400919.485916,0.0,0.2090709821242699,0.1909491939403313,0.1641660046921065,0.1165537081618439,302621.5135221668,0.0134752385482843,0.0757148711347499,0.013316461839119,0.3010138316780164,0.314860362276361,1.5764079725420497,0.1909491939403313,0.0006947369823069551
3,0,0,0,1,3.77345409867273,0.0887206536363394,3.0164050773580158,0.0746880208220897,1.8860427427418056,10.281985784858591,0.6065504217972065,100.52095553697217,16791177613.84357,0.0011754439847308,0.2416520698039186,0.3016057263232977,0.2370496058175014,0.2047415486956667,5199275.476083173,0.0280962578091164,0.1143392842021384,0.0275683135492461,0.3016057263232977,0.4670409808480721,1.0,0.3016057263232977,0.0006931340087902427
1,0,0,0,2,0.4765592558811444,0.027729583657814,4.9782099204380605,0.046197538179509,5.713183502167749,6.498101740544291,0.0752737076364022,75.02593044426769,13021581669.38171,0.0011103049320864,0.2365123718806785,0.3018707308412457,0.2389561015695165,0.1608071729370509,1174267.6576821576,0.0285500092386505,0.1579681798785691,0.0275271782267079,0.3018707308412457,0.48647245835363,1.0,0.3018707308412457,0.000692417520738402
5,0,0,0,2,0.6198523641395043,0.0183425614589342,7.527018118128282,0.0977319485070678,4.816995537566568,16.689436340935245,0.7987901922910152,91.23484767647908,15460428753.695892,0.0008062571397448,0.2082829923110215,0.3020852424867851,0.261855210739909,0.1683947402032149,255064.1391234397,0.034284075695821,0.2053738864177779,0.0327966891975233,0.3020852424867851,1.0758187112628432,1.0,0.3020852424867851,0.0006918380918110187
5,0,0,0,2,0.6198523641395043,0.0183425614589342,7.527018118128282,0.0977319485070678,4.816995537566568,16.689436340935245,0.7987901922910152,91.23484767647908,15460428753.695892,0.0008062571397448,0.2082829923110215,0.3020852424867851,0.261855210739909,0.1683947402032149,255064.1391234397,0.034284075695821,0.2053738864177779,0.0327966891975233,0.3020852424867851,1.0758187112628432,1.0,0.3020852424867851,0.0006918380918110187
1,0,1,0,1,2.7764167337275767,0.0373333777390573,7.456986168692528,0.0403114989018613,3.120004456139409,13.302538870791308,0.3819218209570293,99.07810149523962,14686303987.70304,0.0009272899878465,0.2110514696744236,0.3021840527820096,0.2613485707896649,0.210246306167803,3610359.6559035983,0.0341515377269002,0.1693319065169704,0.0329035305682962,0.3021840527820096,0.5842735103205856,1.0,0.3021840527820096,0.0006915713531548166
5,1,1,0,0,0.787706284646747,0.0062665702991031,8.305111961463298,0.0339325390001894,9.511200956039348,6.231467887675995,0.3454454626560487,62.43421536547768,9148087722.872746,0.0006734034660818,0.2329657393056474,0.3025111842341147,0.2419961405028929,0.1623531148677996,402247.605987568,0.0292810660091479,0.1664961528347974,0.028367280760839,0.3025111842341147,0.8967406469512057,1.0,0.3025111842341147,0.0006906889945542038
1,0,1,0,1,2.7846036301712886,0.0373894799952074,7.3561553904561245,0.0401289647262163,3.1002604441887414,13.26516264387556,0.3823945300391975,99.11246215866656,14696016626.524672,0.0009272371101718,0.2114040448012817,0.3031059768419188,0.2618735910784648,0.2099592688401228,3602447.416079745,0.0342888888521655,0.1692196632206289,0.0330083011464437,0.3031059768419188,0.5835171727993906,1.0,0.3031059768419188,0.0006890875674975158
4,0,0,0,0,0.5210427562635224,0.06608989438905,8.555201671733977,0.0960613225384602,2.405507193426081,2.208017049387186,0.3012210179941954,119.92361000870636,9927321834.91874,0.0005608391739398,0.2711422805466206,0.3032661270506052,0.2176342181161371,0.1781055694373094,8222491.398981653,0.0236823264475111,0.0909714128500047,0.0233277600246863,0.3032661270506052,0.5549000867914405,1.0,0.3032661270506052,0.0006886570119029079
3,2,1,0,2,1.008131746765421,0.0254967083925316,3.0849857472410407,0.0685249167959224,9.879659360802991,18.59967147337672,0.3495501243793781,64.09360974079914,17486825850.547783,0.0012539593327897,0.2858042276000281,0.3035682729180839,0.2061789153106698,0.1347502682433894,488342.484703156,0.0212548725593421,0.1221262246103832,0.0206863647372505,0.3035682729180839,1.035647328272324,1.0,0.3035682729180839,0.0006878454406992626
2,1,1,0,0,4.7044024190826415,0.0132441190667267,8.754576381754715,0.0277064606287114,3.144130006585115,7.979261112867324,0.270887496237927,100.21219329427018,12148304520.641716,0.0005851398430977,0.2461248488181238,0.3038095261825788,0.2329709853637148,0.1606901836733369,3886893.507722216,0.0271377400106701,0.1549581266805665,0.0263492510640577,0.3038095261825788,0.6536259355499388,1.0,0.3038095261825788,0.0006871981152927661
2,0,1,0,0,4.5036591246742335,0.0471529158043824,4.086738943363439,0.0568885863131456,1.341138385857947,6.9418781613646585,0.4366928652470789,114.6855578705239,12818806186.07426,0.0008340539685139,0.2473590502060522,0.304704192186806,0.2325319886215126,0.1515565923475696,2473314.234388192,0.0270355628661376,0.1585735758183316,0.0256042754663616,0.304704192186806,0.4262159493390899,1.0,0.304704192186806,0.0006848028812705087
2,1,0,0,2,2.7310587633390577,0.047549761000513,6.909612284680361,0.0322626786307231,3.8643488650186,17.074687553066042,0.7601297256482272,104.2958473100014,9054330440.32803,0.0010054532997928,0.2325405058018817,0.3050852360802283,0.2443654441685204,0.1817281014643808,3509711.686848308,0.0298572351518391,0.1705787987938934,0.0288741752568932,0.3050852360802283,0.4540824400711455,1.0,0.3050852360802283,0.0006837852727525477
2,1,1,0,2,1.4870954960319802,0.0564976037287402,2.940902940413907,0.0136483070798781,7.342120256363869,13.335038569850646,0.1986042726725681,97.38068304363514,15298496676.641172,0.0,0.1935648578512371,0.3056868977111977,0.2787826138023708,0.1852983066484796,588154.7354280665,0.0388598728792409,0.2347335554856664,0.0371403747726793,0.3056868977111977,0.4374802769476416,1.0,0.3056868977111977,0.0006821815647220748
2,1,0,0,2,4.029247880561676,0.0672975815048017,4.746272184778152,0.0423334109258776,0.4926873582818881,19.701992597112696,0.4004445087681783,129.41354144118472,15068746061.6875,0.0008723481822288,0.2129498728554273,0.3061049876786421,0.2614462579414283,0.1906170894696163,1936489.6007656087,0.0341770728957879,0.1989259413692884,0.0328657201146128,0.3061049876786421,0.5463791776483089,1.0,0.3061049876786421,0.000681069375999783
1,0,1,0,2,0.2675752079665056,0.0978569881327517,8.525205571232025,0.0232991907809783,7.846216822237099,8.381996968981,0.4402886936567938,84.23064049661562,13978545693.115538,0.0007556227294807,0.1861972620368813,0.3062716904725548,0.2882342514486044,0.2256002574531253,3983439.759537836,0.0415394918540686,0.2229906235039502,0.0397655435186063,0.3062716904725548,0.5795212169872243,1.0,0.3062716904725548,0.0006806264246877295
3,2,0,0,1,1.9751748418080923,0.0292052003220238,5.270774084785141,0.0136440052385043,7.852973878810481,2.660020213591672,0.3540567435377819,83.02272276582529,12995113987.669085,0.0,0.2416288058858593,0.3066549058658185,0.2385840317598861,0.1841851429193635,4011628.4276262615,0.0284611701054011,0.1621115917179888,0.0275722453986199,0.3066549058658185,0.3559895698749131,1.0,0.3066549058658185,0.000679609262842953
1,2,0,0,1,0.9765294902069132,0.0228747396991375,0.7617890611702773,0.0436401041690983,5.720556362099367,2.3633434814435432,0.3671316952071959,102.007895714272,9497920882.538008,0.0010946018945754,0.3280888753057656,0.5277211952266718,0.3214176478168449,0.2605727291179535,6121017.59750358,0.0516546521640566,0.3198437880022431,0.0495048927354684,0.3067259442113573,0.3726029086570734,0.5812272597457631,0.5277211952266718,0.0006794208740975093
1,0,1,0,1,2.7846036301712886,0.0373894799952074,7.3561553904561245,0.0401289647262163,3.1002604441887414,13.26516264387556,0.3823945300391975,99.11246215866656,14696016626.524672,0.0009272371101718,0.2114040448012817,0.3031059768419188,0.2618735910784648,0.2099592688401228,3602447.416079745,0.0342888888521655,0.1692196632206289,0.0330083011464437,0.3069829380342438,0.5835171727993906,1.012790777775877,0.3031059768419188,0.0006787397804584564
2,1,0,0,0,3.944070430209208,0.0342015810638858,2.456858213607391,0.0700989985344308,6.103657591394487,9.137642576961325,0.417051653108251,116.90499372769132,12695608741.508545,0.0011917536476114,0.2291373478301581,0.3072051843608872,0.2490081938885035,0.1766053943075754,2966991.4444122417,0.0310025403118072,0.1735443528898872,0.0297668054463106,0.3072051843608872,0.3430041911989212,1.0,0.3072051843608872,0.0006781513263607679
4,2,0,0,2,1.025272240761945,0.0699600273225001,7.439350206599598,0.0152437799824239,1.927215256974095,3.515785549243011,0.77863101349812,124.33539763896776,9318117445.145006,0.0,0.2900556925655087,0.307313896477031,0.2077372240980376,0.1662308968198889,7505533.474908727,0.0215773771379791,0.0961933241289796,0.0212712265389784,0.307313896477031,0.3181046610361026,1.0,0.307313896477031,0.0006778636690167215
4,1,1,0,0,0.9187453624060392,0.0084364436708952,7.080890753245967,0.00377046707868,9.386640116999832,13.684897911906315,0.4279194676049905,79.05562298652912,11549506858.56663,0.0,0.2882808921990259,0.3533960831179931,0.2391970649797838,0.1601257433591917,1610590.8169309865,0.0286076179474714,0.1675400897136031,0.0275924532978594,0.3074266112835309,0.690248644562188,0.8699208224695754,0.3533960831179931,0.0006775655492058399
4,1,1,0,1,2.2538380274929133,0.0280884853918285,4.882438175734091,0.0312958172870207,6.099782835821749,12.25678999565125,0.6920051123064538,106.860916477073,11292263162.241913,0.0012524537939948,0.2399548484654038,0.3074743615955945,0.240568057661922,0.1903698698430962,3457599.720845316,0.0289364951836149,0.1637340171734517,0.028154108522338,0.3074743615955945,0.4470102393462636,1.0,0.3074743615955945,0.0006774392937682751
1,0,0,0,1,0.1610194109287213,0.0072268791344061,9.613182838569305,0.0137523235691504,9.482098673249167,8.229296333097219,0.4971490226173089,93.37899490744964,13107479778.658756,0.0,0.3497924623636718,0.4723216523611953,0.277089624724165,0.2125288453628126,10836077.398577867,0.0383893300648892,0.1517344221028193,0.03735736882791,0.3082862344854434,0.2677272007685147,0.6527040057221214,0.4723216523611953,0.0006752962373487474
3,0,0,0,1,3.784613666379402,0.0889334586442636,3.1704010984108297,0.0744856423617544,1.7866193122104568,10.180307355576536,0.5986859016594069,98.64445898694748,16746337411.66409,0.001237931217534,0.2503640201108258,0.3084220522580433,0.236351751313987,0.2045884852531773,5305986.11863531,0.0279310751745943,0.1051766878259645,0.0274626863587303,0.3084220522580433,0.4987325108038726,1.0,0.3084220522580433,0.0006749383891250243
3,0,1,0,2,0.2349134922745182,0.0878659523665599,9.01576117367309,0.0375139805357914,2.064033195713753,4.935338827585003,0.3852632875175356,67.04417041509107,11820268259.854507,0.0009982018958617,0.1936535521079321,0.3087747640233232,0.2842569529554403,0.2179502275999648,4693007.140556377,0.0404010076517557,0.1910441054051518,0.0382179210502207,0.3087747640233232,0.6554053355421651,1.0,0.3087747640233232,0.0006740099611236942
3,2,0,0,1,4.694872291030971,0.0978772113013716,6.092730222516577,0.0968526296102476,2.441809509867289,7.914278213316077,0.3738424464851288,84.40531406121735,10125398532.289684,0.0014280202116943,0.2356687865857162,0.3090908552350453,0.2449676895236814,0.2119537283167596,3030938.187292877,0.0300045844552853,0.1739807208967116,0.0294172225768079,0.3090908552350453,0.5907839448991624,1.0,0.3090908552350453,0.0006731790129894991
4,2,0,0,2,1.0230131126330726,0.0702430918323827,7.477665938414499,0.0151200883445319,1.9269318258589052,3.5276998904049504,0.7787128708230135,124.29967975740377,9300483081.933016,0.0,0.2910037472024238,0.3093680567197767,0.2084516430852503,0.1677232644007598,7454444.954446405,0.0217260437524702,0.0996676202883498,0.0214247348052138,0.3093680567197767,0.3184068600476826,1.0,0.3093680567197767,0.0006724511422655793
4,0,0,0,0,4.476776026108721,0.0260850806568621,8.111217748693596,0.0906065720113743,7.142851010041557,1.9085230467984131,0.0862704330317105,118.37136807345976,9622127800.751167,0.0013582731273095,0.2446051159315777,0.3107244739538271,0.2391993543295034,0.1645834933329254,90673.1411584953,0.0286081655558256,0.1688112324442742,0.0278034157386847,0.3107244739538271,0.7040526449027038,1.0,0.3107244739538271,0.0006689008176457039
2,0,1,0,0,4.159971872598438,0.0130181282628988,8.724854754856803,0.0279280941921217,9.30398359621451,7.991292155240514,0.2728453969866508,100.29114868637345,12172525979.583849,0.000583540210902,0.1879840973797493,0.3108247329095907,0.2888235912499509,0.2069537139270664,3904554.452335308,0.0417095334312593,0.2568660262855128,0.0398764100343682,0.3108247329095907,0.6062086064117519,1.0,0.3108247329095907,0.0006686391422026727
5,1,0,0,1,0.5596468993118258,0.0978026297171626,8.311335731054783,0.0940633984074511,7.230754057544726,2.5113872418229306,0.5285469440777006,94.85954717238936,10221210448.584164,0.0007173872678156,0.2176922790007215,0.3115524605149595,0.2615040199816737,0.1879596895040516,3598666.225704641,0.0341921762332878,0.2059156705455316,0.0325507169846827,0.3115524605149595,0.4063316317965381,1.0,0.3115524605149595,0.0006667428419561821
3,0,0,0,1,1.3454276849317766,0.0196050251179491,9.240585767375071,0.0161877904301302,9.132187971700391,9.171880100613182,0.1328972307375387,69.36521576157764,11366371760.47718,0.0,0.2757395395477487,0.3117827868464059,0.2183005338590199,0.1691904125383951,4235706.005897584,0.0238275615415665,0.1382455367591278,0.0232146665492871,0.3117827868464059,0.4339995180054092,1.0,0.3117827868464059,0.0006661437826736667
3,0,0,0,0,4.71045538924722,0.0898946623214058,3.797335387702092,0.0767989104446386,2.414174861761421,3.8786313737006783,0.6219679664287122,86.11726871884123,14809086033.065664,0.001008640358263,0.2555221007921732,0.3131101163091397,0.2330557070018577,0.1514621380541092,2343401.024022831,0.0271574812830678,0.158898743892389,0.0257282055345782,0.3131101163091397,0.4832834183572686,1.0,0.3131101163091397,0.0006627019847216486
1,2,1,0,1,0.5701902018285032,0.0643126220625812,3.725393069271657,0.020826458064366,9.65780933370091,12.136412394962392,0.6590646094667586,78.61689026902974,18854519546.19177,0.0005655057570744,0.2593738729616852,0.3131829021074062,0.2309120453148516,0.1431421262759226,1039806.9034922182,0.026660186335744,0.1458021691042832,0.0256775599060484,0.3131829021074062,0.3577357229586665,1.0,0.3131829021074062,0.0006625137645062785
4,0,1,0,2,0.5141581175144769,0.0055068918672531,5.182142251669162,0.0391798689291197,3.203117351538507,2.515379433541458,0.2297336384484302,99.86602835922145,11007110357.405746,0.0013171724337099,0.2321288774001897,0.3133292637362433,0.2509370425867236,0.17651455699871,591031.8996460931,0.0314846996710855,0.1874398500266128,0.0304286893063885,0.3133292637362433,0.9266255585046578,1.0,0.3133292637362433,0.0006621354429067375
2,1,1,0,0,4.700979798790405,0.0134906584665697,8.74959723279269,0.0277300231451257,3.180614045392302,8.054833653384025,0.2727523965829018,100.02285499830718,12137915562.732405,0.0005823342715143,0.2602333751261464,0.314115446827169,0.2307986416730021,0.1565697356915432,1749266.107345686,0.0266340064990514,0.1494438896057924,0.025880256996908,0.314115446827169,0.6879073652299644,1.0,0.314115446827169,0.0006601069781079538
1,1,1,0,2,2.065570015316251,0.0582523759725642,3.2025766657602763,0.0275956507272933,5.451129473245402,19.172140141305565,0.1929805214891381,65.16834910191555,10096216097.286322,0.0014280397966515,0.2186820158659564,0.3154762122003732,0.264727025930498,0.1811394911447155,1977174.5427200524,0.0350401991290033,0.1956205001605755,0.0337090853363938,0.3154762122003732,0.4013401014500216,1.0,0.3154762122003732,0.0006566106843005962
4,1,0,0,0,2.8141065420076914,0.0348567663918883,3.032180150755787,0.0938550735618912,1.9825394622721808,15.30642842486559,0.2427306864378419,123.71020537938055,19886620798.695927,0.0011071754122091,0.2129939261867044,0.2434617762382401,0.2077198514905278,0.139602550927259,1511718.146233475,0.0215737683516234,0.1234360560532681,0.020926211208012,0.3158372089332135,0.3791325584175636,1.2972763684437685,0.2434617762382401,0.0006556862663923357
2,0,1,0,2,0.1909674935435953,0.017021333282385,7.165603957923719,0.0774955177718368,6.303186613132497,15.00416957820489,0.588772463182371,108.77754474866413,15069449429.061874,0.0,0.2288237080376726,0.3160443061298127,0.2561994313745792,0.1722727892743071,215371.6766580931,0.0328190743183288,0.1886469250474862,0.0316537564213917,0.3160443061298127,0.7365658698594297,1.0,0.3160443061298127,0.0006551565324023743
4,2,1,0,0,0.9120297961728782,0.0163843311543243,9.152554023907326,0.0466099020698582,3.6365841451789,17.4969297080205,0.0655348942125015,62.17658950418167,18409786643.389183,0.0010446855479659,0.2952105678823025,0.3161532946116702,0.2092028565680225,0.1383557288890378,308491.019267829,0.0218829175981103,0.1262661602417031,0.0213074926469922,0.3161532946116702,0.9180732293613908,1.0,0.3161532946116702,0.0006548779226298046
4,2,1,0,0,0.9120297961728782,0.0163843311543243,9.152554023907326,0.0466099020698582,3.6365841451789,17.4969297080205,0.0655348942125015,62.17658950418167,18409786643.389183,0.0010446855479659,0.2952105678823025,0.3161532946116702,0.2092028565680225,0.1383557288890378,308491.019267829,0.0218829175981103,0.1262661602417031,0.0213074926469922,0.3161532946116702,0.9180732293613908,1.0,0.3161532946116702,0.0006548779226298046
3,2,0,0,1,3.795827209673828,0.080164415244794,7.174509170635371,0.041471714456139,6.5234916679721335,1.41312114564241,0.3925570188534905,92.17368805061864,13613572666.427628,0.0005918936026713,0.2424611526775213,0.3610701274084865,0.2796375999708049,0.1932011333680954,2412487.2978980523,0.0390985936587159,0.2362957352278658,0.0367983777858173,0.3163363875245437,0.4282277448138806,0.8761078901624709,0.3610701274084865,0.0006544101446689712
3,0,0,0,1,4.747527546253166,0.0895808000716718,3.5900597978712896,0.0742844269528751,2.283268672657359,3.80342432517576,0.6311631921833587,84.3821358039985,14621963046.973707,0.0009920356200714,0.2494522224234454,0.3167059360303203,0.2409115899942079,0.1789156672005951,5060855.700988248,0.0290191970967686,0.157494161317566,0.0277473304481392,0.3167059360303203,0.5098450718153805,1.0,0.3167059360303203,0.0006534670150983156
4,0,1,0,1,0.2092467661688768,0.0251522714621286,7.447139794583474,0.0663929507245289,6.274058726162384,11.728332268396407,0.1079001516592895,69.80663227554349,13707008994.565147,0.0014567980341834,0.2436704493627679,0.3177759016823041,0.2453671837752442,0.1268534274303981,141113.3580659514,0.0301025274368972,0.1782497486979988,0.028053970138115,0.3177759016823041,1.0520170059225031,1.0,0.3177759016823041,0.0006507439996833236
3,2,0,0,0,1.473930435518566,0.098876612638315,2.469086784324337,0.0120436786751172,5.098444611317304,1.1344611138353713,0.756817201404291,65.36329947637827,19330624854.14748,0.0,0.2669522258772347,0.317993610897636,0.228655536384769,0.1846686090950452,5090057.439055337,0.0261416771597032,0.1526640358688616,0.025580346365965,0.317993610897636,0.34935297565699,1.0,0.317993610897636,0.0006501913301482976
5,1,0,0,2,2.006431436344855,0.0427559509285791,4.285240842118743,0.0217362867023658,3.311757707735005,14.370116887451816,0.1894829000804413,73.65590371789058,14672210681.095287,0.0008529531236331,0.2664727680873867,0.3188767739160709,0.2296377222532315,0.1886838823163455,3532913.4723299816,0.0263667417408261,0.1539395264441353,0.0258348844736538,0.3188767739160709,0.3925557652745184,1.0,0.3188767739160709,0.000647954171162032
1,0,1,0,1,1.7144416472904984,0.0564969033069191,9.495927144705227,0.0309118747203693,3.4505250171802007,5.061758326852796,0.7299369078888615,116.580977750184,18975105995.424786,0.0010785002555347,0.2388990846655587,0.3192416126961914,0.2508407791366409,0.1696680284659685,1082604.19117974,0.0314605482389385,0.1753275723134182,0.0302944253621032,0.3192416126961914,0.4915389159022575,1.0,0.3192416126961914,0.0006470322385807349
3,0,0,0,1,4.743045076194415,0.0896446026762753,3.637821953150495,0.0744255282530734,2.26393380602394,3.832328047776506,0.6315674181083489,84.34152120538272,14648259990.316463,0.0009942638795246,0.2498123537461382,0.3206449968579808,0.2441631409242627,0.1803157255143274,3614434.898809751,0.0298078196930006,0.152706390358054,0.0284717509764923,0.3206449968579808,0.5208029894441448,1.0,0.3206449968579808,0.0006434981555102626
3,0,0,0,1,4.743045076194415,0.0896446026762753,3.637821953150495,0.0744255282530734,2.26393380602394,3.832328047776506,0.6315674181083489,84.34152120538272,14648259990.316463,0.0009942638795246,0.2498123537461382,0.3206449968579808,0.2441631409242627,0.1803157255143274,3614434.898809751,0.0298078196930006,0.152706390358054,0.0284717509764923,0.3206449968579808,0.5208029894441448,1.0,0.3206449968579808,0.0006434981555102626
1,0,1,0,1,0.6052513178033386,0.0707328483179226,4.13925225598182,0.0244428470118023,4.292330576032013,7.563222064605537,0.6046797336403718,75.76693408968178,11418126313.54323,0.0010980177595982,0.2508006504804455,0.3210090773551339,0.2429232544795446,0.1625103749470904,1059045.2704755787,0.0295058537834667,0.1653756227825337,0.0284149759259575,0.3210090773551339,0.4812183008961623,1.0,0.3210090773551339,0.0006425844647296116
3,2,0,0,1,4.377485408911033,0.0689152713570716,1.6565672629589787,0.0666449542770644,1.1660022779930368,1.5294185184197329,0.4035261502842461,75.08512857687134,19674396062.984108,0.001307052325457,0.2432345250828154,0.3220799644671872,0.2501244262615115,0.2222582531387245,6493619.955159207,0.0312811143063251,0.1652043016288367,0.0307433347802861,0.3220799644671872,0.568501434177509,1.0,0.3220799644671872,0.0006399044960018607
3,2,0,0,1,4.377485408911033,0.0689152713570716,1.6565672629589787,0.0666449542770644,1.1660022779930368,1.5294185184197329,0.4035261502842461,75.08512857687134,19674396062.984108,0.001307052325457,0.2432345250828154,0.3220799644671872,0.2501244262615115,0.2222582531387245,6493619.955159207,0.0312811143063251,0.1652043016288367,0.0307433347802861,0.3220799644671872,0.568501434177509,1.0,0.3220799644671872,0.0006399044960018607
3,2,0,0,1,1.624473948122165,0.0804359561448522,5.712370230994382,0.0099978182199505,7.981983365323037,11.080426868079511,0.2231800211819055,90.47508581299827,14375139711.311443,0.0,0.2132439515932662,0.3220918361803468,0.274343377747638,0.1767769257129333,360134.1365084544,0.0376321444569916,0.2265164172805744,0.0357042239754729,0.3220918361803468,0.4189287840528384,1.0,0.3220918361803468,0.0006398748489493707
3,2,0,0,1,1.624473948122165,0.0804359561448522,5.712370230994382,0.0099978182199505,7.981983365323037,11.080426868079511,0.2231800211819055,90.47508581299827,14375139711.311443,0.0,0.2132439515932662,0.3220918361803468,0.274343377747638,0.1767769257129333,360134.1365084544,0.0376321444569916,0.2265164172805744,0.0357042239754729,0.3220918361803468,0.4189287840528384,1.0,0.3220918361803468,0.0006398748489493707
4,1,1,0,1,2.293034320222827,0.0276252183601194,4.905145859838768,0.0325683476363183,6.391797003465225,12.452091518422328,0.7155714818280255,106.71761391343368,11215544787.5409,0.0012550651120914,0.242526337087819,0.3221951911978716,0.2499978061639697,0.1947022605276395,3433439.8633457646,0.0312494515433988,0.1794792786392935,0.0303125810611338,0.3221951911978716,0.4469894280855461,1.0,0.3221951911978716,0.0006396168000293938
1,1,0,0,2,0.8769102234457851,0.0611926218319726,8.90630465403494,0.0950010712076979,9.939970381692165,3.5141149305920507,0.7045146455825355,120.91252244869544,18533827385.683346,0.000829135886807,0.2278956676847967,0.3224288710402722,0.2625451596750511,0.1844394526646577,2834570.6701306966,0.034464980434399,0.1910098064432071,0.0330052847587354,0.3224288710402722,0.4081872884607108,1.0,0.3224288710402722,0.0006390337495971886
3,0,0,0,1,1.186915847056069,0.0640787956885053,6.060192211569005,0.0077749891903956,1.372776338537459,1.6023921657091484,0.0923572364817817,78.05921647201153,10671749197.169792,0.0,0.2669364740857566,0.3228182101850878,0.2322212875110418,0.1829336357847361,5796801.787534254,0.0269633631866429,0.1571679497050752,0.0262159981301301,0.3228182101850878,0.4519050911919119,1.0,0.3228182101850878,0.000638063496614494
1,0,1,0,1,1.9891480707591416,0.0602958387395232,6.68547131499473,0.059701603047932,3.50273991259005,1.7284411408301352,0.7763473709541234,120.95593305461242,17271100389.93452,0.0012650780833045,0.2389625680553505,0.3231839861273808,0.2537363726159712,0.170140995118425,1244148.400537222,0.0321910733941554,0.1825798770122975,0.0309167666621313,0.3231839861273808,0.5112802375491721,1.0,0.3231839861273808,0.0006371533064846341
3,0,0,0,1,4.494836535736491,0.0957693432493953,5.687066111211531,0.0699244457553818,0.9583744277954588,7.9058093676860945,0.4280413487021436,72.12340973031415,13726204093.361906,0.0013133463998006,0.2824530210131215,0.3252663066903704,0.2241970366009757,0.1854448440929799,3579600.965582532,0.0251321556103296,0.1334346271974,0.0245803410922851,0.3252663066903704,0.5372561004955251,1.0,0.3252663066903704,0.0006319963784009691
3,0,0,0,1,2.804163264862352,0.0749851284324611,1.4564739813055614,0.0112895825849522,2.3355315718575618,1.6163180718286287,0.772495715699245,103.57211007428592,10519099579.06016,0.0,0.3395500003112352,0.477070000637901,0.2824450740636344,0.2036773806950825,4081864.4080669135,0.0398876099314059,0.2457962705925197,0.0376153882079857,0.3255257943232493,0.3735842074897631,0.6823438780220543,0.477070000637901,0.0006313566812821216
4,2,1,0,0,1.1594010854061154,0.0183877002708174,9.787954723170708,0.0324758224438118,8.031492715612773,10.758455549191966,0.1185175743836293,94.31209104376444,14682512065.011171,0.0008839177879089,0.2779761024698636,0.3261466205840292,0.2272268144464159,0.1458005617953491,368537.2803091055,0.0258160126017329,0.1477335366462053,0.025060879047572,0.3261466205840292,1.0190849350921614,1.0,0.3261466205840292,0.0006298288272325415
4,0,0,0,0,4.869091510694271,0.0135797694348158,2.22751714914375,0.0488989312800033,4.460729630809816,2.0183812631592417,0.3009913892121924,118.33655515699792,10066422002.020918,0.00142377181368,0.2387989756724555,0.3261787781750889,0.2557701038961859,0.1688218476289702,142706.36588219416,0.0327091730235328,0.1941510346943958,0.0314961539072331,0.3261787781750889,1.3282838386263076,1.0,0.3261787781750889,0.0006297497881633196
1,0,1,0,1,1.0839009710925656,0.0656961744170069,6.941656277364055,0.0325001209637077,4.7679017733877584,5.108274838605407,0.8153702187983988,128.25488060020413,16956790176.9743,0.0006064419345098,0.2207809390488024,0.3263738013041773,0.271739106090363,0.1839676798127888,1019400.6417681468,0.0369210708893948,0.2099089126139561,0.0354368870251095,0.3263738013041773,0.4108106596191931,1.0,0.3263738013041773,0.0006292706597635346
1,1,1,0,2,0.7762113710397782,0.0441164217796132,8.459185697900963,0.0797608057530526,1.3081389353230992,2.938393748020629,0.4313823570280712,123.823580996272,13970846515.94214,0.0005073144720981,0.2474448161942462,0.3395031714636241,0.2597163308114064,0.1740162188772747,1275326.7303935606,0.0337262862450699,0.189364855313173,0.0323115307208472,0.3265862714439168,0.3553987534902288,0.9619535217770674,0.3395031714636241,0.0006287490828424134
3,1,0,0,0,4.453344358374926,0.0995099405982822,8.80125631633302,0.0317808493685305,0.1307267825634162,6.247123266208335,0.4106833281374757,70.31192995982316,14801507772.208324,0.0014661149814596,0.2364227871167378,0.3270641245530484,0.2627097122897862,0.2353456988666361,6620349.201310627,0.0345081964656911,0.1239131127817212,0.0338581066919684,0.3270641245530484,0.5123779312126409,1.0,0.3270641245530484,0.0006275776162430688
2,1,0,0,2,4.262053979774153,0.0776640300445117,4.346832059151102,0.094476682510748,0.5852683798560318,12.126044163590995,0.3836139861387371,125.95962175123546,17378605027.038097,0.0012751034996115,0.2088003226880993,0.3275497080768458,0.2858284545800236,0.2080975616051044,4286452.157003447,0.0408489527238023,0.1948512874682888,0.0384716011292505,0.3275497080768458,0.6233282538143847,1.0,0.3275497080768458,0.0006263894342442475
1,2,0,0,2,1.2437229881312946,0.0387345075050414,5.407777467525296,0.0087059539635688,9.284233807751304,12.66052289764147,0.0171632592748247,70.96592702150934,17585344697.339252,0.0,0.2678758329470623,0.3279852484575924,0.2355758478582512,0.1534833050462622,1095967.2855826486,0.0277479900470669,0.1574121909531286,0.0266853785125437,0.3279852484575924,0.2814365468556415,1.0,0.3279852484575924,0.0006253256174859175
3,0,0,0,1,4.988227913327759,0.0897850059513188,3.655367717756021,0.0747998279763661,2.226639464302902,4.050313661546315,0.6385942046032034,82.92157534712233,14633103817.618568,0.0009997986358702,0.2563088405715712,0.3283394791054395,0.2450189752810361,0.1789684521789107,3663959.950888322,0.0300171491238844,0.1558638147093608,0.0286360140907754,0.3283394791054395,0.5272665875097863,1.0,0.3283394791054395,0.0006244617339041102
1,2,0,0,2,1.268565448356917,0.0388838683819992,5.42774291288906,0.0086769297731547,9.265525507445645,12.61474279294174,0.0173503952443634,70.9454292940189,17610915955.924965,0.0,0.2681417656216452,0.3285788744028899,0.2358254164784555,0.1536256136283725,1093669.9418915943,0.0278068135286185,0.1576870558019282,0.0267404983016588,0.3285788744028899,0.2821278183860064,1.0,0.3285788744028899,0.0006238785821167064
1,1,0,0,2,0.8621787769493808,0.0615453984309554,8.95795354176685,0.0963732956295839,9.881680253623298,3.7053663295357904,0.7190960877408721,121.72082752927898,18352858721.82054,0.0008237340815319,0.2321920381564207,0.3286383731347559,0.2638372878760122,0.1858865456699755,2879727.4408376,0.0348050572368848,0.1942808982150613,0.0333237649047696,0.3286383731347559,0.4075971440766677,1.0,0.3286383731347559,0.0006237337314858583
3,0,0,0,1,4.680495738801353,0.0888022580925195,3.797530773336606,0.074819774548982,2.21134026611159,3.823762323370058,0.6157890398090687,85.74109137383182,14592104612.073835,0.0009935361027329,0.2550456323380278,0.3287199058476224,0.2463250821618458,0.1798769746292483,3496820.0378176933,0.03033802305102,0.1563527229422223,0.028914976925152,0.3287199058476224,0.4939200436955357,1.0,0.3287199058476224,0.0006235352933871023
1,0,1,0,1,1.7116952344899947,0.0945224970493701,8.022296896961732,0.0120049348283361,1.2742068378908926,10.04163536037596,0.2290212968919356,90.30384450975174,13726361568.827726,0.0,0.2296360379560229,0.3288848564558889,0.2659105443934074,0.1791661368543475,957394.4719907409,0.0353542088097991,0.2031363939333,0.0339904344179795,0.3288848564558889,0.2741550264661899,1.0,0.3288848564558889,0.0006231340219867239
4,0,0,0,0,0.52512100087231,0.0466297224333098,4.800547312972786,0.0872240628227316,7.04174917779002,4.853963960763512,0.459140739853771,111.78472931878778,9808881958.428885,0.0007919766666597,0.2325596023183337,0.3289542933534426,0.2647279745793762,0.2237521098795452,6385150.933965373,0.0350404502624494,0.1778189237694502,0.0340812803781968,0.3289542933534426,0.5487747658276444,1.0,0.3289542933534426,0.0006229651817489307
4,2,1,0,0,2.927002043139824,0.0139688160761334,1.113386833581905,0.05335328738884,7.232979647669773,3.5000312257643413,0.0417233539992567,119.54865562379985,12631251887.589045,0.0006225493398876,0.2172682643562448,0.3298106507928146,0.2771315983772937,0.2027837832380249,2897227.715572444,0.0384009614095768,0.230755767338362,0.0366783181901954,0.3298106507928146,0.2635010858680789,1.0,0.3298106507928146,0.0006208866514854226
3,0,0,0,1,0.9280186733659072,0.0148192233740791,9.659662815229137,0.0049370898435738,8.075651652878955,4.0633360813894654,0.1263046880496605,73.65460974185922,9636527995.83716,0.0,0.2827938840987979,0.332618588314405,0.2287825850541266,0.1783715991463297,5068288.37114234,0.0261707356120243,0.1463487614911737,0.0254823640783548,0.332618588314405,0.3599873273502098,1.0,0.332618588314405,0.000614119820045266
3,0,0,0,1,0.9280186733659072,0.0148192233740791,9.659662815229137,0.0049370898435738,8.075651652878955,4.0633360813894654,0.1263046880496605,73.65460974185922,9636527995.83716,0.0,0.2827938840987979,0.332618588314405,0.2287825850541266,0.1783715991463297,5068288.37114234,0.0261707356120243,0.1463487614911737,0.0254823640783548,0.332618588314405,0.3599873273502098,1.0,0.332618588314405,0.000614119820045266
1,0,1,0,1,2.3393601946185467,0.0297756368984758,3.685331391731234,0.0073491317362892,7.84969889096132,1.6077755381041738,0.2750036796738189,101.11439654868354,15724001284.637836,0.0,0.2174359411949092,0.3330532091211738,0.2800574226293962,0.187999767293085,936473.22611143,0.0392160799849101,0.228362652425232,0.0375377916238541,0.3330532091211738,0.2672053603149554,1.0,0.3330532091211738,0.0006130790413726645
1,0,1,0,1,1.888776288671052,0.0565857694676074,9.39717742260623,0.0306084324808357,3.3370537436770173,4.772531356636333,0.7398370275833571,115.4258943208582,18714632106.635803,0.0010874845202029,0.2490683856994178,0.3338704249602129,0.2541139872861928,0.1704941241084856,1051696.1288786773,0.0322869592672436,0.181013700405072,0.0310550802000255,0.3338704249602129,0.4932674620473393,1.0,0.3338704249602129,0.0006111268432039424
4,1,0,0,0,1.6711556813840145,0.0949306823946841,9.189813323717413,0.0999981498645117,4.387397915237819,2.45935344896501,0.8010451699965326,127.89392098968108,13634442763.039145,0.0006368948324548,0.2393666494669183,0.3343477363207668,0.2617998445030303,0.1834030456188251,2740479.8872557324,0.0342695792909054,0.201821123454246,0.0324329309535883,0.3343477363207668,0.3947040081191645,1.0,0.3343477363207668,0.0006099894995198099
2,1,1,0,0,4.844522825915571,0.0170599165169048,7.16230781541614,0.0096185757821089,4.650268463135981,3.7904317424107754,0.053800310707089,105.02315772308766,12506919710.951454,0.0,0.2536079959094809,0.3387890880507421,0.2540296381645348,0.1635310379339785,233927.13149171387,0.0322655285330022,0.1860839846742273,0.0310679492651225,0.3344553718698193,0.3309533102118356,0.987208217933295,0.3387890880507421,0.0006097333167581899
1,0,1,0,1,1.3007186433208373,0.0636010307859385,7.266022360997297,0.0349968585181557,4.453191910816579,6.035132421827688,0.8292613030106958,126.3416666478429,17089173193.1242,0.0006589309886443,0.2234595497919215,0.3345003211534806,0.2760719205435276,0.1872145530852476,1031747.2775028944,0.0381078526562959,0.2158769044839464,0.0365539934364328,0.3345003211534806,0.4202833042318508,1.0,0.3345003211534806,0.0006096263650720504
4,1,1,0,1,1.3913886491699543,0.0381833279172503,3.5310359312201123,0.0403143941522725,6.511259764149442,14.46243719296776,0.6106052774113856,90.28786073600052,11066671717.64,0.0013857160747867,0.2772334006005165,0.3345607263216766,0.2335746570496461,0.1913317643027929,4973301.180561584,0.0272785602079299,0.1591184451684079,0.0266442157684584,0.3345607263216766,0.4299613880687158,1.0,0.3345607263216766,0.0006094826674187058
1,0,1,0,1,2.3435657370403846,0.0313418725700569,3.478786999125432,0.0107151373009718,7.879013679706553,1.3167892640396357,0.2704627219903889,102.69908099283828,15851456552.56522,0.0,0.232264388894912,0.3356955706962723,0.269064923661643,0.1809032475460633,909280.9875680972,0.0361979665725228,0.2090672487122692,0.034799206198319,0.3356955706962723,0.2749054212592187,1.0,0.3356955706962723,0.0006067892769474516
5,2,0,0,2,1.8067570485819733,0.033847931674091,3.642666734989687,0.0216580354855288,0.4397189206254171,12.866884259311789,0.601258459511231,75.82459703671475,18207445730.967995,0.0005870231385899,0.2706057902094663,0.3359822367902755,0.2428624925251602,0.2093901513044286,6053415.692245058,0.0294910951377667,0.1041196883866504,0.0290211096234173,0.3359822367902755,0.3893705640600985,1.0,0.3359822367902755,0.0006061108011835256
4,1,1,0,1,2.535868394833994,0.0287934066158717,5.502152934636807,0.0352592812808013,4.507887730344974,11.534320333194302,0.6198111790123695,109.00205046168868,15871982301.957785,0.0011937888346398,0.2622818739444081,0.3363280441382831,0.2453949833302049,0.1981030399216391,3874913.4150126334,0.0301093489218157,0.1776946628586296,0.0292962483081901,0.3363280441382831,0.4592903827489831,1.0,0.3363280441382831,0.0006052933605090096
1,0,1,0,1,2.966051373535816,0.0440414954994729,7.922242957298801,0.0221255001583382,0.3733156575514951,5.336551562777543,0.7454660524292394,107.41991280800964,15862345628.032804,0.0008543108768119,0.2519840909544718,0.3365463978045119,0.2536463509826898,0.1708019769396453,990808.6648376422,0.0321682356834169,0.1845643812895826,0.0309746935113421,0.3365463978045119,0.4496917151051253,1.0,0.3365463978045119,0.0006047777706188213
1,0,1,0,1,2.017838551171106,0.0562521953918343,9.438887722257109,0.0289485526294741,3.2327548980249308,4.771681996721259,0.7451031590113277,116.8941215253471,18607644972.18642,0.0010808597576491,0.2510778272590848,0.3368740759540622,0.2548211552364656,0.1709214020912842,1040832.041306182,0.0324669105780234,0.1822078367579294,0.0312214087675137,0.3368740759540622,0.4922944555313302,1.0,0.3368740759540622,0.0006040048610829304
1,1,0,0,2,1.0705557992952517,0.095008957951795,9.695097864292109,0.0864073523784176,8.69808913190119,3.5160329531248458,0.7307343337470684,125.5781172541258,17213391860.32687,0.0005563277965674,0.2448539749542536,0.3377389154928286,0.2603612706888651,0.1909134418412071,3132099.0084480164,0.0338939956373602,0.1919499601060147,0.0325618338708051,0.3377389154928286,0.3705177871721851,1.0,0.3377389154928286,0.0006019696648532546
2,1,1,0,0,4.844522825915571,0.0170599165169048,7.16230781541614,0.0096185757821089,4.650268463135981,3.7904317424107754,0.053800310707089,105.02315772308766,12506919710.951454,0.0,0.2536079959094809,0.3387890880507421,0.2540296381645348,0.1635310379339785,233927.13149171387,0.0322655285330022,0.1860839846742273,0.0310679492651225,0.3387890880507421,0.3309533102118356,1.0,0.3387890880507421,0.0005995075481916628
5,2,0,0,2,3.5531393662955395,0.0713897709740419,5.660130666206944,0.0127249200442587,5.619077667249419,6.199025483655301,0.4987378186078401,73.50975374929044,19377948315.57597,0.0,0.2429854499243158,0.3389924631313247,0.2626219306874805,0.1806721324855746,2061794.2913760585,0.0344851392390099,0.1997473153468969,0.0327199681735866,0.3389924631313247,0.3818597004154156,1.0,0.3389924631313247,0.0005990319030335981
3,0,0,0,1,4.746649480637515,0.0896238602910597,3.646907665593941,0.0744213966810077,2.2647530999766365,3.827578134522356,0.6305785213168512,84.26894113315102,14651499348.09776,0.0009931327303567,0.2598489603252412,0.3391647632952592,0.2506402666046913,0.1881518182161803,4204731.837364292,0.0314102716218353,0.1604551410015339,0.0300053275895454,0.3391647632952592,0.5251924694041319,1.0,0.3391647632952592,0.0005986292298937348
3,0,1,0,1,0.6566133273172935,0.0284926238225581,0.4649265278132851,0.020724820307015,1.1315865782028771,7.531607189264529,0.3814760046461225,73.98101541042683,11839173851.865477,0.0012702554220545,0.2011240538840948,0.3394218237370217,0.3070329112203306,0.2480009832613307,5989620.311561983,0.0471346042862157,0.1680953451895255,0.0451411335822701,0.3394218237370217,0.6225728584983523,1.0,0.3394218237370217,0.0005980289713286808
1,1,1,0,2,0.2124682147142568,0.0254970858866981,3.46201284063968,0.0431187749044192,9.51906852683525,17.033950512373885,0.3593717858223848,71.09056175818726,12605046158.541058,0.0012836192056982,0.3207981545232707,0.4275667869634343,0.2657957232162383,0.2206431345758379,7150127.429126516,0.0353236832400215,0.2057769859669013,0.0344119769024885,0.3398822544488705,0.4441301776068539,0.7949220211015535,0.4275667869634343,0.0005969553295612032
1,1,1,0,2,0.2124682147142568,0.0254970858866981,3.46201284063968,0.0431187749044192,9.51906852683525,17.033950512373885,0.3593717858223848,71.09056175818726,12605046158.541058,0.0012836192056982,0.3207981545232707,0.4275667869634343,0.2657957232162383,0.2206431345758379,7150127.429126516,0.0353236832400215,0.2057769859669013,0.0344119769024885,0.3398822544488705,0.4441301776068539,0.7949220211015535,0.4275667869634343,0.0005969553295612032
1,0,1,0,1,1.0397251502005609,0.0537006478981045,8.32784869295435,0.0093161249708397,5.466652465947459,15.385570767567827,0.7259516845331683,89.83637101308719,9049008514.922894,0.0,0.2450086773898141,0.3399742298763466,0.2619384213895281,0.1773019241701516,872907.3834142438,0.034305868300019,0.1947711183554226,0.0329953840002881,0.3399742298763466,0.2733016497379871,1.0,0.3399742298763466,0.0005967410904624459
2,1,1,0,0,4.149870917896167,0.0129337464943944,8.753095041709402,0.0278579648782651,9.342318250904675,7.933843351812696,0.2695626018833828,100.27286556306652,12163319454.075014,0.0005860261845671,0.239903298142111,0.3405203258306773,0.2662163622242412,0.1871757843495194,4515087.152323255,0.0354355757579542,0.2080594864025287,0.0341244013657386,0.3405203258306773,0.6215420878267796,1.0,0.3405203258306773,0.0005954706473617466
4,0,0,0,0,4.869091510694271,0.0135797694348158,7.181704895687428,0.0488989312800033,6.0203009589325065,2.0183812631592417,0.3009913892121924,116.84736303067416,10066422002.020918,0.00142377181368,0.216646661928215,0.341080626922654,0.2867391599835217,0.1749844006198425,176624.64635530213,0.0411096729340278,0.2535017662920569,0.038553459085287,0.341080626922654,1.3747877049710864,1.0,0.341080626922654,0.0005941699684171622
4,1,0,0,2,0.1100096986597286,0.021358226878179,4.461011894843947,0.0912481408856013,7.006942040726107,6.950447392749999,0.5821776339770555,83.886205564102,11347428155.622778,0.0011731148209054,0.2486852602673427,0.3413324604327138,0.2596507234593229,0.1715469536376638,275686.6338041383,0.0337092490964749,0.1981071342640402,0.0324378055658589,0.3413324604327138,1.0131566148901638,1.0,0.3413324604327138,0.000593586289721083
4,1,0,0,2,0.1100096986597286,0.021358226878179,4.461011894843947,0.0912481408856013,7.006942040726107,6.950447392749999,0.5821776339770555,83.886205564102,11347428155.622778,0.0011731148209054,0.2486852602673427,0.3413324604327138,0.2596507234593229,0.1715469536376638,275686.6338041383,0.0337092490964749,0.1981071342640402,0.0324378055658589,0.3413324604327138,1.0131566148901638,1.0,0.3413324604327138,0.000593586289721083
3,2,1,0,2,1.8666580489534617,0.0737047883714404,0.3584892512108041,0.0609531009486093,2.872319094014012,3.481604307890563,0.1219452292922013,91.9291358129666,12392565494.212486,0.0010192815905505,0.256577726347848,0.3414439862899228,0.2537811186497386,0.1895869060616498,3531012.456897279,0.0322024280915563,0.1847326766917539,0.0309838697982639,0.3414439862899228,0.2250582891883494,1.0,0.3414439862899228,0.0005933279876144706
1,1,1,0,1,0.3240602347787437,0.0754260176878726,8.479393800761091,0.0628092428561794,4.951551436739896,10.42635552166782,0.3463868640819865,86.1869129183478,16376458847.37068,0.0007475241329678,0.2951253597506516,0.3416489127886167,0.2270218369006005,0.1816990737846015,5041287.531407231,0.0257694572148614,0.1430316681796146,0.0252438245471719,0.3416489127886167,0.3864188605481267,1.0,0.3416489127886167,0.000592853655721457
2,2,0,0,2,3.640979701432186,0.0727814921763052,5.662343694331106,0.0131220611287339,5.66695766868616,6.365444068085875,0.5165638185284512,73.39524983527927,19522103488.44761,0.0,0.2349569841228954,0.3424308817465713,0.2718959908798212,0.1980010491830196,3266721.6399170063,0.0369637149282599,0.2174124923688211,0.0352830891429444,0.3424308817465713,0.3342009969211278,1.0,0.3424308817465713,0.0005910471575515763
1,1,1,0,2,1.866907919885427,0.0177463362797838,0.4144928736767833,0.0966297962175829,1.5992223750791816,4.481013065535297,0.1118692649714869,128.24725216982094,11579688492.772688,0.0008417205177092,0.2332059347805823,0.3426868531853582,0.2735103708304555,0.1912494845976739,3019060.7150120256,0.0374039614759066,0.2219819499667716,0.0357153892260855,0.3426868531853582,0.3051877412719763,1.0,0.3426868531853582,0.0005904570111508148
3,2,0,0,1,4.736993021286866,0.0898544942895858,3.5501011302421377,0.0740261520730949,2.3469940373411773,3.8065083198540193,0.6313701277508691,84.32468453478332,14649847149.32826,0.000986659986268,0.1670086514650645,0.2047023635980125,0.2071615182368473,0.1650481132315659,2485839.757639314,0.0214579473190978,0.1230409796998783,0.0210447573524002,0.3427579289580843,0.5409253011003613,1.674420963849643,0.2047023635980125,0.0005902932493263071
1,0,1,0,1,0.9854905025748814,0.0530058608972286,8.31309440352713,0.0102654512400189,5.424850811028692,15.703522606515843,0.7260348034823916,89.59265338266724,9053287623.30091,0.0,0.2467924403291148,0.3430499818297327,0.2628377242478759,0.178081916157315,852536.2956742288,0.0345418346439012,0.1964662224928188,0.0332201514298598,0.3430499818297327,0.2730384604983261,1.0,0.3430499818297327,0.0005896208227873978
5,2,0,0,2,4.5509527659242615,0.0608110638949314,6.591149987735872,0.0435699097755054,2.257664121196852,12.817164985202869,0.6000125151788942,84.41153329002263,19480005815.926704,0.0010604011613585,0.288524738007636,0.344581402325683,0.2333274560011231,0.182342702363792,6159165.1572165685,0.027220850861978,0.1521723729123291,0.0265581489583986,0.344581402325683,0.5243483126008329,1.0,0.344581402325683,0.0005861073780357551
5,2,0,0,2,3.916385155174862,0.0346898268015279,7.384928383272489,0.0210144640373013,7.151606357816604,12.762199955567038,0.5878508976765339,76.31682571203385,18707721292.30313,0.0005413326346769,0.2342522864393222,0.34477353805678,0.2740012381369051,0.1945488356801679,1956651.2346358043,0.0375383392502784,0.2275732122546543,0.0356738054949108,0.34477353805678,0.4188919295120854,1.0,0.34477353805678,0.0005856680534220375
1,0,1,0,1,1.0708464061415832,0.0652069783196,6.945688144641856,0.0343872515835223,4.250343389502615,5.177094613749484,0.817553623483395,125.84887846619596,16772299869.280363,0.0006527633744398,0.2341841370564972,0.3449333216377351,0.2749189384581164,0.1855091542574015,954960.5846187632,0.0377902113614688,0.2152309691887558,0.0362439614037629,0.3449333216377351,0.4185887125055217,1.0,0.3449333216377351,0.0005853029538623149
3,2,0,0,1,3.547068027558632,0.0387716007010914,9.045033351050352,0.0157201542446038,4.086348392328869,10.092594345692763,0.0742939039358357,88.9900340156006,12454764244.800144,0.0,0.2660422959253462,0.345786524239532,0.2495962840371134,0.1788688668483828,3003680.2346994537,0.0311491525025676,0.182985505101112,0.0297852956693131,0.345786524239532,0.361785177653348,1.0,0.345786524239532,0.0005833572664807811
1,0,1,0,1,0.923201134294513,0.0744403076685926,6.550345917903914,0.0719639460914223,0.206956604608061,1.1441416721827544,0.8326458407759844,128.71716197839584,19293102212.508488,0.0006989499595379,0.311039270582872,0.3904711906422259,0.2493564066424847,0.2196497087081935,8060946.66405459,0.0310893087668261,0.1686164630596338,0.0305948459060085,0.3466708797181756,0.5476551546267545,0.8878270357103428,0.3904711906422259,0.0005813473626768255
2,2,0,0,2,3.567582423175893,0.0741845420389607,5.305930000711569,0.0126376042280619,5.619382225060529,6.20850445261742,0.5382675917412346,76.28741669827183,19480431340.159958,0.0,0.2406963074845291,0.3466819208771458,0.2703259801059303,0.1981163283640898,3420038.774594472,0.0365380677601159,0.2150677883955959,0.0349074963856338,0.3466819208771458,0.3336217169429486,1.0,0.3466819208771458,0.000581322312889716
3,2,0,0,1,3.697184130161517,0.0871397057873312,4.358672878899679,0.0401110959731218,6.117600437698473,11.09373873904415,0.2365192876686127,83.18185996191073,15236456345.584526,0.0005916904884912,0.243792516987696,0.3472678283026206,0.2678894850227485,0.1906973012927536,2527777.216906657,0.0358823880928767,0.2167475807542995,0.0340057450416545,0.3472678283026206,0.4014996970813453,1.0,0.3472678283026206,0.0005799945742777245
3,0,0,0,0,2.339685344763021,0.0749423762254635,3.108046470401291,0.0696612121318225,1.5353886216938135,5.357195262465923,0.4637018800539831,78.86255233811961,12364901715.369991,0.0011663272551128,0.2770679171190385,0.3474773521083989,0.2433472638577503,0.1738849776987684,4113200.3532494577,0.0296089454135267,0.1640425274047052,0.0283101019980332,0.3474773521083989,0.4348005746002809,1.0,0.3474773521083989,0.0005795205039414352
4,0,1,0,1,2.950595844511952,0.0763107698819323,6.059004825860366,0.0231754513219742,5.145268235992778,18.631074720199752,0.644701908026549,81.66734860299935,10620157548.722977,0.0014964029662725,0.2470074512091831,0.3478243594161631,0.2656431096593171,0.1952489846614456,4475485.066924458,0.0352831308547359,0.2135473125994886,0.0333488135045386,0.3478243594161631,0.5781562675270092,1.0,0.3478243594161631,0.0005787362144184793
4,0,1,0,1,2.950595844511952,0.0763107698819323,6.059004825860366,0.0231754513219742,5.145268235992778,18.631074720199752,0.644701908026549,81.66734860299935,10620157548.722977,0.0014964029662725,0.2470074512091831,0.3478243594161631,0.2656431096593171,0.1952489846614456,4475485.066924458,0.0352831308547359,0.2135473125994886,0.0333488135045386,0.3478243594161631,0.5781562675270092,1.0,0.3478243594161631,0.0005787362144184793
0,1,1,0,2,2.828579565500575,0.0835046115174515,7.731060773610165,0.0691249851972101,7.68823514321641,17.62131684835324,0.4593302999984464,104.362429810918,17313392697.866783,0.0005331918553837,0.135662395831819,0.1673491005595988,0.1823908889201961,0.1340642023605811,2252979.232990361,0.0166332181805496,0.0940412855362738,0.0162868399326404,0.3482728348352331,0.4711514668169462,2.081115665818598,0.1673491005595988,0.0005777241635956452
2,1,1,0,2,4.442287041799022,0.0366249637236491,6.194159545052225,0.056949822368868,1.3052381273201905,6.222770615615419,0.3457067192072839,115.13627842876704,12283833279.531645,0.0007424801731557,0.1387409019403264,0.1901991746344924,0.2074513318995731,0.1527987417822847,2103517.971011878,0.0215180275534534,0.1170519209033242,0.0209711076320526,0.3488461635470185,0.402291898086322,1.834109765288937,0.1901991746344924,0.0005764329399512114
1,0,1,0,1,2.8105462130166647,0.0442268490261705,8.004093352235888,0.0254987232960685,0.3341634140367844,5.497722764429045,0.7478185986264202,109.01039190152032,15741725221.998049,0.0008327338030438,0.2530041826684571,0.3492437322180147,0.2623349282940732,0.1769170847507286,927606.5733382246,0.0344098073015282,0.1996286894599911,0.0330963051550707,0.3492437322180147,0.4450266517226352,1.0,0.3492437322180147,0.0005755392495517193
4,1,0,0,0,2.821313059416421,0.0346120736437373,3.013170084054273,0.0937201091336688,2.0166813951511053,15.254039560220011,0.2431583384913939,123.81482426118312,19912100866.16991,0.0011090080991813,0.2031211320897983,0.2369464466670079,0.2092807438263095,0.1432821153782795,1731131.8881646038,0.0218992148682466,0.125651876774305,0.0212327684205022,0.3497777322112908,0.3798904640166421,1.4761889748988306,0.2369464466670079,0.0005743410565979141
5,2,0,0,0,3.745153227878557,0.0743953269858951,2.390248810635766,0.0785822617850071,3.2267896468005457,5.255894073141199,0.1031960381712076,66.54391805309835,11076609303.49645,0.0010968927643144,0.3013076734018235,0.3510291845784081,0.229410100496323,0.1906801220877646,5158270.41697739,0.0263144971048665,0.1459729357990755,0.0258022099763597,0.3510291845784081,0.3880985655775175,1.0,0.3510291845784081,0.0005715428028510209
4,0,1,0,1,0.2179396443587825,0.0255502693492421,7.39616772924578,0.0658608150658418,6.353698027864457,11.727212625518932,0.1045215165612011,69.62486033969672,13729864278.905094,0.0014579652588849,0.2606740086060635,0.3513618030594189,0.2575509783509963,0.1345514953565008,134321.50127266775,0.0331662532247776,0.1986986147162055,0.0307210306595779,0.3513618030594189,1.0648435010086772,1.0,0.3513618030594189,0.0005708013623361509
1,0,1,0,1,0.4720094979194424,0.0227659985618793,1.3099947796661315,0.0654068249060639,2.939897132614809,4.133935245156961,0.2902836577214889,103.88798183706731,10568927620.704445,0.0005244498863048,0.2846391292954128,0.3515416526397879,0.241137114002683,0.1597005994589054,313792.6168142096,0.0290735538747714,0.1567157436692421,0.0281229106066712,0.3515416526397879,0.4137489899304464,1.0,0.3515416526397879,0.0005704008600027228
2,1,0,0,0,1.809876103185124,0.0879737879136466,9.889172183595232,0.0954168367831158,2.1443384141416244,10.852094465116002,0.6231688765372412,123.13111123016355,12510592243.300198,0.0010428615066029,0.2392677124523033,0.35200102173371,0.2752337203322947,0.2160997208658512,2655526.818576465,0.0378768004039779,0.231540966655548,0.0367195049284753,0.35200102173371,0.6015852707496911,1.0,0.35200102173371,0.0005693791780217066
2,1,0,0,0,1.809876103185124,0.0879737879136466,9.889172183595232,0.0954168367831158,2.1443384141416244,10.852094465116002,0.6231688765372412,123.13111123016355,12510592243.300198,0.0010428615066029,0.2392677124523033,0.35200102173371,0.2752337203322947,0.2160997208658512,2655526.818576465,0.0378768004039779,0.231540966655548,0.0367195049284753,0.35200102173371,0.6015852707496911,1.0,0.35200102173371,0.0005693791780217066
5,2,0,0,0,0.4056842078515777,0.0587170448054746,9.66417493930331,0.0088256991404255,8.427005069242322,12.384625270947687,0.046747305887978,66.10337142239749,13156207799.145151,0.0,0.3245730867456645,0.3524662427110481,0.2158789565108802,0.1742345697401904,5324599.571803237,0.0233018619321132,0.1330139868947452,0.0229667388543552,0.3524662427110481,0.3243401488837605,1.0,0.3524662427110481,0.0005683463459808615
4,0,0,0,0,4.478307760908543,0.0264000282613203,8.105351532497668,0.0909873083840473,7.150932016291946,1.9516469324025496,0.0887422522384097,118.20997074822309,9658020854.868494,0.0013594049007955,0.2625682624071004,0.3525757504133776,0.2570044504229676,0.1843424389445054,165997.92813671412,0.0330256437686058,0.1975286344658555,0.0320686858659936,0.3525757504133776,0.6220892463916062,1.0,0.3525757504133776,0.0005681035016519684
1,0,0,0,1,1.820133584607126,0.0305727441835552,8.896140303064334,0.0499787659396711,8.569654312538898,8.947998818896657,0.6138558282281549,83.38846925045974,11355713986.272291,0.0010758390241594,0.2596482401920388,0.353012413883971,0.2602961760698847,0.1752442666279123,886484.245470651,0.0338770496383022,0.1891853199557279,0.0325864416256827,0.353012413883971,0.504895477166389,1.0,0.353012413883971,0.0005671361879170631
1,0,0,0,1,1.820133584607126,0.0305727441835552,8.896140303064334,0.0499787659396711,8.569654312538898,8.947998818896657,0.6138558282281549,83.38846925045974,11355713986.272291,0.0010758390241594,0.2596482401920388,0.353012413883971,0.2602961760698847,0.1752442666279123,886484.245470651,0.0338770496383022,0.1891853199557279,0.0325864416256827,0.353012413883971,0.504895477166389,1.0,0.353012413883971,0.0005671361879170631
2,1,0,0,0,1.8230180930565545,0.0275400473403294,6.051598335872872,0.0751693294263974,8.78953669125517,2.9758817934591826,0.620214900948908,93.02833324672171,12193825618.461267,0.00143396911546,0.3701925324952383,0.4782789881536478,0.2637623306521748,0.1684361246873057,117898.8351860311,0.0347852835355336,0.1970534612861064,0.0334342484388907,0.3534183757595568,0.7401537044785276,0.7389377006167386,0.4782789881536478,0.0005662383630143247
4,0,1,0,0,3.892741845959015,0.0381547542680399,3.8584425660862736,0.0047073518728274,0.6345352644079161,7.171467238844539,0.3221650055761877,84.40669172133822,11742893296.648,0.0,0.2073994260469952,0.2217046760149644,0.1931166266664289,0.1479462495012819,2870768.419657549,0.0186470157475104,0.0971044436725678,0.0181906650127803,0.3552861012426553,0.4783657030261681,1.6025196564581003,0.2217046760149644,0.0005621259804766849
4,1,1,0,0,3.3090469106974103,0.0182892321324184,6.98726160699599,0.0733183754493377,4.202022776534287,4.815859064662263,0.1046271108827967,98.3066089988464,9307686664.424915,0.0009719997248716,0.2495286917397143,0.3553531497802709,0.2695871423802448,0.1766618398968919,97632.38940603884,0.0363386136683731,0.2144700141654641,0.0347950176579737,0.3553531497802709,1.1857382994132455,1.0,0.3553531497802709,0.0005619789087554188
1,0,0,0,2,4.6674354692813225,0.0481209870414933,7.1600207027291205,0.0964239313371243,7.2889978172317,11.11955850578688,0.7716869559518387,129.20586251255477,12479658056.466282,0.0009104466955883,0.1997407840608737,0.3555960598414128,0.3216610895363577,0.2474034753271526,6415717.634775242,0.0517329282608583,0.2120140896161695,0.0485036180940634,0.3555960598414128,0.6172017731979559,1.0,0.3555960598414128,0.0005614464049603931
1,1,0,0,2,4.603762742095773,0.0716000615769751,6.16008601017341,0.0293861039522106,6.112514243140927,7.346603002725144,0.8465944746132332,103.64067415553826,16686225382.068975,0.0010242375490883,0.2515797472963761,0.3559823846170107,0.2690072523856825,0.1769941521094728,1479355.438123264,0.0361824509180471,0.2017267258757282,0.0346117258980678,0.3559823846170107,0.413373769856876,1.0,0.3559823846170107,0.0005606005487530534
4,0,0,0,1,0.1147289750289169,0.0307765828019707,9.029530239133996,0.0136397123571489,7.657111379946303,14.07009210021658,0.4189886307999768,101.05581611392964,15842403844.323591,0.0,0.2290071981306198,0.3566345559323484,0.2878955712415891,0.1818058542196599,1146150.222393999,0.0414419299702604,0.255185634364475,0.0386308011822286,0.3566345559323484,0.4513384938377958,1.0,0.3566345559323484,0.0005591755133009359
4,0,0,0,1,0.1147289750289169,0.0307765828019707,9.029530239133996,0.0136397123571489,7.657111379946303,14.07009210021658,0.4189886307999768,101.05581611392964,15842403844.323591,0.0,0.2290071981306198,0.3566345559323484,0.2878955712415891,0.1818058542196599,1146150.222393999,0.0414419299702604,0.255185634364475,0.0386308011822286,0.3566345559323484,0.4513384938377958,1.0,0.3566345559323484,0.0005591755133009359
3,2,0,0,1,3.5918172482137214,0.0835371852225521,7.421306331421139,0.0414593139317456,6.556228607071509,2.214020042676733,0.3816594411285905,91.90669528728948,13846873608.21684,0.0005856404943308,0.2392821929681284,0.3573679671251548,0.2795330786251584,0.1924686958303885,2304229.5012652096,0.0390693710228295,0.2361160636981802,0.0367823355292521,0.3573679671251548,0.4250242470812363,1.0,0.3573679671251548,0.0005575772905095994
1,1,0,0,1,1.4881908821000995,0.0275455192006407,2.6641546916541468,0.0744941259301406,6.881466793616962,9.715974058546582,0.7150877933216357,112.00703341808742,12430655428.22244,0.00140307079214,0.4614165931680386,0.634885051977405,0.2882001768863551,0.1817764486566673,124739.4834237938,0.0415296709786631,0.251963940252602,0.0395335131070207,0.3582012166578605,0.7076185172446134,0.5641985356911642,0.634885051977405,0.0005557670460318348
1,1,0,0,1,1.4881908821000995,0.0275455192006407,2.6641546916541468,0.0744941259301406,6.881466793616962,9.715974058546582,0.7150877933216357,112.00703341808742,12430655428.22244,0.00140307079214,0.4614165931680386,0.634885051977405,0.2882001768863551,0.1817764486566673,124739.4834237938,0.0415296709786631,0.251963940252602,0.0395335131070207,0.3582012166578605,0.7076185172446134,0.5641985356911642,0.634885051977405,0.0005557670460318348
2,1,0,0,0,3.6336099713242223,0.0324357534744473,2.2101290063832963,0.0357315235433854,3.56501670015193,4.486494478331719,0.5365893894778708,76.82439832699977,9348287584.86304,0.0013111008890721,0.1563564933428244,0.2253513498142161,0.2385102040739537,0.1680848752343358,1903522.6414935747,0.0284435587236995,0.1557993831322979,0.0274163946458967,0.3586338846762787,0.3654883115824006,1.5914432506037492,0.2253513498142161,0.0005548293890376176
4,0,0,0,1,0.122676725430764,0.030840273727459,9.011884875446716,0.0135455862592842,7.716407028668736,14.0520894975027,0.417590449380505,100.83271908436626,15826512159.68594,0.0,0.2309199925613215,0.358690308192211,0.2877780804667192,0.1814206779579526,1145359.9201736469,0.0414081117985547,0.255037121914957,0.0385865432170433,0.358690308192211,0.4516395896587454,1.0,0.358690308192211,0.0005547072274091522
3,2,0,0,1,0.829262896968158,0.005549041355013,4.740158660285076,0.0240508025935278,4.53234536681318,18.481344875432224,0.3165586971775297,68.47751864774986,10108084949.779642,0.0,0.2530209051084457,0.3594383732581168,0.2696764344936937,0.2065887774625386,90267.23291702507,0.0363626896606157,0.217010618293675,0.0353969689780757,0.3594383732581168,0.9957962775023612,1.0,0.3594383732581168,0.0005530901439797618
1,0,1,0,2,0.97740993524676,0.0974595206482286,7.817216511350148,0.0343307387416236,7.983677689267089,8.68539978898554,0.4491327716607863,96.26340763290769,11700485883.573324,0.000685063098108,0.251942485437993,0.3601291238074777,0.2716627722389246,0.1815600052223437,804257.5747274852,0.0369003309102689,0.2091965361687482,0.0354013841639575,0.3601291238074777,0.4178910702880721,1.0,0.3601291238074777,0.0005516011431640712
2,0,1,0,0,3.615089305457465,0.077850237304055,2.8726983641644748,0.0733215290102931,2.32086957789917,1.0273502658820697,0.7011006472681504,84.11864933293238,10516338694.53645,0.0008392178178943,0.3100757421784392,0.3605172620035394,0.2305001866527171,0.1879238285746399,7745447.8149442,0.0265651680234687,0.1405958364587852,0.0261299112887192,0.3605172620035394,0.4912542648696039,1.0,0.3605172620035394,0.000550766221598793
2,1,0,0,0,1.232888005900359,0.0153833275500544,6.21657078224696,0.0138849488526657,8.838817650509695,5.789675409449737,0.5813615733590841,86.40023279604048,14440470297.112598,0.0,0.3168124436156498,0.3610131164662185,0.225855111182058,0.1470590046935246,126310.82731840074,0.0255052656235299,0.1487876595029418,0.0247650889441356,0.3610131164662185,0.581407711989799,1.0,0.3610131164662185,0.0005497014305223698
3,2,0,0,1,3.795827209673828,0.080164415244794,7.174509170635371,0.041471714456139,6.5234916679721335,1.41312114564241,0.3925570188534905,92.17368805061864,13613572666.427628,0.0005918936026713,0.2424611526775213,0.3610701274084865,0.2796375999708049,0.1932011333680954,2412487.2978980523,0.0390985936587159,0.2362957352278658,0.0367983777858173,0.3610701274084865,0.4282277448138806,1.0,0.3610701274084865,0.0005495791380290786
2,0,1,0,2,1.85214095522119,0.0178548968980608,4.155634147140676,0.0727324314073711,9.163008158512511,8.692862044424903,0.6804205564973598,127.12156327885752,13324862161.987503,0.001319840709391,0.2262195168396725,0.3612565154276112,0.2942356479002583,0.2020354375813484,1994460.895139476,0.0432873082476424,0.2655028322543017,0.0413446353629508,0.3612565154276112,0.7129892135929736,1.0,0.3612565154276112,0.000549179512419329
2,2,1,0,0,1.3228595557399092,0.0787869663731423,3.152603361982103,0.0116781402447403,3.642831615069628,1.051480071309671,0.5498102839649787,98.3550561194394,17805198076.507477,0.0,0.3031155494702096,0.3613938721873463,0.2346996715558544,0.1942765122199103,5956473.3763860725,0.0275419679142129,0.1619577667011014,0.0269797652895651,0.3613938721873463,0.3118514934686404,1.0,0.3613938721873463,0.000548885198371102
1,1,0,0,2,0.8899629129384999,0.0615323016492555,8.861631300867142,0.0959252966456046,9.89383668404035,3.358472496536708,0.6889869983769074,120.85828386280232,18342713717.61031,0.0008264348547342,0.263245505482797,0.3616365653530811,0.2637041393415619,0.1899287992941932,3467474.799306188,0.0347699365529369,0.1968674577401079,0.0333143231255828,0.3616365653530811,0.4080103338128454,1.0,0.3616365653530811,0.0005483655657139356
2,2,1,0,0,1.1925490684359343,0.0791566503159904,3.0349505577983376,0.0115878729960932,3.489469635930074,1.2009651521743518,0.5471242085272362,98.37435729371916,17895761482.267937,0.0,0.3101066014929707,0.3621540245386982,0.230901681280829,0.1924353875266928,6740128.314575083,0.0266577932091567,0.1532715070543557,0.0261893143228822,0.3621540245386982,0.3192977818431932,1.0,0.3621540245386982,0.0005472592709604652
3,0,0,0,1,3.093411488464082,0.0859942595716784,1.008421275440832,0.0899798688197018,0.5287502725620449,1.790864918379976,0.474120651482678,91.15954220143836,10573538302.185646,0.0013964115293491,0.2757261268797689,0.3625208372425552,0.2548909829704597,0.2021991766444294,6158105.426352238,0.0324847065998235,0.1829122007582388,0.0314558121401669,0.3625208372425552,0.2427273868670275,1.0,0.3625208372425552,0.0005464764008689152
4,2,0,0,1,4.143477140968314,0.027095696519298,4.941861657144978,0.020177844459361,7.368389639838727,9.267943670937637,0.3132484974282576,75.67451155334199,17195937605.32194,0.001295144152009,0.2240164970491621,0.3628392500447129,0.3015722941410199,0.2408484866958292,4599419.578733959,0.0454729242967389,0.2028676332742052,0.0434101024895406,0.3628392500447129,0.5922696142246398,1.0,0.3628392500447129,0.0005457977363470507
5,0,1,0,0,3.000028497595048,0.0490315169550371,1.453885791357427,0.0494809308775423,8.790948905295947,5.30194609768663,0.6400270903078182,96.65368809174925,13922296867.46684,0.0009524907060795,0.2354650952312138,0.3629428312110177,0.2873517844313735,0.2065531633915623,2970926.917401921,0.0412855240079472,0.2478159158830469,0.0392343964819833,0.3629428312110177,0.3186264125564224,1.0,0.3629428312110177,0.0005455771453538791
0,1,1,0,1,0.2197971227175126,0.0653179013805328,2.9183194198980886,0.0603351465836812,4.01719740336022,18.80977667267936,0.0316547784223833,104.54028261646118,11608359675.025553,0.0009968330596166,0.2443905678324365,0.3632502427368473,0.2800304248969605,0.2390387039706031,5605704.630233904,0.0392085194339861,0.2296959925211869,0.0380273968441278,0.3632502427368473,0.4421723046777671,1.0,0.3632502427368473,0.0005449229930873284
2,1,0,0,0,1.2262320967723284,0.0153545910277668,6.217736313489354,0.0139778410754677,8.843318122057852,5.798006660166509,0.5824684503326222,86.35139382339915,14437220791.625347,0.0,0.3183738815455952,0.3633885439589873,0.2264281090960479,0.1474343467580112,124744.23963286723,0.0256348442944058,0.1495818440153942,0.0248847041652003,0.3633885439589873,0.5812463022594654,1.0,0.3633885439589873,0.0005446289527048561
4,2,1,0,0,0.6874114914957474,0.0233488865757734,2.891799542629474,0.0153973555628674,3.035136478172128,2.741303921546602,0.2143526076861911,117.75342772941752,9518828985.214836,0.0,0.3148245028021191,0.3635154270995606,0.2297447026168224,0.1889907762904437,7557790.380167791,0.026391314190246,0.1346810733280804,0.0259789811865047,0.3635154270995606,0.3279448706243082,1.0,0.3635154270995606,0.0005443593277113127
1,1,0,0,1,0.9515580426141048,0.0782546725103879,7.736884886531691,0.0162520351224889,2.103398601926389,10.695981548325715,0.4140014448277356,79.49655135148743,13662372979.79116,0.0,0.2979001790199304,0.3635747845396668,0.2397644720596244,0.1529219704211813,888578.8704991072,0.0287435010310152,0.1660285653944957,0.0276221414578082,0.3635747845396668,0.2849115378239065,1.0,0.3635747845396668,0.0005442332397691511
1,2,0,0,2,2.117011301989895,0.042523559889706,4.289211493919156,0.0233783791608093,3.416623182587005,14.179219788460658,0.2079137443285246,74.29248871769069,14601862098.120722,0.0008441851172407,0.2789951277485608,0.3648587324152729,0.25443432195576,0.1627752707844921,989410.7797969992,0.0323684120945436,0.1767546087205037,0.0311015529106932,0.3648587324152729,0.388189896755197,1.0,0.3648587324152729,0.0005415129958531258
4,1,0,0,0,2.874988310238386,0.0229574300340957,0.5012850849551602,0.0572332675187364,3.6408691848621246,6.944121515748925,0.0417172057753297,93.59409939948678,17396068517.790066,0.0011251388437182,0.4218344749901628,0.7950762113293836,0.3925162495655555,0.3278509635206057,9194504.394760482,0.0770345030865047,0.446442980020153,0.0731485905266884,0.3651581269255667,0.3812309414543226,0.4592743710882947,0.7950762113293836,0.000540880639269857
2,1,0,0,0,1.2231430672727943,0.0154270642606133,6.214680683350945,0.0138890373795814,8.848706416426769,5.787290962485517,0.5823154124210942,86.40894933034964,14431911640.854685,0.0,0.3200836507851334,0.3652914521207222,0.2266096676241674,0.1472302580512114,117367.1645655015,0.0256759707303678,0.1497178389273771,0.0249190828662445,0.3652914521207222,0.5806267034235566,1.0,0.3652914521207222,0.0005405992783931421
3,0,1,0,1,4.285860142922139,0.0633199929547451,2.0158393014200957,0.0406700841318445,7.97777639264087,11.43458695535083,0.01453111008396,61.55729564469641,12439555476.67232,0.0008565309532121,0.2440158510897351,0.3654193569820009,0.2817217573212782,0.1901688177670845,1638646.5168895207,0.0396835742740946,0.2381138352169995,0.0375079542592835,0.3654193569820009,0.4178323525923698,1.0,0.3654193569820009,0.0005403294937964546
3,0,1,0,1,4.285860142922139,0.0633199929547451,2.0158393014200957,0.0406700841318445,7.97777639264087,11.43458695535083,0.01453111008396,61.55729564469641,12439555476.67232,0.0008565309532121,0.2440158510897351,0.3654193569820009,0.2817217573212782,0.1901688177670845,1638646.5168895207,0.0396835742740946,0.2381138352169995,0.0375079542592835,0.3654193569820009,0.4178323525923698,1.0,0.3654193569820009,0.0005403294937964546
3,2,1,0,1,1.0477637462721825,0.0630693453860056,1.7340255302075342,0.014850081222489,3.9135449650511,15.150074654830236,0.7712652622422381,67.00067441221437,12136548395.802538,0.0,0.3135034205841119,0.3665742649020408,0.2315442723621593,0.2003079909448417,6358938.569241681,0.0268063750318609,0.1559796845709359,0.0263942265653097,0.3665742649020408,0.3204783732570193,1.0,0.3665742649020408,0.0005378995809675112
4,0,1,0,1,0.3711683853370026,0.0274703599694555,7.56035015971202,0.0621402090853399,6.497611258542458,10.625005760950003,0.1112425095534894,69.54184407752189,13924371248.1386,0.0014547675561423,0.2831753151749565,0.3667948259678579,0.2521842495890979,0.1875232154801789,5108497.049858656,0.0317984478704082,0.1841473281400167,0.0303869831567717,0.3667948259678579,0.56383627465439,1.0,0.3667948259678579,0.0005374367672934647
3,0,0,0,0,3.528180336012652,0.0525791479260055,2.919813661484604,0.0907189250783084,3.203597662073626,16.13841714781512,0.4611947302461227,75.67100918081138,12289554720.426315,0.0013665539787223,0.2889543164042835,0.3679563812100757,0.2496926705163882,0.2008208052757604,4943679.571593678,0.0311732148548028,0.1651690307477754,0.0303256819853938,0.3679563812100757,0.4299994007954253,1.0,0.3679563812100757,0.0005350059838225485
1,2,0,0,1,0.5084425798456202,0.0291851588274793,4.919130521200486,0.0440330284058091,5.863651481184591,6.2910827204893165,0.0781310448624426,74.96394914611614,12886160632.361883,0.0011157429061013,0.2891886874275809,0.3679724117194721,0.2492981399162842,0.1641142234590275,954737.1527868912,0.0310747812828596,0.1690975925515114,0.0298532485006958,0.3679724117194721,0.4549523769587706,1.0,0.3679724117194721,0.0005349725138463091
4,2,0,0,2,1.6656361547685363,0.0556532266974706,8.651589248946202,0.0602353228831228,8.899107733096328,4.113556968247958,0.6554024528337352,116.95672019737142,12040305234.816875,0.000606420106105,0.2366194317524818,0.3684130805390778,0.2903338382790551,0.1946370847201454,1736203.2941690828,0.0421468688249242,0.2578076088218267,0.0396132898051179,0.3684130805390778,0.4022444556561194,1.0,0.3684130805390778,0.0005340532643004833
5,1,1,0,1,1.7875518119412883,0.0216687172561442,3.2518690979115963,0.0716548568087224,2.447535233673529,9.399167216392453,0.6662160343134348,86.92032724137854,16173524537.850231,0.0013282196142559,0.3078990086139233,0.3689360150729367,0.2366853205507801,0.1601813201879693,880998.3315091933,0.0280099704821127,0.1628346848117002,0.0269513942758985,0.3689360150729367,1.137897505713787,1.0,0.3689360150729367,0.0005329644549677485
2,0,1,0,2,3.6718726381558056,0.0231012054551815,7.546052960351982,0.0910371428623073,6.929436816569104,13.151848702579628,0.4409776817849359,102.3345329176894,12391115028.703789,0.0006497398972608,0.2334704582529113,0.36904147575147,0.2934498895724632,0.2112643251943861,2977141.10312899,0.0430564188450454,0.2681708576251165,0.0408931723202201,0.36904147575147,0.4398377929542711,1.0,0.36904147575147,0.0005327451429335126
4,2,1,0,0,0.6749124379957718,0.0179191080074371,2.4091117690513246,0.0903049391669862,5.407038614956321,6.91158361981222,0.1114985799276311,98.22630581501306,14580107275.13612,0.0013036036852819,0.4090335412092559,0.5516769727613348,0.2784992362240877,0.1828151079106002,380924.7618104818,0.0387809122887001,0.2365651485069253,0.0370627830245975,0.3694492927447376,0.8749231496707791,0.6696840922968302,0.5516769727613348,0.0005318979110662484
5,2,0,0,0,3.89612469141172,0.0843261541280832,0.6666132169801285,0.0614511148350309,3.654689728005008,5.837098676409395,0.2274422030028073,92.97846137799168,9074495639.950245,0.0007843352834909,0.2960436987168635,0.36987037513024,0.245107722457474,0.1866655426723401,5075431.398606872,0.030038897804145,0.1766513278720846,0.0290405806895817,0.36987037513024,0.2506955586779164,1.0,0.36987037513024,0.0005310245343977788
4,0,1,0,1,0.1303549359611885,0.0230854574394387,7.406112912375445,0.0603300901312763,6.278418271350726,11.38248803468016,0.126907927833454,74.29709877607935,13911446711.09484,0.0014330593934813,0.2250179053480903,0.370511905992698,0.3024396235858891,0.189886282151537,235448.4097791762,0.0457348629573871,0.2876427748033193,0.0426799131448048,0.370511905992698,0.9923802936854508,1.0,0.370511905992698,0.0005296966764677273
5,1,1,0,0,3.160010968776553,0.0505580030492291,8.506762216667367,0.0314836617271287,8.912159633381046,16.612535596710877,0.8418049277511032,84.93730715307875,17097035825.944193,0.0010826224362057,0.2447106244469993,0.3707446728762034,0.2848938084326057,0.2109345124717718,3782216.878410761,0.0405822410416171,0.2491341785761605,0.0386680075649203,0.3707446728762034,0.4186274224053524,1.0,0.3707446728762034,0.0005292157106393735
2,0,0,0,0,1.7164183953023835,0.0393854036980391,5.1361612616154,0.048587524078508,8.709112870396307,11.752768727878935,0.5024712585363253,89.47583760273184,10892957556.021635,0.0007325813328464,0.2770031503824277,0.4123705980683974,0.2879326100335825,0.2094290632723815,3940401.8146681576,0.0414525939603755,0.2557502583231412,0.0390373384938298,0.3711362381528712,0.4036660389319563,0.9000065472449447,0.4123705980683974,0.0005284076050041928
3,2,0,0,1,1.1195205627208873,0.0202498367078275,6.284826408583448,0.0156256588519108,2.7502175612145803,10.790114665431846,0.0759194615857013,75.76372561683725,12252601171.040146,0.0,0.259128244291624,0.3711594960895188,0.2733952564744031,0.2061473213617123,3818742.120089154,0.0373724831313523,0.2232862558467946,0.0358408633420959,0.3711594960895188,0.4376486377503648,1.0,0.3711594960895188,0.0005283596445199461
1,0,1,0,1,1.170297241300046,0.0875538634771991,8.686755618328624,0.018752926871027,4.951623669365405,12.799565406859893,0.6014222484331542,81.76029925277135,16254507424.186625,0.001076540438624,0.2507388478446537,0.3719317112090081,0.2841366041701203,0.2087118667917783,2640764.9798483653,0.0403668049146638,0.1806894992487233,0.0383925584012936,0.3719317112090081,0.5767798641587214,1.0,0.3719317112090081,0.0005267697192488162
3,0,0,0,1,1.0766177017012246,0.0164192458974177,9.868075720108656,0.0060110466709918,7.959029474660714,3.903922765676924,0.1249003524622856,70.20210293526218,9850460177.638966,0.0,0.2926493303569946,0.3720427412058557,0.2498921464251179,0.1976176030373624,6695424.023607455,0.0312230424224762,0.1655566518786058,0.0303548340626479,0.3720427412058557,0.3573477480882441,1.0,0.3720427412058557,0.0005265415116682972
2,0,0,0,0,0.224027330524737,0.0899759388068743,6.546861967783903,0.0619366680428992,1.1806062169721363,1.7052181527332488,0.4223589027195235,66.54386686565806,14485341168.941229,0.0008350389704999,0.2729935807615473,0.3733134857877911,0.2656914080805064,0.2277307838586857,7410777.33459231,0.035295962163901,0.1792448646365807,0.0344110600045179,0.3733134857877911,0.5706298043768357,1.0,0.3733134857877911,0.0005239366932517236
2,1,0,0,0,2.657118837467982,0.0179957352425193,3.987127612861652,0.0958748894953513,1.7184914688508617,1.6589605915991827,0.3466500014549766,124.1501137002896,13595902458.494877,0.0012197171447137,0.3254648501661857,0.37354394790179,0.2287846984267613,0.1405076863461415,273442.6958281056,0.026171219117112,0.148857292285794,0.0252236848992997,0.37354394790179,0.7162837430000708,1.0,0.37354394790179,0.0005234656659387953
4,1,0,0,2,0.8021492604639411,0.0196262761471136,3.4174590908639964,0.0840684984204127,5.8383475358448695,6.570875680746082,0.3187919682724109,78.29493940863001,10945375294.462654,0.0010365555025655,0.3068054719455415,0.3737454118081147,0.2405117188487167,0.1545925266700799,195805.30914459124,0.028922943451782,0.1692349078551667,0.0279763087051631,0.3737454118081147,1.1034289433339142,1.0,0.3737454118081147,0.0005230542531779479
4,1,0,0,2,0.8021492604639411,0.0196262761471136,3.4174590908639964,0.0840684984204127,5.8383475358448695,6.570875680746082,0.3187919682724109,78.29493940863001,10945375294.462654,0.0010365555025655,0.3068054719455415,0.3737454118081147,0.2405117188487167,0.1545925266700799,195805.30914459124,0.028922943451782,0.1692349078551667,0.0279763087051631,0.3737454118081147,1.1034289433339142,1.0,0.3737454118081147,0.0005230542531779479
1,1,0,0,2,0.1096216951290785,0.0918734721728669,7.187077145092744,0.0742530948649482,9.131586548444067,7.708328603999895,0.6721469710991903,118.24993622612462,17694076718.887768,0.0005760912892637,0.3208682170217596,0.3957175155517227,0.2455241411514016,0.1912767287244826,5468115.264849086,0.0301410519440666,0.1762848837069628,0.0292638562066238,0.3748407328505603,0.3720293265126215,0.947243218000964,0.3957175155517227,0.0005208231313274015
3,2,1,0,2,4.109734869275738,0.0845383558630444,4.206898263000184,0.0134260434925631,4.2761552938931855,16.48937177426237,0.5698505151421183,77.71940061351953,19798785823.99615,0.0,0.2474125549947909,0.3763004433209397,0.286871270618749,0.2090765787753251,3193661.6544378903,0.0411475629532077,0.2503859723654511,0.0390199936747222,0.3763004433209397,0.367875893864423,1.0,0.3763004433209397,0.0005178645496690786
2,1,0,0,1,0.534077156162754,0.0094258436214284,3.939006858687816,0.0487229126034024,8.87278863216741,3.512727468732641,0.7344042773154739,126.18360788680108,11268714300.694412,0.0011880406570661,0.2856288997318628,0.3770128079488271,0.2577796821881588,0.1751285002296521,662451.1755594222,0.033225182274514,0.1871765116996175,0.0319423656747575,0.3770128079488271,0.5690046362413812,1.0,0.3770128079488271,0.0005164268174748544
4,1,0,0,2,0.3231910100764953,0.0103384587045769,3.50640690029545,0.0723920364077852,4.556776143553275,9.601617926241609,0.6021890465644015,92.8489190556787,18804318679.507744,0.0009412465531972,0.3118977185348788,0.3777511267556659,0.239779422443718,0.1472273328232278,925297.7578233422,0.0287470857137214,0.168601725616644,0.0275226199529955,0.3777511267556659,0.7563589973130634,1.0,0.3777511267556659,0.0005149409153570298
2,1,0,0,2,4.85662572579607,0.0634478015158318,9.724046451130148,0.0031279461512697,1.7921435514234216,18.77107701318764,0.7701168444382438,124.2074205012751,14977334989.934278,0.0,0.3049934084270846,0.378639671999456,0.2454608239310247,0.1548603111416887,643777.8399422334,0.0301255080424487,0.166687010597508,0.028965028410313,0.378639671999456,0.3175967073517168,1.0,0.378639671999456,0.0005131583429151551
3,0,0,0,1,0.9349461693388688,0.0153812820909414,9.610522417340857,0.0049475963412977,7.996865036147464,4.0617529622333794,0.126154810076392,73.67890805191384,9676776114.947062,0.0,0.3049619241185684,0.3787906467286548,0.2449961943675965,0.1838708998903398,4515845.974657528,0.0300115676273025,0.1769586348520075,0.0289700959573912,0.3787906467286548,0.364454087172837,1.0,0.3787906467286548,0.0005128560759108873
3,0,1,0,1,2.20823702800006,0.0628490348246522,4.1405458009961,0.0321497025063025,4.19997790550832,6.761568604607751,0.6310917791436748,118.26373917312924,17056625071.480255,0.0009805220563687,0.2764513486362343,0.3802583649350398,0.2661388127711422,0.1844859488358186,4216145.20203436,0.0354149338316165,0.2143384197503568,0.033142060577657,0.3802583649350398,0.5076899836377081,1.0,0.3802583649350398,0.0005099268155155446
4,2,0,0,1,4.024350990274839,0.0696867120942346,7.271080394678856,0.015027855520917,1.9712297117120643,3.5007687547814634,0.7627515321838317,129.12098552656002,9670385491.519909,0.0,0.2405799582776542,0.2973710576257446,0.2321709793236162,0.1610689024728534,2416393.47908471,0.0269516818200435,0.1512187384551901,0.0257329058291445,0.380394962576098,0.347539293578522,1.2791929571533585,0.2973710576257446,0.0005096550475135304
3,0,0,0,1,3.92369812408692,0.0972267884168862,4.457854174247831,0.0785663003100358,4.572991569494682,8.792926454484014,0.4242316956312207,104.84992420937336,15179623746.541206,0.0010201308364633,0.2830914853845522,0.3810096663181883,0.2617338544618225,0.173562984801828,3005791.722987798,0.0342523052857212,0.2060093791586531,0.0319313852409973,0.3810096663181883,0.5152165973323231,1.0,0.3810096663181883,0.0005084338542978982
3,1,1,0,2,1.6840079578975364,0.0572768149592905,1.0263011244049836,0.0976252160939724,0.4765906955836655,1.2932731964568542,0.0547722974877011,75.90681849807856,13208712026.730978,0.0011866258385004,0.295209631179361,0.3817257995208893,0.2561466963147136,0.2165436237674423,8593579.238552619,0.032805565016471,0.1469000876559412,0.0321675142957577,0.3817257995208893,0.2706364968021731,1.0,0.3817257995208893,0.0005070148472690371
4,0,0,0,1,0.122676725430764,0.030840273727459,9.011884875446716,0.0135455862592842,7.716407028668736,14.0520894975027,0.417590449380505,100.83271908436626,15826512159.68594,0.0,0.2309199925613215,0.358690308192211,0.2877780804667192,0.1814206779579526,1145359.9201736469,0.0414081117985547,0.255037121914957,0.0385865432170433,0.3817567624169853,0.4516395896587454,1.064307436521016,0.358690308192211,0.0005069535841590303
2,1,1,0,0,2.4413957888488587,0.0469863600471024,1.0272914031459446,0.0899678563362719,9.132896132196493,9.222106515204276,0.4519562008156714,108.10005612099582,10342055704.120832,0.000696262555598,0.2997578479333063,0.3822635422285186,0.250912758944931,0.1926340684549507,4789336.396129544,0.0314786063006785,0.1844353583799496,0.0303989137522333,0.3822635422285186,0.2769470837379237,1.0,0.3822635422285186,0.0005059519223229409
4,2,1,0,0,4.397929566101936,0.0360616367314933,9.573772652434878,0.0899737105199017,7.9778616671302,9.409216115981945,0.0331364509943892,71.3060755915933,14093874691.988457,0.001168809097257,0.2414888918529826,0.3825908573747573,0.2983245014814082,0.2592770793233148,6008561.520460332,0.0444987540920653,0.2443011364865505,0.0432208062628378,0.3825908573747573,0.5869987296537207,1.0,0.3825908573747573,0.0005053060286599507
1,0,0,0,2,1.5840827311301602,0.0453280406084148,4.192704190870297,0.0155433627967009,9.623324471857272,8.967714437083105,0.100946520968076,74.79066729157339,9974361881.394575,0.0,0.2562455242671065,0.3830359948710369,0.284800710875512,0.1913683766122892,699859.6428215654,0.0405557224575985,0.2375979973626089,0.0388071736186087,0.3830359948710369,0.2715631889211076,1.0,0.3830359948710369,0.0005044289581574497
4,1,0,0,2,0.1466686885995016,0.0206765888794761,4.515925854152668,0.089361763598779,7.102507082627398,6.229547545235072,0.5885191099750204,82.90549022116758,11575372019.04898,0.0011884222183131,0.3142661450372883,0.3857431209740944,0.2434505279612871,0.1619667782306918,498778.7244955256,0.0296340797823147,0.1731811444830628,0.0285839088503149,0.3857431209740944,1.0927446278440178,1.0,0.3857431209740944,0.0004991276948911221
5,0,1,0,0,0.205408241391405,0.0695728921482883,7.184442830038179,0.003344183455742,6.578764085220151,6.252655390897516,0.6620827290931811,106.49341426588914,10141173243.525192,0.0,0.2745378937914609,0.3861000543277598,0.2716580707652223,0.1692482919277309,1344552.7997457369,0.0368990537059412,0.2247281957845351,0.0346477410164517,0.3861000543277598,0.4400376210373499,1.0,0.3861000543277598,0.0004984328955836044
1,2,0,0,2,1.5737392672945276,0.0479901251523769,4.147463914999998,0.0154638304275723,9.390659413020394,8.93392476518681,0.1084255432484959,75.21422598241838,10020554246.552448,0.0,0.2980366411431764,0.3864463280978553,0.2554871916200144,0.1665490648162662,722771.3726024859,0.0326368525409409,0.180450704773844,0.0313237193451445,0.3864463280978553,0.2814150055439717,1.0,0.3864463280978553,0.0004977597703050114
1,1,0,0,1,3.675186465066242,0.040704426272672,3.512194121584302,0.0980906886788931,6.985591934797871,9.337439388864494,0.583884236062836,113.10142013592451,13104125923.765848,0.0014702579067351,0.2594164371469671,0.3869804335993175,0.2844930006285194,0.1938981366042128,3523421.4539618413,0.0404681337033093,0.2471892859043485,0.0383611826011366,0.3869804335993175,0.426947381550264,1.0,0.3869804335993175,0.0004967232989143743
4,0,0,0,0,1.7225668018122078,0.0153096182785244,2.0337099953665385,0.0840802070552589,7.0821281546535815,3.429280177372764,0.1803018831555716,106.55895601286986,10720994276.129082,0.0008540529283195,0.2467627018462901,0.3874903495694246,0.2955194806789153,0.1882057887015627,197352.1572655828,0.0436658817303678,0.2729955567461439,0.0410819532964545,0.3874903495694246,0.794177400810909,1.0,0.3874903495694246,0.0004957357829804723
2,1,1,0,0,4.698249254880494,0.0140614898959594,8.78738763590838,0.0262405708744363,3.3117397448839223,7.903324937026041,0.2630992921929915,100.77610398224202,11909048938.92685,0.0005734389440931,0.3043372044883102,0.3877463443808673,0.2515791176707835,0.1691525962751726,1659466.2640341453,0.0316460262240049,0.1820105825864243,0.0305152242237373,0.3877463443808673,0.711891063166526,1.0,0.3877463443808673,0.0004952407575257083
2,1,0,0,0,1.7278280737182683,0.0370915050621194,8.240384249168985,0.0967092858425646,6.586956963921095,4.065324519484028,0.3185519929858107,103.0756317541206,14947013534.894247,0.0014578067768929,0.3173278146434239,0.3880037138925439,0.2427852665335294,0.1947054720584079,5868142.97189445,0.0294723428228784,0.1745185798855458,0.028726218865086,0.3880037138925439,0.465975968503365,1.0,0.3880037138925439,0.0004947435720727167
4,1,1,0,0,4.2818650845651165,0.0351593122279227,9.375198044030196,0.0888398619586836,8.274381099311691,9.323706216182948,0.0506207900763764,73.45528935132499,14107614376.155764,0.0011785931779231,0.2950683032840562,0.3880455961397964,0.2578367651269897,0.2049087625063917,5266718.488191221,0.0332398987255752,0.1995871327334036,0.0321030788129342,0.3880455961397964,0.446175406367059,1.0,0.3880455961397964,0.000494662711340351
2,2,1,0,2,1.0813331638264985,0.0254222794381716,5.391415186368506,0.0267354463477966,9.228098373823125,5.44252716929209,0.1295530556801447,77.21014613384459,18430717910.90844,0.0008102517602846,0.3120471215165796,0.388637616362752,0.2466679838449542,0.1991668033839081,5623968.109581165,0.0304225471270672,0.1801111587380093,0.0296397456469564,0.388637616362752,0.3846643646520158,1.0,0.388637616362752,0.0004935211293000238
4,2,1,0,0,0.5776730105554994,0.0161756092395248,2.813302535398622,0.0848818758434512,9.522123483387825,10.209017256517646,0.0744109323919992,79.46818861385873,11884090609.3665,0.0012706828888454,0.3286993362295524,0.390534788864354,0.2377990271302482,0.1452577210857351,379882.3934321349,0.0282741886520462,0.1553228079708231,0.0271864751671009,0.390534788864354,0.8375907795182193,1.0,0.390534788864354,0.0004898805640447263
4,1,0,0,0,4.239389969844529,0.0295358721599108,1.918001632496616,0.03333298081063,1.739337034536974,6.558444790183346,0.5704007933312569,102.19918664753273,17367570151.330982,0.0012267380520505,0.2548833422451992,0.3907252940487614,0.2913808518113784,0.2394180924113435,3409985.641397347,0.0424514004011622,0.2541729430491291,0.0409984529870071,0.3907252940487614,0.6016929122815718,1.0,0.3907252940487614,0.0004895164825545005
1,0,0,0,2,3.3185596999614653,0.0654010799868256,9.380210205281294,0.0854853370880929,5.286998533791881,18.58717172271251,0.6513282488213341,116.9936006916816,15709995151.431974,0.0006135865810244,0.276746537573124,0.3911198339700841,0.2739772128098651,0.2032056682531675,3650811.1417853,0.037531756569531,0.2188646088908125,0.0359372334597277,0.3911198339700841,0.4280108129369201,1.0,0.3911198339700841,0.0004887633230042999
1,1,1,0,2,2.4920766023360823,0.0138059204476618,0.1818111559003084,0.0966757977379708,1.7226699176728295,4.586979044144954,0.1081837010115004,129.01110384541226,11301759832.860365,0.0008329755256923,0.3250764069424817,0.4928610498945084,0.3023104490172301,0.2359423291508219,5385565.502245284,0.0456958037924996,0.287273200076022,0.0437601699974527,0.3916118467152723,0.3333177109806192,0.794568462651071,0.4928610498945084,0.000487825715454221
1,0,1,0,1,3.2761653660583976,0.0978131259598529,2.509517984051082,0.0235171158511795,7.332916858474762,1.5936995049740834,0.2935629424881394,97.60289995881628,16421570909.92049,0.0014335825240471,0.285807428154342,0.3917919089484599,0.2679739378684397,0.1735448720288189,1201793.6241262748,0.0359050156883591,0.2002884865740472,0.0343433144084314,0.3917919089484599,0.4196242050933657,1.0,0.3917919089484599,0.00048748302834894616
2,2,1,0,2,1.1220139387143495,0.0524842003579217,7.9826808214137825,0.0054698729419678,7.617121801803045,12.91434666957705,0.2165568027747701,106.49478386228265,13796332608.846235,0.0,0.3199438723331868,0.3921242491554797,0.2451219871624795,0.1961864385976033,8218903.571513021,0.0300423942952413,0.1517096966810323,0.0294255659399667,0.3921242491554797,0.3143305615587881,1.0,0.3921242491554797,0.00048685116407644585
1,1,0,0,0,0.6353948717358303,0.0520244697062398,2.291478385848285,0.0870944421509818,1.2793943308602926,2.0294323947153337,0.5147245941158418,62.78105864553512,18759523936.082283,0.0013413451218387,0.2502027456612037,0.3925123632738823,0.2967357084594798,0.2532969925389467,5270152.928483105,0.0440260403374746,0.2653373554645349,0.0426587437604916,0.3925123632738823,0.660907328587867,1.0,0.3925123632738823,0.0004861142958801586
1,1,0,0,0,0.6353948717358303,0.0520244697062398,2.291478385848285,0.0870944421509818,1.2793943308602926,2.0294323947153337,0.5147245941158418,62.78105864553512,18759523936.082283,0.0013413451218387,0.2502027456612037,0.3925123632738823,0.2967357084594798,0.2532969925389467,5270152.928483105,0.0440260403374746,0.2653373554645349,0.0426587437604916,0.3925123632738823,0.660907328587867,1.0,0.3925123632738823,0.0004861142958801586
1,2,0,0,2,1.6891591138413455,0.0454026000439954,4.201469358050394,0.0155521597865245,9.618430757156592,8.927200860418656,0.1026802194318546,74.90914941875901,9977459626.192228,0.0,0.3017170561143579,0.393787558662719,0.2577919795784201,0.1682419801592795,694549.724557744,0.0332283523674802,0.183895882911964,0.0318838154944248,0.393787558662719,0.2813536807385239,1.0,0.393787558662719,0.00048370107024969843
4,1,1,0,0,4.536223637767857,0.0348752915847116,8.37017229141223,0.0953479670507298,4.6021786108407055,5.939410291720335,0.0289826146005563,89.59174693442019,12852299640.942446,0.0009172235756458,0.294661127777254,0.3528305168154584,0.2346425143651399,0.19266770536295,6390302.34626758,0.0275285547737974,0.1589315170499304,0.0269018156248502,0.394393952397579,0.4472100796982151,1.1178000019875254,0.3528305168154584,0.00048255771552771455
4,0,0,0,0,1.6948145234961909,0.0159366124751292,2.235795169821453,0.0830854754766709,6.605038639018643,3.81290497956862,0.2025657434036223,106.30708277038902,10803265614.967768,0.0008191956165572,0.2470211890401569,0.3949683842871936,0.3008243726359067,0.1919984420133752,197503.94258507484,0.0452476515858934,0.2845564153628209,0.0425104586955229,0.3949683842871936,0.8073501793935566,1.0,0.3949683842871936,0.00048147711763244503
1,0,1,0,1,3.335940143349444,0.0891615512714008,0.6457493914314568,0.0365920028058487,6.563663145619618,1.821783151881076,0.4496333629426158,125.92981248797248,14672037994.975697,0.0012025345237451,0.262097148424684,0.3951783229060965,0.2884993829057592,0.1912523140406643,1721183.593389366,0.0416159469685019,0.2485971052498888,0.0395017872860085,0.3951783229060965,0.2951589599770788,1.0,0.3951783229060965,0.00048108279372127715
3,0,0,0,1,3.891161047014029,0.0469679271083827,0.8675064605178198,0.0887450723799194,5.230179615393693,2.0134877998363763,0.568887769278377,69.14288705279131,12980252459.108704,0.0011593408112382,0.2510801690203403,0.3953388213344891,0.297625696717572,0.2174878812818404,3077373.4525411963,0.04429052767331,0.2753136253194467,0.041891508897629,0.3953388213344891,0.2160882412200054,1.0,0.3953388213344891,0.00048078155026151187
3,1,1,0,2,2.9586696911754835,0.0537326018743701,4.194005887989103,0.083603241471629,6.717012540610801,7.602856336325635,0.5058349009677011,89.9465899395623,14554991344.14436,0.001191379862449,0.29934265014641,0.3957397961383864,0.259931604225069,0.2026129295131744,3513103.417366362,0.0337822194375089,0.2029280511763657,0.0326701960048139,0.3957397961383864,0.3918311570993908,1.0,0.3957397961383864,0.0004800297748111418
2,0,0,0,0,2.6362278969773607,0.0997696224509987,4.775429424843643,0.0653188985453358,4.176760781201277,4.785803037859222,0.3948842453767969,63.30246320831112,9008953060.655416,0.0007711249607982,0.2701894090824943,0.3967501581393816,0.2825734339440862,0.2015431250606189,3250054.995056068,0.0399238727854764,0.2448837347273664,0.0375656431586129,0.3967501581393816,0.4191398950648253,1.0,0.3967501581393816,0.0004781406865432357
2,2,1,0,2,0.6227755575586462,0.0540048783665732,4.288388576842303,0.0741142231208175,0.9825725670522304,3.885730994401448,0.4702578975041556,93.02098871543588,15393231491.240414,0.0008790505962698,0.3196955391896456,0.397476350281854,0.247537816957001,0.2000191215334149,7227652.460025629,0.0306374854119188,0.1768180462849917,0.0299610066064256,0.397476350281854,0.4048492160293369,1.0,0.397476350281854,0.00047678750831354425
2,2,1,0,2,0.6227755575586462,0.0540048783665732,4.288388576842303,0.0741142231208175,0.9825725670522304,3.885730994401448,0.4702578975041556,93.02098871543588,15393231491.240414,0.0008790505962698,0.3196955391896456,0.397476350281854,0.247537816957001,0.2000191215334149,7227652.460025629,0.0306374854119188,0.1768180462849917,0.0299610066064256,0.397476350281854,0.4048492160293369,1.0,0.397476350281854,0.00047678750831354425
1,1,0,0,2,3.2490962070963376,0.0717399520848449,6.953608556056565,0.0775164888686118,8.561722589983948,2.5695245965745457,0.8131728194852392,121.11930600969512,18735033341.192986,0.000842676522796,0.3377757140099803,0.4827486122752771,0.2879312148896007,0.1874067323012854,827887.4912452315,0.0414521922539007,0.2395937153513768,0.0394180007262152,0.3979549077749164,0.3913980961918703,0.8243522563416322,0.4827486122752771,0.000475897863764085
4,2,1,0,0,0.9251555399307154,0.0435938928812122,1.5492652323455076,0.0246192180539073,5.010490532810555,15.537992064030195,0.1323542339612689,122.58529192327418,10171496206.233894,0.0013995452801464,0.3106783632130347,0.3984240912638974,0.2539701465245043,0.1941560006202882,4820456.496554909,0.032250417662839,0.1903832379306465,0.0311866978713053,0.3984240912638974,0.3374626620184393,1.0,0.3984240912638974,0.00047502725717327876
3,0,0,0,1,2.447801515461807,0.0240213476955714,2.326395921245044,0.0982730567843616,3.0999720555250554,17.265123650104197,0.8343241105748587,89.07979363002016,10087143733.39576,0.0005586618468703,0.2955245360022667,0.3988568729381561,0.2647936769355972,0.1951396005356744,419566.66019391816,0.0350578456725367,0.2100506504632822,0.0340420193272082,0.3988568729381561,0.7187469268797779,1.0,0.3988568729381561,0.00047422560918388665
1,0,0,0,0,2.3867277251399472,0.0368023871250104,4.153681807979863,0.0533226671757809,1.6663575526208525,2.380350509690537,0.836724341468222,61.16783246021771,18507442527.631657,0.0011718281413384,0.2315544303274074,0.3991489141655059,0.3211651708932342,0.2642305777629467,5185868.719691692,0.0515735334974401,0.276421401700586,0.0492332687723235,0.3991489141655059,0.6340363033582681,1.0,0.3991489141655059,0.00047368542144047535
5,1,0,0,0,1.3769276040431273,0.0112671570586072,6.151813599541703,0.065449293909607,9.361672344398746,1.1995371180098753,0.2678694161536974,61.11921360515066,11212979611.988316,0.0013850062801309,0.2945618069926117,0.3997522922881434,0.2664189719464605,0.1706920618264074,313544.27058381174,0.0354895343065044,0.2066014489275434,0.0341036087387717,0.3997522922881434,1.1455572088225272,1.0,0.3997522922881434,0.0004725713029847716
4,0,1,0,0,2.5817273706211754,0.0510105566237752,0.6317193174134722,0.0882680637422571,2.858092696894408,2.013552798901137,0.1910846910690836,69.85704900802597,11501529843.457684,0.0014761946474413,0.3125693209988678,0.3997631682320902,0.2538648979276512,0.1635664904240996,789680.5508790287,0.0322236931999083,0.1843037083911848,0.030827694451384,0.3997631682320902,0.2297640494636151,1.0,0.3997631682320902,0.0004725512449621911
3,2,1,0,2,3.5648949689222533,0.0659340982849964,6.053098127340989,0.0186070777909986,7.500281948070754,12.164727267665269,0.6508549467126358,70.82902470665726,17254373126.08646,0.0,0.2660959029731286,0.3999618472407001,0.2884799903983782,0.2040520824895581,2489079.226941414,0.0416103524301241,0.2506622233905454,0.0394551332483629,0.3999618472407001,0.3673801104576178,1.0,0.3999618472407001,0.0004721849798425425
3,1,1,0,2,3.5369318434585346,0.0241466185905092,2.7968047069282416,0.0471980632460436,7.121953717093269,2.632267517482594,0.0671101343889211,92.76164110178532,12451248982.502708,0.0014502289294554,0.3081963000399749,0.4006809696616544,0.2575502861065949,0.1718219801475211,193779.3061823695,0.0331660749367944,0.1882274145851855,0.032035777404033,0.4006809696616544,0.3656316101108939,1.0,0.4006809696616544,0.0004708616480635972
1,1,0,0,2,2.004493763445349,0.0946861577080845,9.194629634314529,0.0522407338009907,7.541379768273058,15.670935661389324,0.8282072206136262,68.29467906307714,19007490779.16803,0.0006650996981532,0.311060029937426,0.4013368352953765,0.2554639292585325,0.1963806044275025,5880428.680567381,0.0326309095761042,0.1951524979243983,0.0314696601960933,0.4013368352953765,0.371953557798058,1.0,0.4013368352953765,0.0004696579556557543
4,2,0,0,2,0.742556312861914,0.0606604397925431,7.301990753041871,0.055115205275104,4.654457168974664,3.903694808398328,0.6105949479265326,112.78324528048664,9693979504.632755,0.0009426099645146,0.3041353689498412,0.4013966210307678,0.2604003256438424,0.205973499096423,5401759.463832703,0.0339041647977096,0.2012708888510413,0.0326113779695972,0.4013966210307678,0.4540778993020516,1.0,0.4013966210307678,0.0004695483856660495
5,2,0,0,2,1.625452166772934,0.0230610383822701,6.3913681025504285,0.078463181309917,5.05781692671419,19.85708671819285,0.8395170573427359,95.00036069253716,15277537688.163246,0.0006772485617269,0.3142416471057107,0.4020105270672058,0.2538921612221351,0.167592905192203,515639.4344230457,0.0322306147650233,0.1897283278234428,0.031049165090817,0.4020105270672058,1.1311830637382554,1.0,0.4020105270672058,0.00046842475100514804
1,2,0,0,2,1.6462162537793132,0.0461384967297429,3.943080135540702,0.0136287044914258,9.58602879352971,8.837386413438294,0.1497059961390932,73.37482800388773,10083497200.809948,0.0,0.3073982400283491,0.402845430787314,0.2596754728397876,0.1682188922122536,692415.6562112813,0.0337156755972836,0.1885264026358178,0.0323288325786121,0.402845430787314,0.2799541054834436,1.0,0.402845430787314,0.00046690093719543824
3,2,0,0,0,0.6760776142499463,0.0799843743425575,5.6792329759284765,0.0122598821387393,3.7595586896730566,1.8410055093289528,0.7478871590809903,82.28373241613832,13809295222.388124,0.0,0.3332542430060129,0.4035347897851691,0.2439718697981324,0.1936734289441865,8618703.73439495,0.0297611366263984,0.1464834665963326,0.0292036296083381,0.4035347897851691,0.3336126706735581,1.0,0.4035347897851691,0.00046564649934314746
5,0,0,0,2,0.6202074694063658,0.0184377625668485,7.505538196319386,0.097680675422502,4.835301892789119,16.77771262914552,0.7981444994375039,91.16277127500106,15438458813.454134,0.0008015467313929,0.3068692879065585,0.4037794901103962,0.2600172100357408,0.185011798906223,496695.1163103571,0.0338044747573852,0.2010632682737148,0.0327613040061407,0.4037794901103962,1.0701662070736158,1.0,0.4037794901103962,0.00046520202514078654
2,2,1,0,2,0.6396008149509151,0.0535648186776669,4.307855274276501,0.074453804873878,1.0114035125622602,3.977817346663864,0.4695784071975747,92.97198355514357,15295790359.746208,0.0008895651347986,0.3212686294338168,0.4050437828989812,0.2513217673635803,0.2020095396589292,7271174.267746639,0.0315813153753768,0.1821087454863771,0.0308552693878665,0.4050437828989812,0.4064727290056384,1.0,0.4050437828989812,0.00046291231086598226
4,2,1,0,0,0.7901465071703543,0.0435938928812122,1.5492652323455076,0.0246192180539073,5.010490532810555,4.86804284749369,0.1323542339612689,122.58529192327418,10171496206.233894,0.0013995452801464,0.3199265593249824,0.4051968054540091,0.2519805571218909,0.1880554661755135,5102492.634708471,0.0317471005837292,0.1892719886885104,0.0306481311887332,0.4051968054540091,0.3430327788818931,1.0,0.4051968054540091,0.0004626359430076553
1,1,0,0,2,1.6363399132638508,0.0135274891155992,1.604295561082805,0.0889486168187202,7.795913176798829,11.783817993765632,0.0826976849309421,98.23184162953171,10627306955.52134,0.0006352981507724,0.4108896893606886,0.7025464554027645,0.3625059049686101,0.2924423211570033,13789011.690232702,0.0657052655685555,0.2365203976151377,0.0629732855431674,0.4060870340929403,0.4880132757458811,0.5780216111974171,0.7025464554027645,0.00046103140596561473
1,1,1,0,2,0.2124682147142568,0.0254970858866981,3.46201284063968,0.0431187749044192,9.51906852683525,17.033950512373885,0.3593717858223848,71.09056175818726,12527893747.361267,0.0006456651212536,0.322221752038908,0.4064239281152871,0.251226852589038,0.1935689643244666,5855582.534062771,0.0315574657308971,0.1882845860537263,0.0305980609915044,0.4064239281152871,0.3643167433996002,1.0,0.4064239281152871,0.0004604256448792227
4,2,1,0,0,0.4863375740910743,0.0603452752108046,0.922500024875524,0.018692848181082,6.909163356499265,1.9800836996246216,0.3442269689873752,60.2978471826688,12055807762.492395,0.0013799362633851,0.3091877913457083,0.4085233852955593,0.2614502417215132,0.1927730194407787,5051716.047874965,0.0341781144481188,0.2038613892222823,0.0328684048012161,0.4085233852955593,0.2956971468173021,1.0,0.4085233852955593,0.00045666855513025977
1,0,1,0,1,3.9942922363820825,0.0388313750072435,2.229381898188454,0.0121293390055698,6.589462941017784,3.3861623643507364,0.0342875877196295,98.76061141114744,16255821071.451344,0.0,0.1849916938038931,0.3100264554688304,0.2917952580807436,0.1987917988817322,1084708.697328117,0.0425722363192038,0.2511358283465282,0.0405869913239584,0.409870812436085,0.2585755212083817,1.322051086950845,0.3100264554688304,0.00045427343092038417
5,1,0,0,1,0.3407195550822172,0.0388977987548755,7.03198744942733,0.0725883551415329,7.9305432374824605,1.7325255797907553,0.7804634986235084,80.59732139196443,19230905267.80451,0.0008045754030151,0.3118879475507822,0.411187261922591,0.2617276983286022,0.2168474675905289,6781690.209128589,0.0342506940361939,0.1959847071316327,0.0331934464872816,0.411187261922591,0.4216452174868218,1.0,0.411187261922591,0.00045194550365324745
1,0,1,0,1,4.579276017619001,0.0608735133690208,6.898601414700595,0.0157150126511969,3.835465869907512,7.3595467623213855,0.3968516029820835,103.50442390801588,16934476669.20226,0.0,0.2689334454847369,0.4118067347468558,0.2944991638179444,0.196601417937979,684101.5374024359,0.0433648787447342,0.2622595694317839,0.0413855134058698,0.4118067347468558,0.2744117863945364,1.0,0.4118067347468558,0.00045085419779821204
1,0,1,0,1,4.576849145568466,0.0613643958617187,6.763562861880225,0.0157927719304222,3.533556903270416,7.411022704406304,0.3837800947310252,103.4276161987798,16856937129.6172,0.0,0.2683237588050892,0.4119620951726995,0.2950806582020159,0.1974245264214047,678736.7561965802,0.0435362974224674,0.2641597598652295,0.0415559434711569,0.4119620951726995,0.2763574877058921,1.0,0.4119620951726995,0.00045058091777068515
3,2,0,0,0,0.6784154435999958,0.0798977053424174,5.740014142006231,0.0121552794710733,3.652766095842949,1.6715283781213084,0.7441118136817663,81.95366885778543,13843659305.746414,0.0,0.3342795502998015,0.4120020603756419,0.2487445322828229,0.203498523669058,8754559.758610716,0.0309369211703001,0.1496385802942186,0.0303561032375651,0.4120020603756419,0.3307757127310732,1.0,0.4120020603756419,0.00045051064550173214
4,1,1,0,0,0.9126690464836372,0.0107293906122325,0.8189937115802695,0.0134753129029504,9.095825171998044,4.636428091748833,0.3636957437564681,78.39968000508148,10894353809.30073,0.0013728410093017,0.42945893330076,1.2352473618883122,0.6317893846262057,0.530348407086929,22576991.27848737,0.1995789132631798,0.2957283751621586,0.1798594466668741,0.4123135717992871,0.621028340265501,0.3337902872903018,1.2352473618883122,0.0004499632791500933
4,1,0,0,0,1.322193708641164,0.0204163225056129,2.2338395444145114,0.0785276619507979,3.1940186615123016,11.76420351133981,0.1071685490182183,101.03209210521024,19426353433.856945,0.0010155999370406,0.3147014553507266,0.4127182107464432,0.2603307709532864,0.1630699253091799,995140.3096056562,0.0338860551525662,0.20187766826435,0.0322770290085195,0.4127182107464432,0.602257831302139,1.0,0.4127182107464432,0.0004492532684184554
0,0,0,0,1,1.2612681524217495,0.0738236369402471,4.760760451727796,0.0589296741829669,1.835067931571651,15.825099036148394,0.3223418865903097,69.55826664387838,15405512545.926304,0.0008952495622096,0.2383359446517012,0.4128355962763381,0.3225518755823187,0.2555794743113018,4150439.362268031,0.0520198562208358,0.3272338899991369,0.0495848386020609,0.4128355962763381,0.5187493025299962,1.0,0.4128355962763381,0.00044904750443380657
2,2,1,0,2,1.1102380045397682,0.0637417453687419,1.8569920146960952,0.0055635146695676,7.594094537486676,12.953330465916022,0.2154719093414577,106.5224755196158,13818653067.812927,0.0,0.3299389954124366,0.4129226115861864,0.250388135970137,0.2065325144836836,6664155.864367057,0.0313471093172999,0.1842225802609297,0.0305643107003354,0.4129226115861864,0.2863392474521879,1.0,0.4129226115861864,0.00044889503694575715
5,2,0,0,2,2.937288165250917,0.0485107636820306,5.077538759051468,0.0612811906249047,0.5816146570665192,1.792750543676498,0.1686842494155015,68.40799776526427,15660817718.02387,0.0014436534173309,0.232995907389985,0.3869699625069022,0.3143318829405276,0.2592025988438757,7840101.014614799,0.0494022663164687,0.1843910246032727,0.0472434545108403,0.4130718829886327,0.6570554598765977,1.067452058326788,0.3869699625069022,0.00044863360542527256
3,1,0,0,2,0.5239766058953699,0.0883621154074138,3.738880665981678,0.0427021562958523,7.069197426680496,8.058704817904616,0.1643525742379918,62.78085645227252,19149334594.25559,0.0010687400335591,0.3463587290493716,0.4141325519795986,0.2415613414976841,0.2044550151517251,7468427.56659513,0.0291759408530803,0.1569328657317766,0.0287051988520433,0.4141325519795986,0.3926737631445828,1.0,0.4141325519795986,0.0004467803463302103
5,0,0,0,1,0.188765816534407,0.0580386161757544,6.410685787716107,0.0730199665352367,7.16579085290611,5.447180453281818,0.2777991304543692,122.11285702515472,18615103962.30722,0.0008013069574639,0.2723515647270905,0.4147307839486433,0.3011579406840772,0.2687272004346346,7630055.999644339,0.045348052618537,0.1316907385748151,0.0442222929575942,0.4147307839486433,0.5777292999935325,1.0,0.4147307839486433,0.0004457384612285237
1,0,1,0,1,4.568199378321578,0.0618930412498559,6.834752600615317,0.01408147577406,3.742596209752281,7.565257954574837,0.4084942495675108,103.41552223792692,17003488028.08057,0.0,0.2716647823528244,0.4149192129452286,0.294406076958399,0.1965143488464073,688451.6866470929,0.0433374690750173,0.2619955598659814,0.0413567086259717,0.4149192129452286,0.2740353222558219,1.0,0.4149192129452286,0.0004454107953669593
1,1,1,0,2,0.3158945008201722,0.0272296147335738,3.1397485834076666,0.0465258914588094,9.678942240629064,17.87022715966515,0.2248199159263604,75.19293490957202,13577565499.059086,0.0012187129669958,0.3236081181471835,0.4149377659412597,0.2561437338963454,0.2068256028129798,7492912.315135553,0.0328048062071809,0.1868042929297968,0.0320043279276095,0.4149377659412597,0.4243379888150864,1.0,0.4149377659412597,0.0004453785459331464
3,0,0,0,0,2.9900811590999385,0.0584717664027269,4.619354901115002,0.061079089247692,3.2182014326299853,3.4104623244062022,0.5900173937437992,66.716821445644,12032820450.796436,0.0013911708232384,0.2141035059111332,0.2430524857441545,0.2065255904593109,0.1390321956526822,3138870.9214258566,0.0213264097572835,0.1226221983718895,0.0204548428500611,0.4150261312328636,0.4771635447344469,1.7075576493783915,0.2430524857441545,0.0004452249784908282
3,0,0,0,1,3.156760507377581,0.0883679469400687,3.1841581756233746,0.0538289638797227,0.4175902133565797,3.123236804069156,0.6279794693789363,78.77659182652206,15827071118.00214,0.0010360217686681,0.3063503725892159,0.416221706581653,0.2696825722712293,0.2140993276590922,3798727.343245803,0.0363643448934134,0.1941448852864593,0.0350755342798247,0.416221706581653,0.5254280171205339,1.0,0.416221706581653,0.0004431524204757379
2,1,0,0,0,2.3684855129034563,0.0544335701696397,8.218837739439627,0.0651185066266918,4.4005350575804645,4.683289063415254,0.5969811804540147,71.17891944349302,14447458571.552149,0.0013127599672872,0.3213352939085092,0.4162339944064424,0.2579525580883807,0.2039964975727581,5702517.210521743,0.0332697611121697,0.1996641659679335,0.0322692012692544,0.4162339944064424,0.45477422903475,1.0,0.4162339944064424,0.0004431311694083119
4,1,1,0,0,0.8519625973723757,0.0272061127082087,7.769879649939796,0.0061959537865939,9.729246616238,10.49347813727734,0.6744149946628919,64.36496717370201,11251855770.908358,0.0,0.3398700477038311,0.4168488155671058,0.2467099031388092,0.2058143741158684,7609389.369821863,0.0304328881533803,0.1739465133147264,0.0298220011398314,0.4168488155671058,0.4517185376297054,1.0,0.4168488155671058,0.0004420691726229322
1,0,1,0,1,2.0443212767375254,0.0644383635448955,6.663740216653065,0.0151633747633555,6.619149117963343,15.040244415699322,0.565114015019482,69.80131825997864,9077776639.940445,0.0,0.2737056870919861,0.4170163375967282,0.294327660604314,0.1966468889149442,557389.6540401044,0.0433143858984041,0.2588850967732187,0.0412988763039119,0.4170163375967282,0.2742880925386113,1.0,0.4170163375967282,0.0004417802488858341
2,0,0,0,0,3.5929112999690034,0.0457537815145728,2.225141997568316,0.0534990621167422,4.367258083350649,15.910691837554982,0.3783904723356343,75.05348678149485,9060314797.782696,0.0005620556012891,0.2882121687389933,0.4181369518199888,0.283071998757928,0.1947098165638904,2466420.998854586,0.0400648782404042,0.2449168653137131,0.0375957435951101,0.4181369518199888,0.3600020496282636,1.0,0.4181369518199888,0.000439852386069074
3,2,0,0,1,3.698940382183565,0.0887455049886664,1.2126703524469655,0.0713667354891831,0.5614425227776162,2.3345234267909376,0.3208040526733601,73.67714617999393,19526706252.046654,0.0013124195476393,0.2929804825983797,0.3556779424121399,0.2385085951939608,0.1973740030352898,7642511.4482639,0.0284431749906983,0.1493196284474114,0.0279052570033166,0.4182832259282974,0.4426601685882715,1.1760167726218285,0.3556779424121399,0.00043960136308778534
5,0,0,0,0,0.6380471382083387,0.0840461541406753,5.545714138395851,0.0048429546896361,8.12830764829998,5.639336179530057,0.5174784579686327,62.33325256931117,19433412836.740845,0.0,0.3240800880490724,0.4189262885460952,0.2580120584220699,0.2086813444793194,6177861.190279448,0.0332851111455968,0.1956653477059966,0.0324406935859336,0.4189262885460952,0.4060251203406302,1.0,0.4189262885460952,0.0004384994928119596
4,0,0,0,0,4.077428138695148,0.010113615053795,2.440451066967441,0.0471475341264029,5.608359901639416,2.9113531074956795,0.0666571752785823,95.30450061196844,13192873379.022486,0.0,0.2740926885546382,0.4189932679822769,0.2948910087512575,0.1787537547796996,82924.24235058519,0.0434803535211671,0.2694062056498795,0.0405518167397348,0.4189932679822769,1.645755768049162,1.0,0.4189932679822769,0.0004383848843066681
4,0,1,0,0,1.688357816172351,0.0831541415214958,3.375916231441454,0.0560335489985783,7.643689477019596,2.712802616454251,0.5250708702876004,121.3168173314032,13832952329.839125,0.0010121599641464,0.2969144504215162,0.419024827151805,0.2769598838129703,0.1876266195654841,3268570.7737835203,0.038353388620847,0.2349423770062759,0.0358538432873961,0.419024827151805,0.4194743839835809,1.0,0.419024827151805,0.00043833089379797873
4,1,0,0,0,0.9821567878259104,0.0326208776101653,3.9345846701370353,0.0883720089972351,3.957673784036349,9.145776390450624,0.4405968453214531,125.73305293016382,16984633249.557049,0.0007307837290351,0.316462025018699,0.4194651891950054,0.263571515581983,0.1749000611502883,366405.9247091716,0.0347349719130917,0.2041429166744955,0.0334174206162637,0.4194651891950054,0.3590706630174974,1.0,0.4194651891950054,0.00043757822857188184
1,1,1,0,2,2.3653022904107432,0.0508641975052807,8.23175302574368,0.0697994482944745,5.68711225889039,1.899974601124335,0.641624190330879,78.77919398471693,10990841494.897272,0.0005596526410606,0.292534958365068,0.4198079180497696,0.2814701416944691,0.1880413061760201,975536.6203141556,0.0396127203327522,0.2302552094437054,0.0378318049019598,0.4198079180497696,0.3604035844861938,1.0,0.4198079180497696,0.00043699333211996163
0,0,1,0,1,2.652073432519177,0.081758873098776,7.634900980311481,0.0153111323769915,5.503543662146216,11.730528235774855,0.6105497663203067,112.51423404531828,9532616282.077402,0.0,0.5667817862575977,1.6372884987044505,0.6461597123675202,0.5591672147950036,21692754.406602144,0.2087611869434382,0.5172855781285599,0.1892001581889625,0.4215153755248068,0.4203449707473758,0.2574472219516246,1.6372884987044505,0.00043409103720432654
3,0,0,0,1,3.790113239389445,0.0883002513316447,3.1692110953409456,0.0737797978165437,1.6443965650997978,10.258582581537572,0.6130617523335421,98.85470994639704,16600649887.909117,0.001197242309867,0.2873494063892257,0.4222162796702207,0.2937714934701274,0.2610921616762732,7950717.354872482,0.0431508451878345,0.1254544086663633,0.042146829061844,0.4222162796702207,0.5078757430394182,1.0,0.4222162796702207,0.00043290524490979397
5,0,1,0,1,0.1421160179190383,0.0185421137459717,7.2963592733410945,0.0699031279043473,5.447163481304793,5.397512049230667,0.3299332876912502,78.70854586037625,15604558455.925936,0.0010920842581025,0.2759430064096855,0.4223022862901673,0.295503818434768,0.1775290784245254,230652.72151710864,0.0436612533547641,0.2734040718586804,0.0404508330528326,0.4223022862901673,1.1289559049535438,1.0,0.4223022862901673,0.0004327599618861998
4,1,0,0,2,0.3890966419735943,0.03306673418877,4.149764175728308,0.0671355340589758,7.695449579445256,7.73701778679488,0.4847446978742504,108.2698051466935,9200707917.299776,0.0009665262311149,0.3321028057842914,0.4227822341841005,0.2572023035110589,0.2129075119653854,6755111.995495604,0.0330765124656974,0.1545302020124483,0.0323831368034145,0.4227822341841005,0.3888910836663561,1.0,0.4227822341841005,0.0004319501250644783
3,2,1,0,2,4.133622155629556,0.0114862282933003,0.2186352269504702,0.0608852669741278,3.790223773557772,6.222140180974564,0.394084829701282,117.8102366903868,14456049879.806704,0.0008941223574845,0.3459131065259184,0.4817183143088692,0.2808008680986801,0.2114944135055576,5867614.834883351,0.0394245637624861,0.2425294668128952,0.03787589200538,0.4236385522348788,0.2952035863998404,0.8794321072112058,0.4817183143088692,0.00043050898484221463
1,0,1,0,1,2.538615658474371,0.0441727377791976,0.5877859209128677,0.017922194090847,9.760773293176454,1.378454700716299,0.3418375086286289,117.76500967757724,12866284249.480885,0.0008016735638904,0.2346426476076994,0.3578064538376878,0.2846914239638763,0.1919323623062341,1486100.7680395525,0.0405246034392898,0.2311761832691242,0.0386053469368033,0.4239403313493929,0.2763376011471922,1.184831427165105,0.3578064538376878,0.0004300022524034828
1,1,0,0,2,0.2047886733493501,0.0854363440017904,9.242625525457314,0.0671785537181146,9.703867798469515,1.030773972820707,0.79576149778874,126.53340144245342,19285728551.29607,0.0005615726583077,0.1687253782221233,0.2376660876241204,0.2395078191610164,0.1635557727261369,2219639.14569038,0.028681997719633,0.1530594865231439,0.0276330095219683,0.4241559475552692,0.3746256418670377,1.7846717291281833,0.2376660876241204,0.0004296405657824657
4,1,0,0,0,4.322331120948894,0.0326208776101653,3.9345846701370353,0.0883720089972351,3.957673784036349,9.145776390450624,0.4405968453214531,125.73305293016382,17025467841.270103,0.0011678207349296,0.3433334350778619,0.4257565981800998,0.2499462441664868,0.1589432964826898,372492.915501528,0.0312365624864665,0.1781088944937683,0.0299882252346602,0.4257565981800998,0.3953262702699614,1.0,0.4257565981800998,0.00042696504037451923
1,1,0,0,1,0.4450533987261981,0.0149935867525787,1.6742580923389307,0.001684933871446,1.820290485225264,2.765611848192826,0.2871956510204923,61.77506755602074,10443804615.34604,0.0,0.3738415745539192,0.4259580583824566,0.2316032157672172,0.1427632135550585,22066.53298149378,0.026820024776858,0.1568144744726752,0.0258071067000539,0.4259580583824566,0.272444135948324,1.0,0.4259580583824566,0.0004266294775110696
1,1,0,0,1,0.4450533987261981,0.0149935867525787,1.6742580923389307,0.001684933871446,1.820290485225264,2.765611848192826,0.2871956510204923,61.77506755602074,10443804615.34604,0.0,0.3738415745539192,0.4259580583824566,0.2316032157672172,0.1427632135550585,22066.53298149378,0.026820024776858,0.1568144744726752,0.0258071067000539,0.4259580583824566,0.272444135948324,1.0,0.4259580583824566,0.0004266294775110696
1,0,1,0,1,2.078828553243065,0.0997369466610366,6.3243013483755215,0.0761965333362411,3.1576741371483865,5.23382140362662,0.7935077637197823,118.95973330041345,18527567263.454502,0.0008522515698648,0.3012672018207552,0.4262106651538436,0.2791200015894598,0.1842081966245253,789210.6180625409,0.03895398764365,0.2255474319653242,0.0372313884917291,0.4262106651538436,0.4350338298792518,1.0,0.4262106651538436,0.0004262090948273453
3,2,1,0,1,1.322340195095825,0.0717260018655739,1.5109781429607312,0.020234865915258,5.001146531680276,15.389368687882287,0.7204276907878986,69.93046996546543,14096258554.538857,0.0012609702278378,0.3277910220555073,0.4283838022162168,0.2611979987617169,0.203165383100876,5214376.673492931,0.0341121972785629,0.2046591864904716,0.0329840776815823,0.4283838022162168,0.3746467703185033,1.0,0.4283838022162168,0.0004226096748648876
3,0,1,0,2,3.708850312076266,0.0720804275288437,3.9179953398352456,0.0638575320864182,8.768339250064919,14.888317186964816,0.4109436004096229,73.09870708685276,17299099584.314095,0.0010323920799231,0.2998562354292761,0.429690356132226,0.2817139462340101,0.2006766419466046,3378570.3667971827,0.0396813737513693,0.2443858958673652,0.0372356420436229,0.429690356132226,0.4305650725746022,1.0,0.429690356132226,0.00042046024627655383
5,1,1,0,0,1.6903022083266392,0.0315510994547964,7.080330501095263,0.0434317841417266,6.84741046705402,13.537939104943446,0.5393125219913107,91.3114946129436,18070477665.21206,0.0013403522497614,0.3293295214664943,0.4299044869640657,0.2610730282202004,0.2086328179190958,4839667.830885833,0.0340795630320327,0.2050455219671786,0.0330525807066137,0.4299044869640657,0.4343786415824142,1.0,0.4299044869640657,0.00042010902103711763
1,0,1,0,1,2.048868603321574,0.0993118054026843,6.354750893546502,0.0756116716851857,3.0834992903090352,5.326642720281319,0.7963514252630398,118.86069644218792,18428356369.606712,0.0008501921463457,0.231030504553508,0.3446303720532527,0.2774282021180282,0.1881045660557378,1099577.7110823337,0.0384832036652207,0.2196239897348187,0.0368754268088454,0.4299373865078795,0.4426145430431016,1.247531910627555,0.3446303720532527,0.0004200550840070334
4,0,1,0,2,2.619349871350164,0.0458856757107916,6.768703824639943,0.0417683905185625,6.207442935945938,15.146060972572052,0.1326581734135114,117.0838161902612,18628303836.55448,0.0013819582121149,0.3007625891495747,0.4307316795781011,0.2826033638415546,0.202292554415202,4606001.41975617,0.039932330627281,0.2289486935431701,0.0375292136772169,0.4307316795781011,0.5694456843125298,1.0,0.4307316795781011,0.0004187549830114902
4,2,1,0,0,0.724648650384891,0.0176837107941569,2.416834658560629,0.0907501236090791,5.42453272908779,6.883330630213834,0.1133848534870515,97.9305887475714,14613008051.542006,0.0013076192576938,0.4202184785425831,0.568610396040472,0.2803271032346261,0.1813443908875696,371408.7883868428,0.0392916424039583,0.2400406060085294,0.0374744629431843,0.4310843675389863,0.867567924784107,0.7581366266618575,0.568610396040472,0.00041817899320656165
4,1,0,0,2,0.103478340818433,0.021307077434332,4.446909604090124,0.0904275394843179,6.9521535660002,7.016932716022256,0.5810121512034578,83.64363987809064,11333209650.311537,0.0011727098472025,0.3424475109889148,0.4337228357977163,0.2564472318781924,0.1739225193063011,203939.8651909861,0.0328825913689936,0.1664713599132422,0.0318191978710599,0.4337228357977163,1.0018933590266332,1.0,0.4337228357977163,0.00041389505650436164
2,1,0,0,0,1.1905465894559388,0.0503560823927615,0.7391550776637053,0.094082423094203,8.340180601654724,2.257759835353308,0.4377792303245499,80.45366218653834,10863836666.149174,0.000873446350685,0.3286952989670365,0.4341431224061079,0.2642864346833005,0.2019649342964636,5002393.113696091,0.0349236597788052,0.2070512268584708,0.0335837347900578,0.4341431224061079,0.2854950488091018,1.0,0.4341431224061079,0.00041321672389962226
4,2,1,0,0,0.5013503652971248,0.0127990688704252,1.9551059677423663,0.0617053939875023,3.75901915241465,3.1861994072776394,0.0941940590208485,113.1136786308729,10925034441.679323,0.0,0.2786539894066088,0.4343826355829498,0.3016154236771097,0.1998429868306222,787438.8535280438,0.0454859318999612,0.2842761150950049,0.04327342123202,0.4343826355829498,1.501519874131061,1.0,0.4343826355829498,0.0004128306527339707
1,1,1,0,2,3.2408298927322736,0.0287477892630751,0.5079030130599186,0.0743126529460203,0.8592205791047673,17.623502120788835,0.6376294227453881,129.83906530929903,10464228148.75373,0.0009696506140262,0.3363395519649508,0.4349032572703135,0.2597074906089376,0.1711676696128636,782743.0570886534,0.0337239903391957,0.1984506655697256,0.0323782966006567,0.4349032572703135,0.3525568811006647,1.0,0.4349032572703135,0.0004119927066245679
1,1,1,0,2,3.2408298927322736,0.0287477892630751,0.5079030130599186,0.0743126529460203,0.8592205791047673,17.623502120788835,0.6376294227453881,129.83906530929903,10464228148.75373,0.0009696506140262,0.3363395519649508,0.4349032572703135,0.2597074906089376,0.1711676696128636,782743.0570886534,0.0337239903391957,0.1984506655697256,0.0323782966006567,0.4349032572703135,0.3525568811006647,1.0,0.4349032572703135,0.0004119927066245679
0,1,1,0,2,2.1924720129007755,0.0441938026859682,6.972099854548459,0.0659878387211817,6.363490108673062,12.601779988498812,0.4522150106013719,120.2786305076979,13580772548.735174,0.0007701804092225,0.251785554023842,0.4372438167481802,0.3275115982795008,0.2563391506348708,4725273.504072121,0.0536319235037965,0.3415211113027533,0.050892128356166,0.4372438167481802,0.42535054810297,1.0,0.4372438167481802,0.00040824651296689213
3,0,0,0,1,2.3993426388375068,0.0773605179328612,3.704980947162421,0.0896741025410395,0.6777840760575827,3.465855524853616,0.3995639756531364,72.25621028070202,12616888956.765156,0.0006386074144977,0.3379448283663647,0.4373100916198798,0.2603803582878236,0.1964779699646414,3448511.194104256,0.0338989654910476,0.1944433491574669,0.0326033696414292,0.4373100916198798,0.4643799788358878,1.0,0.4373100916198798,0.00040814093379716723
1,0,1,0,1,1.0242120422603196,0.0657052200895809,6.966568545223886,0.0353926398360214,4.048526543373415,5.2645328591369625,0.8061808461846528,126.15543788583518,17434524932.89926,0.0006422582486865,0.2318847134119105,0.3406957177767161,0.273587500375429,0.1847651356504914,975536.5575984817,0.0374250601808376,0.2124446633676434,0.0359083774317145,0.4383032341671387,0.4175262645832849,1.286494696873156,0.3406957177767161,0.00040656207462203594
3,0,0,0,1,4.262624903948367,0.0866823715130956,3.094615169798621,0.075641140020029,2.664172032965202,9.253725946180644,0.6524506984255848,88.83504199867431,15004327957.729967,0.0009399339538183,0.2959650825214493,0.4385230579820557,0.2934950389105086,0.2385683194115154,5960045.4910184005,0.0430696689325404,0.2089451471708365,0.0411987702015536,0.4385230579820557,0.4447213816706961,1.0,0.4385230579820557,0.0004062134337065733
1,2,1,0,1,4.569765841927165,0.0615414200805987,6.823779355667684,0.0146110589594502,3.7245508970125,7.370235090272239,0.3830635044908079,101.8616813952334,16879629203.399824,0.0,0.3163941558227153,0.4409409725415643,0.2777265289328077,0.1828434533160849,663585.6030584506,0.0385660124365328,0.2184434176742128,0.0368723519946052,0.4409409725415643,0.2757297212356467,1.0,0.4409409725415643,0.0004023982909521152
3,1,1,0,2,1.9218882338773529,0.0341863859617362,2.1587952653381945,0.0940533734520181,4.102743400270357,6.769369703546891,0.1974215235725845,90.37199884726029,17782581915.013676,0.0012375268658131,0.3425267303014283,0.4417364738403055,0.2600573182101319,0.1677043174887157,421310.4662508875,0.0338149043773229,0.1937550435838069,0.0324189596314676,0.4417364738403055,0.3564728323911563,1.0,0.4417364738403055,0.00040115094744993857
4,0,0,0,1,4.621170724325744,0.0266978215183434,5.903645537525991,0.0436137796523398,8.66425574538809,13.167045198377036,0.1694982111368593,74.26135953157062,9085612672.057838,0.0010385428772009,0.3134313350910278,0.441780230548859,0.2794810117399308,0.1666190844248817,2132352.780586806,0.0390548179615876,0.239185544532942,0.0358958722634449,0.441780230548859,0.5515836598021557,1.0,0.441780230548859,0.00040108244936750526
3,0,0,0,1,2.2210009313886703,0.0356593101865998,7.830968011934887,0.0326990232969883,6.399901757976031,7.078647476481444,0.4146282848587118,75.58343619737663,10827599641.006844,0.0010275601541066,0.3046401056477429,0.4425514850421277,0.2864792240475042,0.1970032371884627,4146880.522868578,0.04103517290543,0.2526359184725721,0.0381400031756017,0.4425514850421277,0.5551581992015097,1.0,0.4425514850421277,0.0003998770222650929
3,0,0,0,1,2.1774889277611424,0.0356774451645802,8.013388452042896,0.0324844451051056,6.344062129311685,7.047408374243258,0.3969432531802785,75.09921639986005,10970001261.368073,0.0010288735952806,0.3053696511826776,0.4439024608912081,0.2868425895695966,0.1981866566088814,4262219.914075122,0.041139335595496,0.2524468936605633,0.0382499391925369,0.4439024608912081,0.5545511402024259,1.0,0.4439024608912081,0.0003977742479120542
4,2,1,0,0,0.5045710171303653,0.0115240655286513,6.5762825872788895,0.0540771031941644,7.097388426510974,8.783651304260392,0.3600302478512514,116.31356297928562,14552910740.37898,0.0,0.3252335703092808,0.4452760970009123,0.2734922870765901,0.1754297292005359,137270.2282982211,0.0373990155451919,0.223663449445692,0.0358665208579861,0.4452760970009123,1.401356962390338,1.0,0.4452760970009123,0.0003956475401692452
2,0,1,0,2,0.2618271853936663,0.0155821446985311,9.17313578776813,0.0656595960129065,5.403770348577072,15.570437437933604,0.7732973565948139,112.22629331864113,14772504003.344711,0.0012868433387424,0.2644442080011529,0.4455511781262298,0.3212783255838146,0.2433261164405145,4063005.191674654,0.0516098812449697,0.3349631634955952,0.0486419409817187,0.4455511781262298,0.6520988070797966,1.0,0.4455511781262298,0.00039522301915754506
1,2,0,0,1,0.54828718492799,0.028756876860821,5.146563413249432,0.0098993340115677,3.6105012917839066,5.35231393095126,0.1494947339770993,69.9645449388863,9078763527.674215,0.0,0.253027667383829,0.3040704529071665,0.2279937237280002,0.1533476657981975,1377913.8898270093,0.0259905690296798,0.1516978424231048,0.0250446180548699,0.4459267282338043,0.2811315764893569,1.4665243662130725,0.3040704529071665,0.00039464418396830325
2,1,1,0,0,3.895095906927597,0.0181632820382758,3.3565721349675206,0.0817168581354868,8.70746757685896,5.957729373819787,0.4823613216094376,105.4972226183868,11925028887.596771,0.0,0.2873259210765588,0.4464112200483562,0.3026566569843694,0.2030768311506866,670623.9312924317,0.0458005260084771,0.2844439859955586,0.0435778668413585,0.4464112200483562,1.0690432781009385,1.0,0.4464112200483562,0.00039389868910290863
0,1,1,0,1,3.112119259535355,0.0556707137253449,4.417629733750811,0.0532122035767988,1.829730479283539,1.370054870008267,0.3171023430646909,92.77126744500382,16701815837.04702,0.0011467091149245,0.3830842201950706,0.859682001453938,0.4781244111102513,0.3981925206415218,16785511.148954388,0.1143014762497623,0.2723474073674703,0.1074305606146213,0.4464446324673327,0.5848702979048247,0.5193136900764268,0.859682001453938,0.0003938473288485943
0,1,0,0,0,0.6955918377932805,0.0091944137064555,8.077026104968862,0.0154249697522701,5.343990670638022,15.41228441221982,0.1407307943475807,80.4906813468443,15709389857.114304,0.0,0.262180819556475,0.4465535152778633,0.3319270220421891,0.2750875526491463,9196930.395376852,0.0550877739808979,0.2047589443255804,0.0528812177094374,0.4465535152778633,0.338378587172655,1.0,0.4465535152778633,0.0003936800049467494
0,1,0,0,0,0.6955918377932805,0.0091944137064555,8.077026104968862,0.0154249697522701,5.343990670638022,15.41228441221982,0.1407307943475807,80.4906813468443,15709389857.114304,0.0,0.262180819556475,0.4465535152778633,0.3319270220421891,0.2750875526491463,9196930.395376852,0.0550877739808979,0.2047589443255804,0.0528812177094374,0.4465535152778633,0.338378587172655,1.0,0.4465535152778633,0.0003936800049467494
4,2,1,0,0,1.0754300313675518,0.0395572056443888,1.7058343747669449,0.0669225230045479,2.8858253049671205,7.5187945764361155,0.1396527400547277,121.59892522300989,9254924472.834175,0.0013188558934088,0.3523625373575066,0.4471194509930063,0.258128061749622,0.2170865795022212,6659547.8380546495,0.0333150481313083,0.1681931037876447,0.0326428092091471,0.4471194509930063,0.3599215659389216,1.0,0.4471194509930063,0.00039281145665808344
3,2,0,0,1,4.87315767016481,0.0919113004541963,2.2920201010909147,0.0936194616199757,0.1514601085949877,2.358507630547152,0.4805859134357574,80.44759757390587,13883152815.35406,0.0014191491022912,0.3107967778752593,0.4502474590943841,0.2891152081837428,0.2525684602321685,8727655.737658974,0.0417938018015644,0.212623600946443,0.0406775370427498,0.4502474590943841,0.5026195343826552,1.0,0.4502474590943841,0.00038804531563801654
2,1,0,0,0,3.638079711258416,0.0819562538427459,6.048648177755246,0.0937556616141619,0.9104825347251,6.316185085612752,0.4955905568508707,117.16236500613692,15525926802.756905,0.0012339300050554,0.2846114157093624,0.4510981410234245,0.3077707770962788,0.2403106712925707,2526152.0292212004,0.0473614256172236,0.3002602963407991,0.0455809511145434,0.4510981410234245,0.599146432157696,1.0,0.4510981410234245,0.00038675916462932864
0,1,1,0,0,2.714824660727813,0.0895417337620529,4.409447367855267,0.0313793774365024,6.045395634952148,7.37240237096045,0.3041731519581895,110.32500031214931,12041865547.026571,0.001130770939396,0.3020480633440011,0.4513815935388727,0.2941570996105772,0.2226497788156849,2138008.9401080967,0.0432641996256535,0.2675448117554728,0.0415770601499751,0.4513815935388727,0.579908899033786,1.0,0.4513815935388727,0.00038633155865524604
2,0,0,0,0,2.145905104353708,0.0844520109001511,4.77455517369576,0.06963014426275,6.454005132368419,9.712770441366189,0.451536182995542,64.9856481229794,9137217199.655712,0.0006569341359308,0.3057800631685486,0.451707207795593,0.2913678655109044,0.2113421080145258,4468543.52471358,0.0424476165261902,0.264430399678676,0.0397824144228339,0.451707207795593,0.4063921446908162,1.0,0.451707207795593,0.00038584093248487884
4,1,0,0,0,3.192270561794378,0.0281919421761203,1.664220521463121,0.0843974604654605,3.983605365408316,2.466764788038456,0.5251632798417313,112.32887132066986,12777405649.410711,0.0014627638092808,0.3672580352088759,0.4524230512911881,0.2506331074695343,0.1615151108262771,94184.04650873556,0.0314084772799175,0.181825568954013,0.0301956950218061,0.4524230512911881,1.042167538106192,1.0,0.4524230512911881,0.00038476450964684475
4,1,0,0,0,1.8787021503637944,0.0344420176190758,6.371577380068128,0.0292285132641527,6.62334175257898,8.893644400078536,0.4510090271182017,124.09113740710217,14285808960.10199,0.0008988246447452,0.2347686186660147,0.3344945171996289,0.2655289424733777,0.2062143485567803,2349168.4078947213,0.0352528096455151,0.2118926553644878,0.0341241259245345,0.4529813434175581,0.5400858840820758,1.3542265123204251,0.3344945171996289,0.0003839270835444555
2,2,1,0,2,1.3225940588654528,0.0527732345669731,4.647393792638097,0.0772466872401727,0.8252909572193431,11.82759716603333,0.1436776293481023,81.92269770355932,18454276067.97642,0.0010667848666763,0.3409358364449114,0.4532220875976219,0.2689381422411128,0.2287188530840408,7653823.275958053,0.0361638621760505,0.1902720534410397,0.0353389969320717,0.4532220875976219,0.4407058923143519,1.0,0.4532220875976219,0.00038356653514727546
4,1,1,0,0,3.716650801614343,0.0348752915847116,8.37017229141223,0.0953479670507298,5.56620404202744,5.939410291720335,0.0289826146005563,89.59174693442019,12875697867.835403,0.0009172235756458,0.3043749172725083,0.4021392048491103,0.2605897572249259,0.2072519268939754,5663201.732175763,0.0339535107852729,0.2040016449511491,0.0327147434077661,0.4544196962436734,0.4462074956821441,1.1300059550626995,0.4021392048491103,0.0003817779725969318
1,1,1,0,2,1.6326555424234834,0.0131240843457665,1.5570416405762038,0.0897783936979321,7.704819213842979,11.648435443043574,0.0869778811220276,98.22157986619312,10582078829.628237,0.0006350700464327,0.3238697902893949,0.4551218462604998,0.2802939871164725,0.206945373657371,5028492.1946275,0.0392823596068246,0.2405016773188927,0.0376342218315149,0.4551218462604998,0.3162444202731498,1.0,0.4551218462604998,0.0003807332309704791
4,0,0,0,0,0.436766113479726,0.0222716015682555,1.3307217580045585,0.0629109592730305,8.460070600978478,6.812840244092679,0.3584782921254662,95.32169254665232,18828980481.612625,0.001163189402486,0.4163613055697256,0.6800112610433874,0.3411140706678344,0.2857341464101202,10212464.002487035,0.0581794046037901,0.3111658946990292,0.0561355740230495,0.4553309645281556,0.3624706903985235,0.6695932708960002,0.6800112610433874,0.00038042263302618827
4,2,1,0,0,1.1671995903973316,0.0292899527474028,3.837301402882372,0.0558702651641773,7.363041191560079,3.379328462414962,0.0631325398335713,104.06982566584956,11689360595.85791,0.0012436556553705,0.2995587055693775,0.4553373042499887,0.3005665065449879,0.2665936142752922,7761141.305098908,0.0451701124283291,0.2436431158344184,0.0440161716719439,0.4553373042499887,0.5130861445371862,1.0,0.4553373042499887,0.0003804132207599338
4,0,0,0,1,4.73341342626579,0.006077550158342,8.193761539841947,0.0081857569577355,8.995188934004796,19.972827301017237,0.2045010606021715,65.86339810592604,10652087258.689123,0.0,0.2926887791291438,0.4562012869068903,0.3047306718796023,0.2387933598431532,11430190.210455231,0.0464303911920969,0.2891469887482917,0.0448469012280222,0.4562012869068903,0.5826774633297217,1.0,0.4562012869068903,0.00037913268511653606
2,2,1,0,1,3.808563609957478,0.0824761275011009,7.647194122996124,0.0960412928982125,9.118683284719612,12.823625686383288,0.5119193260546578,77.86987917260254,11831496953.1785,0.0009567212987307,0.3241041344218056,0.4565279584997493,0.2809522757964735,0.2102542410431427,3883362.0184173095,0.0394670906376088,0.2425026187164264,0.0377962516082152,0.4565279584997493,0.4317430093053119,1.0,0.4565279584997493,0.0003786496387574642
1,1,1,0,2,1.640826301074357,0.0132740215762153,1.592562989306177,0.0889347211666893,7.796986564157308,11.816231835161808,0.0817511417558943,98.15139728564098,10624070370.06962,0.0006369447880426,0.3250073322879355,0.4572626437785409,0.2807885179301376,0.2080161297277636,5070265.319901464,0.0394210959007016,0.2416344730850079,0.0377705419968289,0.4572626437785409,0.317207215173606,1.0,0.4572626437785409,0.0003775655135404332
1,1,1,0,2,1.6267919330108571,0.0135702877041835,1.5940072207030354,0.0890462681918283,7.786709783646607,11.801369266761444,0.083538859850589,98.19375813049297,10598111491.263405,0.0006346083782937,0.3251059963825356,0.4573909762679207,0.2807967975897184,0.2080300661653275,5072725.971272421,0.0394234207683206,0.2416536110482465,0.0377730957141861,0.4573909762679207,0.317004940318654,1.0,0.4573909762679207,0.0003773764606972338
1,1,1,0,2,1.6340263059182816,0.0135622419638064,1.5916740321342473,0.0889179166524004,7.790249781855012,11.81566299424684,0.0832483962097554,98.23965396225768,10616897998.630384,0.000635976509374,0.3251364975043158,0.4574449551363903,0.2808078566449666,0.2080583681403471,5074071.479992973,0.03942652617677,0.2416808773188237,0.037776182007037,0.4574449551363903,0.3171221390534514,1.0,0.4574449551363903,0.00037729697008055343
1,1,0,0,1,0.4541579730868325,0.0150010848107415,1.623425900995224,0.0021506526454699,1.796855296016021,2.6642956743964428,0.2853111047161405,61.55106996810496,10458842232.644596,0.0,0.3849416516843615,0.4585519295053712,0.2433997989097043,0.1537609940363474,24415.68463747549,0.0296217310546422,0.1755483100458202,0.0284544890830287,0.4585519295053712,0.2700756588597716,1.0,0.4585519295053712,0.0003756704997899297
1,1,0,0,2,0.9477180108658192,0.0604344231710678,8.824066961601853,0.0952688875161853,9.816213938498334,4.289864950758242,0.7280948953744845,122.74678204196124,18205013283.28929,0.0008185270151845,0.3491496764543553,0.4587362263476842,0.2653255800029108,0.2058878001204425,5832377.566057449,0.0351988317019405,0.2118355096636917,0.0339571112775282,0.4587362263476842,0.4065770472522094,1.0,0.4587362263476842,0.0003754003952777027
3,1,1,0,2,0.3280801304823303,0.0685165559618494,2.092633220105959,0.0539756876804126,5.926617039807449,2.0412564607844623,0.0812155816140545,77.45233130494708,14563244529.211668,0.0013681487211989,0.3109162325756949,0.4597657632293282,0.2992448993461259,0.2647323454913951,9791976.121075204,0.0447737548923365,0.1515443986610034,0.0438224129571174,0.4597657632293282,0.3929912508951089,1.0,0.4597657632293282,0.00037389508001173553
1,1,1,0,2,2.4122531900418207,0.0069763543605149,0.7704289281935544,0.0756570643359181,8.9177078137713,16.655502858763064,0.7972623848223105,104.71449535756943,10708500588.114408,0.0006318070686151,0.3385268311030104,0.484416302457358,0.2874804617256407,0.2188664613366069,5523846.914862511,0.0413225079369937,0.2562058860130025,0.0396164622018143,0.4611937736223309,0.3151745427123807,0.9520608024188628,0.484416302457358,0.00037181713270266215
2,1,0,0,0,1.751759589484423,0.0365104143068154,8.258629570118698,0.0966468221376922,6.551473339270301,4.010026796298098,0.3239537873680328,103.8041271605638,14892260303.41928,0.0014541354590221,0.2680111108351948,0.4611963906006435,0.3315633187132839,0.2866017989374538,6648994.217090703,0.0549671171580833,0.3065114728353798,0.0528848003987421,0.4611963906006435,0.5865622630196348,1.0,0.4611963906006435,0.00037181333526782774
2,1,0,0,0,1.751759589484423,0.0365104143068154,8.258629570118698,0.0966468221376922,6.551473339270301,4.010026796298098,0.3239537873680328,103.8041271605638,14892260303.41928,0.0014541354590221,0.2680111108351948,0.4611963906006435,0.3315633187132839,0.2866017989374538,6648994.217090703,0.0549671171580833,0.3065114728353798,0.0528848003987421,0.4611963906006435,0.5865622630196348,1.0,0.4611963906006435,0.00037181333526782774
2,1,1,0,0,3.004220377064974,0.0499379558527664,1.3520073487662616,0.0976162711071181,7.265114688449239,6.20331013125656,0.5532068704908613,109.26324509897518,11817054191.42709,0.0009875077130311,0.3390838722586706,0.4616096213765603,0.2736212705671941,0.2041265829401188,5899367.715175888,0.0374342998534028,0.2284287285694495,0.0360170755129981,0.4616096213765603,0.3140027062854392,1.0,0.4616096213765603,0.0003712141922545358
2,2,1,0,2,1.109235066573271,0.0653140062428558,1.7136406835663591,0.0060271609352137,7.710913521543761,12.658374196184129,0.2304218553026707,107.0414288080652,13854503554.528774,0.0,0.3486062719703782,0.4617086188961312,0.2681142071494008,0.2228628642650436,8134193.09861518,0.0359426140376759,0.2035435173480609,0.0351266104567315,0.4617086188961312,0.2848318452900414,1.0,0.4617086188961312,0.0003710707992322705
4,2,1,0,0,0.8988608861879394,0.017113860698333,9.163592946739197,0.0469367061822477,3.6142536258091535,17.968776092531208,0.0642955315502982,61.89575644044206,18499806601.48894,0.0010583141117369,0.3723984942027158,0.4618345942715601,0.2525522813020605,0.1646566841949827,309727.323444544,0.0318913273954375,0.1905100753079661,0.0306790194856922,0.4618345942715601,1.007874490019253,1.0,0.4618345942715601,0.0003708884102023835
1,0,1,0,1,1.0248634670265897,0.0528438305714273,7.508323813363486,0.0153886541677635,3.713123014308803,12.160099448126717,0.7148957052051255,115.03647119693858,16424956578.83826,0.0,0.3059802331980958,0.4622977845699342,0.2979197498795451,0.1932885065937408,1614304.8562311404,0.0443780886841453,0.2786056028416578,0.0412635890254971,0.4622977845699342,0.4467028039824216,1.0,0.4622977845699342,0.0003702185668233059
1,0,1,0,1,3.1536298888013685,0.0623254535407475,6.833853293561058,0.0140707758056562,3.7508823480687545,7.744580970895317,0.4092557338749564,103.31720267351729,16995533267.687368,0.0,0.3132204161332211,0.4625163154402062,0.2925592459212133,0.1861290047881824,1335755.2105565977,0.0427954561869944,0.2669612612294731,0.0397046650183966,0.4625163154402062,0.4311637224749098,1.0,0.4625163154402062,0.0003699029582187839
1,1,1,0,2,3.211448075152945,0.0124873755682574,3.651221441598844,0.0532949082483805,3.8901773806775792,17.33155063302043,0.173088912050744,107.9919480839571,14667073052.742804,0.0,0.3192563582441113,0.4629009927015144,0.2888839241391409,0.1889103289264898,628379.9344662761,0.0417269608130144,0.2484905378221987,0.0396860236683507,0.4629009927015144,0.5239691807664396,1.0,0.4629009927015144,0.00036934804970230773
1,0,0,0,1,1.349604463876372,0.0269712842367545,7.255293192006561,0.0679526130669571,9.98167607872005,11.81977466338457,0.4604385670130952,107.62699310039643,11651802862.041763,0.0009796188487032,0.348399476406159,0.4646516879932645,0.2699218612944078,0.1768724265977202,269881.7881799872,0.0364289056023187,0.2077246700625505,0.0349805735773946,0.4646516879932645,0.5008563437058089,1.0,0.4646516879932645,0.00036683311561432546
4,2,0,0,2,0.4206753277965463,0.0194021819550062,3.2930839822284685,0.0422915495244933,9.919547854094544,12.629852721929394,0.5193671284970306,107.710826645038,11612052547.649294,0.0008947472216008,0.2269218282360224,0.2470789276230148,0.2013489353230333,0.1324977402425798,805293.3653048448,0.0202706968778595,0.10874419500919,0.0197597069242709,0.4668322777316814,0.9503982894706652,1.8894054714530704,0.2470789276230148,0.0003637245582866351
1,1,0,0,2,2.836554654062358,0.0695467159225972,6.955601964351034,0.0666007743067092,9.438757349484645,13.254978344231832,0.4397228482503695,127.7164462069421,18600008423.43032,0.0007912305264673,0.3429529432795257,0.4672670355476258,0.2745109822932683,0.2083961700876512,5151803.825326678,0.0376781396998075,0.2271367920140466,0.0360863873322562,0.4672670355476258,0.3853233867129168,1.0,0.4672670355476258,0.00036310794246504784
5,0,1,0,1,0.1877147439141284,0.019234689880653,7.294625015064059,0.0703608840495058,5.45094096734177,5.466113307422473,0.3408244627148662,79.77747248009666,15662296111.234585,0.0010919147251419,0.2988147528572392,0.4673685806067614,0.3067434720812113,0.1852191086754469,198306.78817283225,0.0470457788322184,0.2989699993891855,0.0435532081234956,0.4673685806067614,1.0707216538933797,1.0,0.4673685806067614,0.00036296407204223293
5,0,1,0,2,3.6303845833631305,0.0680490531449137,3.656716075701984,0.0840430075982921,7.759307552667697,5.25575076546846,0.8423848579182706,120.2846866096811,19334009230.471283,0.0011975964629533,0.3213259704285622,0.4679228799335359,0.2905640551488065,0.2076441404556913,4264508.575743924,0.0422137350722593,0.2498506743561523,0.0395913678854786,0.4679228799335359,0.4348055415094372,1.0,0.4679228799335359,0.00036217973747342105
2,0,0,0,0,1.4858152230355672,0.0779802944872988,6.830656747388915,0.0720716331512635,3.821652394335573,3.8851126619338094,0.5753097228138653,92.75089447514335,9010704205.737907,0.0005269049089316,0.3121906323737609,0.4689562306259057,0.2973391171321795,0.2116068402788554,3861610.720644175,0.0442052752884719,0.2774233845961166,0.0412381585711348,0.4689562306259057,0.418908194930141,1.0,0.4689562306259057,0.0003607220665671961
3,2,0,0,1,0.3877564610282593,0.0156145206444742,5.128776861137474,0.0350626371527693,9.848701628359777,1.809327644104079,0.0220441356875984,61.181740649530575,11944909581.501717,0.0013507583008293,0.3790898474500875,0.4693138063387653,0.2527222146818683,0.1726899876782135,189766.3807429957,0.0319342588968541,0.1906710234537818,0.0306931766642308,0.4693138063387653,0.5174619400728792,1.0,0.4693138063387653,0.00036021902861092933
1,1,1,0,2,2.826465936782282,0.0253488010269469,1.2194130866523225,0.0924759220849809,8.547333343675403,19.12185497500029,0.5259247076817322,121.04259222842524,11543826579.199194,0.0005826972349091,0.3502361085944447,0.4978127379233956,0.2871457060885826,0.2201956301375412,5950028.243612284,0.0412263282625553,0.2554125556317801,0.0395860171532677,0.4696694439076783,0.3152420708373366,0.9434661030709744,0.4978127379233956,0.0003597194130483907
3,1,0,0,2,0.5269539590428898,0.0881836517256898,3.7819170376047095,0.0427680080409604,7.1364425759852,7.973828929664612,0.1644913259624509,62.599349191164514,19161774962.70952,0.001065361808931,0.358558668168335,0.4716521845032755,0.2687182018301887,0.2272535911786808,7087176.657994265,0.036104735997425,0.1798953342470953,0.0353622952786524,0.4716521845032755,0.3930515789518637,1.0,0.4716521845032755,0.00035694664463015445
0,1,1,0,2,2.074264893458472,0.085769425868498,7.1194949560254726,0.0856594587456426,6.494144014208231,19.214300176375534,0.5151756406800296,127.46346325488268,18249704967.705276,0.0013790595572643,0.5267226965765519,1.468538860804682,0.611526642329097,0.5569503868056167,18160306.558373105,0.1869824171391496,0.6063598229641862,0.1729345160804522,0.4717348560625595,0.5010171294175794,0.3212273564242444,1.468538860804682,0.00035683149769023446
3,2,0,0,0,0.248386550610889,0.087222964040039,5.242222843004543,0.0092476380851253,3.734740029894907,7.759454682784646,0.7463592084159237,81.55023902409464,16736386300.75764,0.0,0.2089413484020725,0.3224315951771365,0.2785352656146411,0.1830454559523354,637759.7966927703,0.0387909470955093,0.2354984132989807,0.0368625235485021,0.4726750359397313,0.4045820810056493,1.4659699700956863,0.3224315951771365,0.00035552460284996745
3,0,0,0,1,3.4488780284588207,0.0977806509997561,5.745749031171303,0.0716599512101238,4.1338625616949765,4.956639418649512,0.7203759868078077,73.91021152835116,14894305522.600609,0.0007792244710963,0.3286106335787053,0.4757231265589089,0.2893847594873274,0.1784075512793146,2305041.848574931,0.0418717695117691,0.2595721609732435,0.0384165433300113,0.4757231265589089,0.5152294220870097,1.0,0.4757231265589089,0.0003513204354732276
1,1,1,0,2,4.122939574422583,0.0155307266424938,0.911319317145422,0.0930932554868452,6.537820857940961,5.673297227407974,0.1546273904237144,82.06479272636815,14295548703.805162,0.0008385488320417,0.3361033630922951,0.4769478903948602,0.2903972932189564,0.2264151161898462,11029923.311918326,0.0421652939544482,0.1532668826793671,0.0409983461248883,0.4769478903948602,0.5063134569515372,1.0,0.4769478903948602,0.0003496451791227538
4,0,1,0,0,3.8460517582087568,0.0373405490007595,3.695791708696242,0.0047773589343739,0.5314869805772158,6.811377087119746,0.3204650155362558,84.59933112192687,11760178487.250675,0.0,0.2109547777542525,0.2338729384588896,0.201547411726836,0.1572586818780922,2994569.4744244176,0.0203106795868933,0.1029904511778667,0.0198109599356532,0.4770014315851862,0.4006845194438819,2.039575141649121,0.2338729384588896,0.000349572126936046
3,0,0,0,1,4.957073237391026,0.0345024185139099,3.282514154623764,0.0050243892648948,0.1368211513461318,4.2037550279998985,0.7146161107643628,120.18108559980593,11828864122.341022,0.0,0.3420945850445546,0.4778819153422791,0.283493710422135,0.2239773515895929,8937146.376478428,0.0401843419244546,0.2030754357505918,0.0390000655015797,0.4778819153422791,0.3204502530453894,1.0,0.4778819153422791,0.000348372972234936
4,1,1,0,0,0.1104007666813619,0.0216273200379939,4.944249000151176,0.0129147370441776,5.560596513557657,3.457269477928869,0.6430876972856889,65.02777538807983,14120118342.840605,0.0,0.3609785414478906,0.4782069953587168,0.2695732038237931,0.2160797897401556,7290137.218955873,0.0363348561099121,0.2068104226372095,0.0353220863711652,0.4782069953587168,0.2958585852922334,1.0,0.4782069953587168,0.00034793127742970746
4,1,1,0,0,0.1104007666813619,0.0216273200379939,4.944249000151176,0.0129147370441776,5.560596513557657,3.457269477928869,0.6430876972856889,65.02777538807983,14120118342.840605,0.0,0.3609785414478906,0.4782069953587168,0.2695732038237931,0.2160797897401556,7290137.218955873,0.0363348561099121,0.2068104226372095,0.0353220863711652,0.4782069953587168,0.2958585852922334,1.0,0.4782069953587168,0.00034793127742970746
4,0,0,0,0,0.8820642860375983,0.0504936466832575,5.966590729909875,0.0747495540554412,6.537444756506786,5.691542469656312,0.2955139612595908,129.67675138606631,10626179649.056576,0.0008859628999878,0.3319830523571074,0.4796228178575226,0.2901328318648817,0.2046619534947329,4398230.117404474,0.0420885300629678,0.245078082739607,0.0393770033521525,0.4796228178575226,0.4516593363932076,1.0,0.4796228178575226,0.000346014083645104
0,0,1,0,1,0.5222390443260907,0.0582243601682553,9.481329059991266,0.0196794918569155,6.628743616036002,1.7390923437107677,0.847714100174946,125.08776618673582,14619307328.521336,0.0007444230771157,0.4130026767353091,0.8899656265856722,0.4640667470359899,0.3676914116825705,17422370.76186457,0.1076789728522827,0.2642673051911643,0.1007387191950602,0.4802038349120842,0.5479789463918172,0.5395757100803685,0.8899656265856722,0.00034523037725200825
3,2,0,0,1,3.5723840695012687,0.037997275541222,9.020472068581112,0.0153942079716736,4.045661489966365,10.080981754814296,0.0735572315164369,89.38133346727057,12471521049.283958,0.0,0.235614989074862,0.2919299550187118,0.2313617131673915,0.1687110061644078,2921283.20854164,0.0267641211598751,0.1536511011964672,0.0257849363375118,0.4809532131220862,0.3600013779766673,1.6474952462184247,0.2919299550187118,0.00034422219701533264
2,1,0,0,0,1.8413096259987587,0.0397543362811227,2.7056806236303985,0.0565670094578548,9.040653945753672,6.875802054090719,0.1441713961214117,86.31800575424899,10950908375.723518,0.0010078063981237,0.2173419073008648,0.2760834296970857,0.2329928914241439,0.1679633147212168,2900483.104803176,0.0271428437270914,0.1445726040190564,0.0261964962022425,0.482210943641604,0.3381437086096114,1.7466131312939646,0.2760834296970857,0.00034253671523387316
2,1,0,0,2,3.581934667703951,0.0250347093852797,6.610535179233632,0.0884089479524143,9.044223169621564,5.490749818829911,0.4260211860287737,89.80095373642939,13304799579.28697,0.0014636989944783,0.3700331386704585,0.4828669094604916,0.2661569656386988,0.1707410746031007,509819.3639892655,0.0354197651789997,0.2063985310667477,0.0338469718707711,0.4828669094604916,0.7817232728727401,1.0,0.4828669094604916,0.0003416609341081727
4,0,1,0,0,4.770271558307124,0.0811844390465897,3.026692000285768,0.0754535038042288,0.3052971784230756,5.50513404619781,0.6233343720699285,95.7640201756178,12223482522.78156,0.0010498352475329,0.3273238357697926,0.483060224260673,0.2973952093692881,0.2283226396807364,3006264.3608030784,0.0442219552779013,0.2248919749876838,0.0422646220708186,0.483060224260673,0.4613681715982644,1.0,0.483060224260673,0.0003414032666104557
2,2,0,0,2,2.731320712637611,0.0200194994787804,2.194408606374468,0.093429126863407,8.132953675697324,1.0769641787346258,0.4376405970455889,118.76286591952902,11530191221.123522,0.0,0.2936243176333559,0.4835704863922404,0.3214279065653205,0.2090045450595921,164656.45721123935,0.0516579495594822,0.3329815833102016,0.0487016623378216,0.4835704863922404,1.1984130555145076,1.0,0.4835704863922404,0.00034072407598223373
2,1,0,0,2,4.298706759398486,0.0775977777788841,4.345415545591454,0.0949110271074526,0.5766583083175701,12.124564211686184,0.3855758595595388,125.89303949794188,17379668606.22291,0.001273444826586,0.347962736146114,0.4839023258060471,0.2837793246099033,0.238092588216114,7141043.157293076,0.0402653525380264,0.188668251213241,0.0392797495085211,0.4839023258060471,0.4904327799230669,1.0,0.4839023258060471,0.000340283102344204
1,0,1,0,1,0.8253709404007941,0.0778856144295587,8.532332539577995,0.018924567714881,5.415673052851413,3.681624490625586,0.611458149125941,95.7509305920162,12992868152.290895,0.0007269324597782,0.3737346148632602,0.7205579045415584,0.4058827129144615,0.3507191545644486,14593318.643165443,0.0823703883214015,0.2489686195376602,0.0787487201173991,0.4850491901495524,0.5306524092512277,0.6731578226987267,0.7205579045415584,0.00033876345118447396
1,0,0,0,0,2.704944805069619,0.025555706812992,1.602902542717043,0.0559382328876311,2.435895223167284,4.954169599277519,0.4500977380978092,68.947444925932,16733216693.719532,0.0013059148585263,0.275361701217905,0.48634731529748,0.3409290882319669,0.2872639144879523,4763014.093119662,0.0581163216013401,0.3491097112194882,0.0556558087571986,0.48634731529748,0.6471891819634218,1.0,0.48634731529748,0.0003370515586471748
1,0,0,0,0,2.704944805069619,0.025555706812992,1.602902542717043,0.0559382328876311,2.435895223167284,4.954169599277519,0.4500977380978092,68.947444925932,16733216693.719532,0.0013059148585263,0.275361701217905,0.48634731529748,0.3409290882319669,0.2872639144879523,4763014.093119662,0.0581163216013401,0.3491097112194882,0.0556558087571986,0.48634731529748,0.6471891819634218,1.0,0.48634731529748,0.0003370515586471748
5,1,0,0,1,0.8265289486519951,0.0998723366501191,7.130497349175238,0.0965732489023356,5.728954919303679,6.287400831146211,0.5269633418091435,71.50755956058998,9296871936.117496,0.0010518043510917,0.3477766738514455,0.4865763572423305,0.2838440413371265,0.236008164390046,8375529.301080338,0.0402837199012961,0.2198390566317961,0.0391268223728134,0.4865763572423305,0.4512137947153379,1.0,0.4865763572423305,0.00033675041042711116
3,2,0,0,1,0.8489337382426108,0.0405162259107235,2.2712472039801783,0.0497855239099035,3.532160929093231,17.309742325360048,0.0636931143525369,76.58350425487187,18795485698.020878,0.0007667956924972,0.3606937128810291,0.4866745783782127,0.274508657137341,0.2254842478816869,6271016.475703784,0.0376775014216731,0.2169570871197441,0.0366571137641407,0.4866745783782127,0.3752725400587297,1.0,0.4866745783782127,0.0003366213500656372
4,0,1,0,2,2.612389529626809,0.0459320978159159,6.729999664323006,0.0415893938865863,6.227078945067082,15.15360895975194,0.124042598575841,117.90586950045277,18623849660.185448,0.0013749844624119,0.3216153617705517,0.4870363079722997,0.3036566954513119,0.225394558016531,4559163.457900893,0.0461036943462054,0.2459539636710447,0.0434788618341414,0.4870363079722997,0.5681643917116294,1.0,0.4870363079722997,0.0003361464718896037
4,1,1,0,0,0.9126690464836372,0.0107293906122325,8.896682521995242,0.0134753129029504,8.575426467676367,4.636428091748833,0.3636957437564681,78.39968000508148,10894353809.30073,0.0,0.3849861417783365,0.4873749695029366,0.2595558995266574,0.1672650715313757,44474.32069432862,0.0336846324895461,0.1935067274292995,0.0323408404866463,0.4873749695029366,0.3086923795191633,1.0,0.4873749695029366,0.0003357024846569335
3,0,0,0,1,0.1549584594017571,0.0655557175681305,8.682747691050784,0.017912796609263,8.58362075870333,4.92221750220439,0.686901000326238,62.99273580478669,9761984767.997948,0.0,0.3266985973882799,0.4884486896726862,0.2984110429735509,0.1902926218918225,1820601.3789303463,0.0445245752842812,0.2793688397427625,0.0412704733697206,0.4884486896726862,0.4486592370389486,1.0,0.4884486896726862,0.00033429870456055027
4,2,1,0,0,2.2399678724817345,0.041696284688451,0.4123409894683535,0.0654906798014261,5.431769643704031,1.59703873744807,0.563730847193166,119.06456156255824,11363704502.27534,0.0009800362377902,0.3636877975387088,0.4885061625627264,0.2730169167272394,0.2075947659069339,6984798.007491251,0.0372691184096241,0.2253748456769465,0.0360219884314678,0.4885061625627264,0.2901991455888743,1.0,0.4885061625627264,0.00033422373032405696
5,1,0,0,0,1.822557069131982,0.0276198710634551,6.078433265134668,0.07502547523689,8.762094131576797,2.82403707702851,0.616546455786467,93.09764237827464,12221438382.51284,0.0014326291702822,0.2945512159098802,0.3822270527394176,0.2547229252466364,0.1667266866162708,83380.35613938667,0.0324418843231017,0.186537659860466,0.031356172935109,0.4910342455082659,1.1149159552596086,1.284666383472934,0.3822270527394176,0.0003309423924655774
1,1,1,0,2,1.3767513163268668,0.0122996310748297,3.791340945007181,0.0741456269480928,6.385004404995952,6.921092075849077,0.1823267371935718,129.46656626236884,12776650856.931974,0.00054696929072,0.3491605010827494,0.4912011777239245,0.2846858095326864,0.1781075516110141,828742.1253701792,0.0405230050746404,0.2386494245096052,0.0384069195962553,0.4912011777239245,0.3663387864639577,1.0,0.4912011777239245,0.00033072685929058264
1,1,0,0,2,4.398166109923441,0.0803651791828443,8.771229510969958,0.086106710687481,9.328407876463585,14.007718001951982,0.8001970544227492,101.0445071192492,17586811125.006775,0.000730954308782,0.3664820645519773,0.4924380023812931,0.273321867337528,0.209518928357214,5230906.907360793,0.0373524215824366,0.2279031559584268,0.0358375136339947,0.4924380023812931,0.3892244471280794,1.0,0.4924380023812931,0.0003291343099565712
1,1,0,0,2,4.401856811629363,0.0804456679940838,8.766176641455614,0.0862995094067325,9.345923573311795,14.014244117043772,0.7991679358500469,100.84225432424245,17545374376.720272,0.0007329553810408,0.367262916311226,0.4940808024222143,0.2737377391236401,0.2098851870119031,5243102.515690602,0.037466174910261,0.228697185279602,0.035943123750311,0.4940808024222143,0.3894981741192047,1.0,0.4940808024222143,0.0003270308733344812
3,2,0,0,1,0.3358696894750117,0.0139379033865966,5.014069272018156,0.0375198467569107,9.87997672636066,1.4709034061737298,0.0106258711444586,61.28653170444749,11776923607.824575,0.0013380690836276,0.3539842187177239,0.4943453634731209,0.2829632624021508,0.1926744286996037,160697.57459778365,0.0400341039346342,0.2401276678227231,0.0383914567938368,0.4943453634731209,0.935976240591156,1.0,0.4943453634731209,0.0003266933890894661
4,2,0,0,2,0.7491770122002291,0.060783251738863,7.275635110301907,0.0546562515846553,4.587900022701124,3.925528677264624,0.6112059680605119,113.02935150855215,9731574266.88275,0.0009443304440687,0.3083041618301312,0.4139627214056242,0.2655578790565232,0.2091142893726716,4860183.537659326,0.0352604935644995,0.2112448355941665,0.0338686741241908,0.4944585187847284,0.4535430244506925,1.1944518025820732,0.4139627214056242,0.00032654915018099777
3,2,0,0,1,0.868455870840732,0.0400262184695409,2.382852248043158,0.0505221973003216,3.621293557100322,17.39150538855858,0.0615059383298667,77.20046300065137,18723824162.262405,0.0007760405371959,0.3627836869882194,0.4949142481147163,0.2777293340782748,0.2276472540858977,5922427.741763116,0.038566791503781,0.2243953292226856,0.037462030267728,0.4949142481147163,0.3814392146505096,1.0,0.4949142481147163,0.00032596887711734153
3,2,0,0,1,0.868455870840732,0.0400262184695409,2.382852248043158,0.0505221973003216,3.621293557100322,17.39150538855858,0.0615059383298667,77.20046300065137,18723824162.262405,0.0007760405371959,0.3627836869882194,0.4949142481147163,0.2777293340782748,0.2276472540858977,5922427.741763116,0.038566791503781,0.2243953292226856,0.037462030267728,0.4949142481147163,0.3814392146505096,1.0,0.4949142481147163,0.00032596887711734153
4,1,0,0,0,1.314823031771841,0.0222640748763897,2.3485851614495994,0.0784511912530974,2.983609116317302,11.12321960129048,0.0752122954056686,98.16476537686012,19397840304.08497,0.0010322824022301,0.3589201716436107,0.4956949935213287,0.2800847960945772,0.1857341188133991,1169015.1997306454,0.0392237465016704,0.2410814196333807,0.037381435625722,0.4956949935213287,0.959786002338605,1.0,0.4956949935213287,0.0003249771615712542
4,0,1,0,2,1.480140087059853,0.0059014023933618,1.064114811645528,0.0175274427276119,3.604748635760601,18.6401283153574,0.2160824590818484,106.55713993219076,10265775269.238312,0.0,0.3267400528160835,0.4965645982268307,0.3035273859412682,0.2370564440649163,7360785.834957333,0.0460644370081698,0.2853456258018048,0.044324148663935,0.4965645982268307,0.6238398663964253,1.0,0.4965645982268307,0.0003238761268739454
1,1,1,0,2,1.9279997542297165,0.0155307266424938,0.911319317145422,0.0930932554868452,6.424705291677756,10.334586698440145,0.1493766827133085,82.06479272636815,14295548703.805162,0.0008385488320417,0.3382202396066248,0.4967968914869825,0.3014013561215566,0.2384695593803263,11294435.286306951,0.0454213887359566,0.1608824931223731,0.0441043967353442,0.4967968914869825,0.5070521237265887,1.0,0.4967968914869825,0.00032358264469866863
3,0,0,0,1,4.2051489433635885,0.0934302453677271,8.913995212318648,0.0342467748405447,6.475878514436522,13.090249779216135,0.2140782057342986,61.464942058015126,11925480796.014524,0.0009059054788109,0.337844905263598,0.4971582981922633,0.2955503475815268,0.1919979425686749,2840728.981773304,0.0436750039777806,0.2714575505566817,0.0401804135276649,0.4971582981922633,0.540971430514788,1.0,0.4971582981922633,0.00032312656765549506
1,1,0,0,2,4.41327522463895,0.0806242333691878,8.754190572948156,0.086466093003957,9.347220294946576,13.9874767013299,0.8018739718363911,101.06745409703882,17598611368.02627,0.0007298245491332,0.3690810004245179,0.497472168884888,0.2744601250275426,0.2107015891630439,5285159.41567654,0.0376641801150671,0.2300581300541508,0.0361315549800088,0.497472168884888,0.3888149168444288,1.0,0.497472168884888,0.0003227310002531939
3,0,0,0,1,2.8163419369032483,0.0769906847036395,7.133893425249822,0.043666682999097,2.0202382260523093,7.872756582974627,0.7972458595773595,99.72904757430832,17396356008.580956,0.0005975166081947,0.3484632302819715,0.497935846858714,0.2893055971263562,0.1891480777549151,3161680.0161559125,0.0418488642643187,0.2430721618931685,0.038703965082689,0.497935846858714,0.4957291243479671,1.0,0.497935846858714,0.00032214751848671385
4,1,0,0,0,0.698266611612857,0.0294977758616366,5.727335111494815,0.0012302481221991,1.3197513988149627,4.556990915387375,0.6712518243367652,103.14817802523346,18647993960.346645,0.0,0.3581571219766307,0.4583489321413686,0.2593231166761361,0.2168072577184444,7089435.432740637,0.0336242394213124,0.2018189344167099,0.0329165687323763,0.4984516315921953,0.4680728421228811,1.087493821057835,0.4583489321413686,0.00032149970606883057
5,0,1,0,0,3.076185460401052,0.0353762963064144,2.846988768532087,0.0350104528239422,9.79351703656798,3.593215732350449,0.6518307324354194,105.59980568594877,15492682345.869064,0.0008358452556916,0.3325662345640214,0.4987645944907312,0.3003493593145946,0.1936647845875236,1714684.6353733402,0.0451048688203437,0.2815715643420086,0.0417668775458353,0.4987645944907312,0.3987271612748556,1.0,0.4987645944907312,0.0003211072678762439
5,1,0,0,2,0.363190315358989,0.0597285634963135,2.2969315357542386,0.0425617663866063,5.33358053257696,3.155125043228354,0.2508453270697165,71.12763084631605,13667516822.038277,0.0011500324443585,0.3536864338299751,0.498825477670335,0.2896240051187709,0.2467891954744936,9135805.989410575,0.0419410321705189,0.1782340699896294,0.0409944933768619,0.498825477670335,0.3769622814056926,1.0,0.498825477670335,0.00032103097940844067
2,1,0,0,0,2.4184262496044404,0.0485329306195499,1.0634803205599774,0.090898809466177,9.048529049786964,9.458809279448792,0.4434539778326204,108.78158559666475,10450586409.99191,0.0007049530318643,0.3629697630560029,0.5010175681936089,0.2805612875791047,0.2150110921815901,6917770.610850651,0.0393573180440225,0.2390412900088626,0.0379756538927137,0.5010175681936089,0.3021286760808614,1.0,0.5010175681936089,0.00031829626437360924
0,1,1,0,1,2.698286070716124,0.0856759041138322,7.888550295277332,0.0659427896415285,7.667297711765912,17.980717942904004,0.4512146997258972,104.00547237187108,17192581205.31466,0.0005707727313858,0.2807490749049171,0.5019168949827895,0.3452343969723147,0.2665436513942488,5201437.422622218,0.0595933944264188,0.3818495973178015,0.0560077662928969,0.5019168949827895,0.3969355159817253,1.0,0.5019168949827895,0.00031718107099697694
3,0,0,0,1,3.244419753771838,0.0096830111400632,0.6240544000983346,0.0190140522187219,7.411918796500181,3.2417088428843783,0.5365206699179267,90.08148122501356,12527042359.746937,0.0005358044326801,0.3551750846478289,0.5020488641155777,0.2897480786683818,0.2485229173187803,10588825.802443467,0.0419769745460093,0.1920289474953362,0.0409781352978644,0.5020488641155777,0.504399229927617,1.0,0.5020488641155777,0.0003170177542136809
3,2,1,0,2,0.3003799677975065,0.067779414816801,0.991876088963634,0.0599316962598153,1.0956243396000986,4.839422562772795,0.4253767029984425,108.87211186886476,13697099330.851772,0.0006344951730612,0.3621955775888765,0.5043782488101933,0.2872069949206854,0.2494348744312357,9137268.386203123,0.0412439289656853,0.1703708186126661,0.0403445686533368,0.5043782488101933,0.2432235788093672,1.0,0.5043782488101933,0.00031414885512245975
3,2,1,0,2,0.3003799677975065,0.067779414816801,0.991876088963634,0.0599316962598153,1.0956243396000986,4.839422562772795,0.4253767029984425,108.87211186886476,13697099330.851772,0.0006344951730612,0.3621955775888765,0.5043782488101933,0.2872069949206854,0.2494348744312357,9137268.386203123,0.0412439289656853,0.1703708186126661,0.0403445686533368,0.5043782488101933,0.2432235788093672,1.0,0.5043782488101933,0.00031414885512245975
3,2,0,0,1,0.4024468070242197,0.0437498488202619,6.6352080329,0.0083240864220225,3.142869242813728,10.819535461117685,0.1167364556260211,65.24935206343137,12277719130.90823,0.0,0.377656328427623,0.5043956555242802,0.2749954755241993,0.2165965407333157,9723591.777359191,0.0378112557793902,0.1895106490553846,0.0369310062972634,0.5043956555242802,0.3385460096773705,1.0,0.5043956555242802,0.00031412751482088073
2,1,0,0,0,1.8751172601093,0.0342965522940497,8.17632931237224,0.0977381229099183,6.379232106178575,4.203196819254704,0.3145140528810967,103.39432902658147,15146787000.093498,0.0014690456256241,0.3686215274899205,0.5047647309155078,0.2793212786799302,0.1799319753622632,264381.05339385447,0.0390101883616956,0.2295397420936393,0.0373193447500311,0.5047647309155078,0.4590372524343138,1.0,0.5047647309155078,0.00031367537645934744
1,1,0,0,0,1.7223386604989257,0.0329048088535501,5.357279223481266,0.0356665726085756,3.644660816614157,4.793169137043408,0.5336676405930595,79.50303668033668,9315165727.00314,0.0013062417789263,0.3748243374055886,0.5055295957371211,0.2756219834964275,0.1709529715345231,678592.7399252665,0.0379837388932524,0.2249510235030472,0.0362615607779391,0.5055295957371211,0.4233776416539938,1.0,0.5055295957371211,0.0003127404442689011
2,1,0,0,0,0.5359578033036655,0.0476958728680454,1.0634803205599774,0.090898809466177,9.048529049786964,5.0500160490854205,0.4434539778326204,108.78158559666475,10450586409.99191,0.0007169434086108,0.3765782603494927,0.5066118195119594,0.2747455435833695,0.215635288301772,6787551.888524161,0.0377425568594605,0.2301007158652384,0.036433513382979,0.5066118195119594,0.2916362330512845,1.0,0.5066118195119594,0.00031142234739105435
5,2,0,0,2,2.7139894816156964,0.0230610383822701,6.3913681025504285,0.075982154240146,5.05781692671419,19.85708671819285,0.8395170573427359,95.00036069253716,15277537688.163246,0.0009654637006549,0.325631327564331,0.4238083186539222,0.2598377373270136,0.1773848204212146,540609.3118756142,0.033757824869611,0.2019539613591833,0.0325388344916234,0.5066124372982079,1.0994097784752832,1.1953810602568724,0.4238083186539222,0.00031142159654567244
2,1,1,0,0,3.3241457282508287,0.011247581687305,6.063770727986871,0.0733814560720484,7.3254461937008015,13.957195343756467,0.6130163950667892,127.22258495095676,12276688649.945734,0.0012569651136686,0.3815808327603456,0.5081740642704283,0.2726617014474648,0.1706912578281541,487042.719631378,0.0371722017181132,0.2221015494124191,0.0353500102597305,0.5081740642704283,0.6205588780348519,1.0,0.5081740642704283,0.0003095293996902775
1,0,1,0,1,3.653493051319431,0.0180295359663658,2.2154021438838423,0.0280152049061043,4.475873214626608,12.34989310874652,0.847613302552997,116.17361236576332,13637957097.886484,0.0006853912184918,0.3783673497200799,0.5102594938013535,0.2761301155153365,0.1763858218731505,244657.22886045816,0.0381239203472565,0.2226404203734205,0.0363921967017685,0.5102594938013535,0.6246532243231034,1.0,0.5102594938013535,0.0003070204362132085
3,2,0,0,1,0.1247069108014622,0.0821367466991389,7.734001344908426,0.0012936418273609,9.61798972816447,11.03905455577782,0.2315009858607469,101.1930083827676,15238846209.864489,0.0,0.373787516211097,0.5124846668111986,0.2802243474726287,0.2324866984130757,5030623.857797687,0.0392628424582302,0.2315165936057096,0.0380967343441238,0.5124846668111986,0.2857009264952299,1.0,0.5124846668111986,0.00030436577122367625
1,0,1,0,1,1.8160492170233284,0.018280682938933,2.2154021438838423,0.0280152049061043,4.370368375369794,12.513783156401626,0.847613302552997,116.17361236576332,13637957097.886484,0.0006853912184918,0.3865394900698776,0.51262623032498,0.272296367288223,0.1710718319085718,221585.24176348065,0.0370726558191814,0.215434121206914,0.0353903503180663,0.51262623032498,0.5734174015921244,1.0,0.51262623032498,0.0003041976625168019
2,1,0,0,0,2.600724655528869,0.0879737879136466,9.889172183595232,0.0954168367831158,2.1443384141416244,2.232391180910934,0.6033641788060207,123.13111123016355,12279225901.071022,0.001033767871378,0.1993343590855845,0.2952859754954537,0.2639833955544582,0.2062801818960786,3099746.174747428,0.0348436165642307,0.2104811977436468,0.0337630928885853,0.5128874125336309,0.5896389841395505,1.736917615789468,0.2952859754954537,0.00030388774853663955
4,1,0,0,2,4.02756008278312,0.0207983151923012,0.9406038865880072,0.0923032510272261,6.892410393990726,17.92131979571262,0.3417377119431735,83.35902413471602,11290336972.1083,0.0011806508624323,0.340854336218734,0.5133650585660988,0.3028968427974226,0.2395589196728713,5941616.701410689,0.0458732486883232,0.2864147586939792,0.0440155995506374,0.5133650585660988,0.3368088996486676,1.0,0.5133650585660988,0.00030332179904837174
1,0,1,0,0,3.939204233368789,0.085908757776291,6.22732465015992,0.0980126480086127,8.090436198358248,1.2447161674917788,0.4726917243642792,89.67859461453219,19366719889.423096,0.000799564993599,0.3484493779396104,0.513607369371055,0.2982154745813533,0.1971400852370306,471935.8402004633,0.0444662346398908,0.2639023298447372,0.0423656954744084,0.513607369371055,0.3722227252546816,1.0,0.513607369371055,0.00030303509481968184
3,1,1,0,2,1.3874239201604626,0.0396668657206765,2.99779875489566,0.0874868879762359,2.054156934042421,1.3302878097762034,0.1890646733567546,84.28045959219992,18705656560.6015,0.0012794090591228,0.3273598032581084,0.5137046151856739,0.318402448605438,0.2766212156864826,10217156.248051716,0.0506900596389693,0.2193206466885976,0.0492909151563929,0.5137046151856739,0.5287388889811316,1.0,0.5137046151856739,0.0003029201089527442
1,0,1,0,2,3.3815146359296864,0.0155805585476966,0.2794270587687729,0.0682248167847412,9.95318921125814,11.727055442335493,0.4217551922442867,99.13511241484024,10369307958.776306,0.0005301037872301,0.3699996711567105,0.5138310856148965,0.2832931528804842,0.2264724640483239,7537670.716796235,0.0401275052344826,0.2401811940616701,0.0388604605800025,0.5138310856148965,0.3179767538181765,1.0,0.5138310856148965,0.0003027706324425939
3,2,0,0,1,4.158157309809824,0.0605855965599233,6.511114064132753,0.0225575269089652,6.323096056958061,1.9952723147557732,0.1901308041863994,60.76382991647287,10239210862.605925,0.001033914497422,0.164551718413813,0.2278837805622945,0.2331530896969169,0.1685611529495418,2497711.90658563,0.0271801816176092,0.1516453582921154,0.0262125685396122,0.5148713843988336,0.4843319612320929,2.2593594995150954,0.2278837805622945,0.00030154388953451694
1,1,1,0,2,3.9433345346414583,0.0924611101739323,4.507984040403716,0.0279268351317293,4.847956641838711,19.966934194855437,0.4631496816322856,72.53116383319787,12849220012.021065,0.0012147845696684,0.3226217208761095,0.5159521732474354,0.3187522395095778,0.2217748695147406,1237398.754005713,0.0508014950961856,0.3119729953904754,0.0481350068818819,0.5159521732474354,0.587874789639752,1.0,0.5159521732474354,0.00030027466395926306
0,2,0,0,1,4.60372532794387,0.0968539835139717,5.632285884992211,0.0701421483843266,0.9006645073469228,8.491155406696876,0.428382403430232,71.38983472891186,13686231233.049557,0.0012933853748653,0.4171126228163908,0.8288860022010435,0.4068047046102006,0.2996151080563093,2313935.202070087,0.0827450338464963,0.5990221110265326,0.0767330784575887,0.5199437759336808,0.5197603093020269,0.6272801984265747,0.8288860022010435,0.00029563324571812424
2,2,0,0,2,2.7280982947487784,0.0270714384521865,5.528199400034419,0.0958219047992025,9.083567224486773,1.6346799519357549,0.5836782063191092,88.31909955786111,12711313873.768547,0.0012637179910205,0.3748357946406013,0.5210950251883026,0.2843081450232333,0.1845066331707295,189319.00730430032,0.0404155606632759,0.2386178391471708,0.0386625221507544,0.5210950251883026,0.9063244049754162,1.0,0.5210950251883026,0.00029430795733258804
4,0,0,0,0,0.2673047177018886,0.0915534983477026,1.6381313056566829,0.0855680107573208,6.617177707021209,4.539222033472573,0.6121189916301856,95.4306704305238,12059647533.86056,0.0005631041045153,0.3775593556085576,0.5211701527738742,0.2852105582633574,0.2313027587572763,10749251.322740104,0.040672531272448,0.1897894268471143,0.0396358440693342,0.5211701527738742,0.5644994618994555,1.0,0.5211701527738742,0.00029422167918796997
4,2,1,0,2,4.272399620425055,0.0716714526120116,1.4823474538318744,0.0232092782174758,3.701431039916536,4.5829449457974425,0.1276706585548816,100.3136485813892,10329521575.13743,0.0014145154288278,0.3215558015455121,0.5221145854841226,0.3230324931247898,0.2263312906105057,1190151.4816036087,0.0521749958072087,0.3274270558687159,0.0493024354260751,0.5221145854841226,0.5981045278813467,1.0,0.5221145854841226,0.00029313922731273866
2,1,0,0,0,3.476113000605685,0.0252185149505997,6.850222808180292,0.088346275411154,9.044781411811398,5.9844682436919,0.3835220112658737,89.81040166818285,11136637731.740768,0.001163161553381,0.3919005497418807,0.5230242641576471,0.274651641821067,0.1757532140874133,202988.18271234128,0.0377167621775038,0.2176666355519722,0.0360545010349817,0.5230242641576471,0.7126390096651057,1.0,0.5230242641576471,0.00029210037384510174
5,2,0,0,0,0.3913937771834058,0.0301028038826021,9.90618685066922,0.0334016349048885,8.48355460293651,13.516666108346788,0.2089169967842244,74.50744002016219,10963369375.469986,0.0011676379919901,0.3565428318502578,0.5239153924797639,0.2989558916059699,0.2429927598719802,8514491.682885518,0.0446873125629602,0.254375556808593,0.043197177831803,0.5239153924797639,0.4611941550975974,1.0,0.5239153924797639,0.00029108627470899326
2,0,1,0,0,0.125759270763876,0.0781645482191474,3.0719584601841152,0.0132700665713092,4.955193948369293,8.107412928315762,0.510167428499062,120.43764962635012,15609359496.82663,0.0,0.3380127796677129,0.5259641136183077,0.3120813760386287,0.2009486030889082,1632899.546942371,0.0486973926350819,0.3118878030877807,0.045065418213677,0.5259641136183077,0.4261456435348342,1.0,0.5259641136183077,0.00028876817262024173
0,1,1,0,2,2.777880582935422,0.0846753081159045,7.759988855297209,0.0682349500596086,7.7260017970374095,17.83711858584934,0.4515189310613521,103.37106572033564,17521734830.016163,0.0005356906715122,0.2836250383308402,0.5263941837014149,0.3583050815165784,0.270897592023982,4819807.02620907,0.0641912657203009,0.4217875494038334,0.0600013930079339,0.5263941837014149,0.390874906375996,1.0,0.5263941837014149,0.0002882839030622176
4,2,0,0,2,1.0724922273756117,0.073084272022684,8.866039030634298,0.0885476868105022,5.096276220132066,1.3692703142142546,0.0862037600213616,110.6282156149629,11327513954.83543,0.0014469456401794,0.3050316873932028,0.5294526782747686,0.3511050507847136,0.302672269754819,11415544.94080214,0.0616373783432681,0.2004865139539826,0.0595110950304533,0.5294526782747686,0.6673925668413211,1.0,0.5294526782747686,0.00028486330715481374
2,1,0,0,0,1.584066846022653,0.0692651769682892,5.057383737141271,0.0481257646390217,4.162645622154863,8.50043559427229,0.2579164283132603,88.15077385208521,9755846704.42318,0.0013528521794801,0.3260161635627535,0.5309446246445528,0.3246943587839046,0.2516757349681279,2363845.9807282942,0.0527132133130454,0.3329745046721553,0.0504558947224384,0.5309446246445528,0.6169247841175213,1.0,0.5309446246445528,0.00028320948424120955
3,0,0,0,1,1.3515071907657503,0.0640787956885053,3.0631760723502657,0.0077749891903956,5.790154739008467,1.6023921657091484,0.0923572364817817,78.05921647201153,10671749197.169792,0.0,0.3629891097714389,0.5318112309866869,0.2978158943503645,0.239417666857896,6740350.004995412,0.0443471534638537,0.2730304660618978,0.0425620438168893,0.5318112309866869,0.4387637870972083,1.0,0.5318112309866869,0.00028225326279747535
4,0,0,0,0,0.5610495258480247,0.0458208900342193,4.555522672661427,0.0903838303083098,6.979970274062386,5.082514072703705,0.4505364184506381,110.3581859864672,10213872912.584982,0.000760410433101,0.3414675945984471,0.5322191401452542,0.316694297952108,0.2573310561800102,5704750.746971953,0.0501476391776892,0.2524209655411609,0.0477291653477056,0.5322191401452542,0.4141848654867966,1.0,0.5322191401452542,0.0002818042902211188
4,0,0,0,0,0.5610495258480247,0.0458208900342193,4.555522672661427,0.0903838303083098,6.979970274062386,5.082514072703705,0.4505364184506381,110.3581859864672,10213872912.584982,0.000760410433101,0.3414675945984471,0.5322191401452542,0.316694297952108,0.2573310561800102,5704750.746971953,0.0501476391776892,0.2524209655411609,0.0477291653477056,0.5322191401452542,0.4141848654867966,1.0,0.5322191401452542,0.0002818042902211188
2,1,0,0,0,3.853162980599914,0.0183013094681494,3.384494527239204,0.0816833061152307,8.747156882734775,5.949939250905007,0.4857974972541539,105.77702741024554,11846449647.639992,0.0,0.3541788554702616,0.5353104261943283,0.3057620850414724,0.1977189457390349,84476.17567804252,0.0467452263244543,0.2942881062077087,0.0443814822925075,0.5353104261943283,1.0373494989587138,1.0,0.5353104261943283,0.0002784249437161081
4,0,0,0,0,0.6768196330050411,0.068890059545571,3.565675190066249,0.073227471316726,7.686169372124619,2.6897815539684875,0.6716566448190192,127.2876332153064,11172605102.94443,0.0006030837700285,0.3589789209633424,0.5356637733016125,0.3033527794234292,0.2319749587957501,6155056.442464963,0.0460114543919598,0.2733977139007456,0.0434570603223231,0.5356637733016125,0.4051096970840668,1.0,0.5356637733016125,0.0002780412600636954
1,1,1,0,2,3.1167255240931664,0.0287477892630751,0.5079030130599186,0.0743126529460203,0.8592205791047673,4.038547211634548,0.1383236819966762,128.20848243555795,10464228148.75373,0.0009696506140262,0.4137507817613144,0.5362660329849355,0.2681638607449593,0.159284145215207,271058.3252266722,0.0359559281048209,0.2106338566203495,0.0342439209462259,0.5362660329849355,0.3351481536391119,1.0,0.5362660329849355,0.0002773885117217686
1,2,1,0,1,1.775793063911307,0.0523302886604696,8.988335156695783,0.002368552498187,3.729762648221159,5.923230116333066,0.7864021344138128,108.5482529334968,19587757016.643227,0.0,0.6115291916860348,1.8744952367491132,0.6927159749542589,0.5860936523019961,24529429.6779592,0.2399277109784146,0.544671821202974,0.2129108450373004,0.5363502999028884,0.446313557883674,0.2861305216400903,1.8744952367491132,0.0002772973028262983
4,2,1,0,0,1.4097286429377438,0.0076723389309199,3.2105810924212883,0.0824007195359756,9.031041765100474,1.9812828367445403,0.0506586375506519,63.47614622469135,11370814238.096846,0.0014193663074449,0.4164528561107598,0.5381086493104829,0.2671619733257855,0.1716340479748161,141413.8236465462,0.0356877599956638,0.2157647921222243,0.0341599709403913,0.5381086493104829,0.4481948334458316,1.0,0.5381086493104829,0.0002754009262636056
2,0,1,0,2,3.6894692648332734,0.0236513443934999,7.716122320131316,0.0933726861729954,7.2393852036447,13.323509911451689,0.4469119945421304,100.45987388048005,12639449431.720268,0.000652433741761,0.3644759217252109,0.5410391715854665,0.3018482098237797,0.2407078174097974,6468550.648241232,0.0455561708869102,0.2827379945628488,0.0437552156026294,0.5410391715854665,0.4410195809621797,1.0,0.5410391715854665,0.00027226913846844516
2,1,0,0,0,1.7618464864723873,0.0269686274224323,8.426834443554998,0.0712389747542313,2.8249710781024864,12.915795827166106,0.6437658090609779,92.46759048763776,17354469236.014454,0.0014131956493362,0.3310628651598558,0.3769215264179055,0.2274272466019344,0.1452514659910453,273424.42882796057,0.0258615762484685,0.1488141888554627,0.0249866149657924,0.5415208718521414,0.5416602332060454,1.436693937325668,0.3769215264179055,0.0002717577744400854
1,2,0,0,2,0.160412150868768,0.0370205540497742,3.38974678193229,0.0960665794998996,8.293281524298106,16.633320765401496,0.6959397816737878,119.20556338522644,14435646817.242458,0.0006199914578059,0.3877672652026512,0.5419641839188276,0.2881395346943543,0.2349028825266637,8811510.701260285,0.0415121957269395,0.2279097033991265,0.0403164028502222,0.5419641839188276,0.3737525342622441,1.0,0.5419641839188276,0.0002712880113149138
1,2,0,0,2,0.160412150868768,0.0370205540497742,3.38974678193229,0.0960665794998996,8.293281524298106,16.633320765401496,0.6959397816737878,119.20556338522644,14435646817.242458,0.0006199914578059,0.3877672652026512,0.5419641839188276,0.2881395346943543,0.2349028825266637,8811510.701260285,0.0415121957269395,0.2279097033991265,0.0403164028502222,0.5419641839188276,0.3737525342622441,1.0,0.5419641839188276,0.0002712880113149138
1,1,0,0,0,0.127235543434012,0.0311393864640189,6.0246105212210965,0.0065559383446908,1.6867744163112826,5.105859483896887,0.8499950485342138,89.02241942021237,19565527894.36747,0.0,0.3760414782587149,0.5420615845974087,0.2943436897436358,0.2012414635449559,700495.2595492062,0.0433191038459488,0.2702247794465277,0.0415449834793923,0.5420615845974087,0.2903406671166627,1.0,0.5420615845974087,0.0002711849078949901
1,1,1,0,2,0.7561754180090245,0.0329860258231607,0.95958470897123,0.0949380097758765,5.736711940448714,4.132079931443969,0.4046056608718136,116.31321574857849,9274917835.01022,0.0008855630912601,0.3561499081204807,0.5420968770262118,0.3081830053872494,0.2423871030387317,6064114.733163921,0.0474883824047587,0.2993418841143581,0.0454831134085978,0.5420968770262118,0.3322071484960834,1.0,0.5420968770262118,0.00027114755879148976
2,0,1,0,0,4.8840114158786685,0.0398310752438523,4.776210242117991,0.0408464322955887,2.929737394657528,6.6737681600370085,0.7050118086514268,120.77640589412432,13641430416.918604,0.0007453877797494,0.2631776757859488,0.3849538084614357,0.279917746462736,0.1898648292490481,2090359.701716651,0.0391769723923882,0.2388436514280908,0.0368043042817297,0.5426868621173773,0.4059831169526381,1.4097454037053463,0.3849538084614357,0.0002705239533847227
3,0,0,0,1,2.9487782569366674,0.0846046075110804,4.3967551643946,0.0153586070050895,8.35253061632555,5.212616899566139,0.1565308678223819,95.74393775425172,14451870474.56898,0.0,0.3502662628641431,0.5445947094316488,0.3136599158677456,0.1923664522741699,649394.153377223,0.0491912714110806,0.3157979612903931,0.0453453418875966,0.5445947094316488,0.4535953307050845,1.0,0.5445947094316488,0.00026851718822232235
4,0,1,0,0,0.841284798956516,0.0428885645297569,2.44198538450766,0.0138338577572673,6.655476424573607,4.850498659187768,0.7791943064431543,127.32391698852015,14713432798.663307,0.0,0.3819289814230284,0.5459305302004747,0.2936754491437688,0.2453624312520053,8106628.795933124,0.0431226347148971,0.2464800663416121,0.0419639772308934,0.5459305302004747,0.4431655703357886,1.0,0.5459305302004747,0.00026712097498584074
2,2,0,0,2,2.723386739903772,0.025848248933905,5.402437786826612,0.0952951554748216,9.06758570496766,1.6834701504940377,0.5853077306449843,88.37621156451436,12726621601.387009,0.0012739869486308,0.4065864114890481,0.5478975636847131,0.2785276384064491,0.1763917271569682,182537.94262442685,0.0387888226781368,0.2273953423815613,0.0370413515081626,0.5478975636847131,0.9367290764338766,1.0,0.5478975636847131,0.00026507821725809793
1,1,0,0,2,4.087267064820428,0.0513331520499848,0.5681383820878828,0.0912802753945122,6.112138416777443,10.935469727888831,0.2430074743492897,101.251236433867,10104385224.8678,0.000582052786402,0.3675654416848823,0.5502392892479385,0.30477900882197,0.242359016846173,6708801.786395672,0.0464451221092512,0.2888348029664097,0.0446110407845277,0.5502392892479385,0.3217052304344179,1.0,0.5502392892479385,0.00026266670171266697
1,1,1,0,2,1.686269864956789,0.0135986251101828,8.685825005754603,0.0889050356683087,3.688803426462844,11.182390446266016,0.0827890815081126,98.2178269602621,10727781119.546186,0.0006365530423549,0.4173816185870643,0.5503919866775571,0.2731930761390871,0.1620590891045966,295833.1723818974,0.0373172284251685,0.220032589538602,0.0354697300998655,0.5503919866775571,0.4804940597726163,1.0,0.5503919866775571,0.00026251021755518267
3,2,0,0,0,0.248386550610889,0.087222964040039,5.242222843004543,0.0092476380851253,3.734740029894907,7.839974384556765,0.7372496255955031,82.8238254399871,10938129515.340866,0.0,0.3959807984243219,0.5514331059455355,0.2880018167096649,0.2253453287718419,9129034.39410292,0.0414725232140337,0.2255324709245389,0.0403310446225731,0.5514331059455355,0.316538102114759,1.0,0.5514331059455355,0.00026144576154559667
4,2,1,0,0,0.6749124379957718,0.0179191080074371,1.8808149303250556,0.0903049391669862,4.430991075231393,6.91158361981222,0.1114985799276311,98.22630581501306,14828897000.465702,0.0013036036852819,0.4074933740220599,0.5514742330657902,0.2793457908137119,0.1833591429400677,369873.3017285367,0.039017035422669,0.2379257602230995,0.0372992716805471,0.5514742330657902,0.8833642881728042,1.0,0.5514742330657902,0.00026140380129431525
2,1,0,0,0,3.193459620201036,0.0282516974688523,1.653100021564904,0.0843482752507113,4.004641531818525,2.475559728216466,0.5256330449054504,112.34094044241743,12755209300.988688,0.0014644825948515,0.4251059740227906,0.5515451865473665,0.2691974831844386,0.1650958471444875,147943.14351532536,0.036233642476418,0.2140543760982108,0.034492631283848,0.5515451865473665,0.7549620848200249,1.0,0.5515451865473665,0.00026133142630589007
4,0,0,0,1,2.81240106948136,0.0201409362000795,7.935143806580143,0.0136533571105393,9.4682687419485,13.287379650206878,0.3745103858167818,82.97005676171972,16680722960.3866,0.0,0.3800066959293577,0.5520862686534163,0.2970981063290421,0.196351252524934,1631405.227410073,0.0441336423921514,0.2760102628207485,0.0415032147475834,0.5520862686534163,0.4593540430566607,1.0,0.5520862686534163,0.0002607801626328857
4,0,0,0,0,0.5176506592198274,0.045652449518718,4.616008047684832,0.0898317594813808,7.008284300630195,4.977829679543045,0.4545289706677199,110.01682806843324,10225588586.536776,0.0007590774440764,0.3543455179792577,0.5535724418877431,0.3193528670390607,0.2591862226611092,5908886.889331469,0.0509931268430339,0.257639095768241,0.0485802442997959,0.5535724418877431,0.4128052360579081,1.0,0.5535724418877431,0.0002592720000710892
3,2,0,0,1,0.2002779257769039,0.014354391996141,7.833704353144854,0.0262732293015971,1.954552856329529,7.483430797138451,0.2392368867400858,61.64409593130714,15856837212.591568,0.0014064020018473,0.349110482347278,0.5543517765406492,0.3234644179600495,0.2524197564449753,12565176.879271269,0.0523146148431167,0.2713435453857972,0.0499181213349259,0.5543517765406492,0.6375163315618209,1.0,0.5543517765406492,0.0002584846237548892
3,0,0,0,1,2.9460083401383583,0.0465256419716604,4.015099937883057,0.0063577491381156,7.103480286344669,12.372142263100162,0.3406751811259078,72.46354991552789,9018245561.914677,0.0,0.3752168422401281,0.5547130071797965,0.3016777319367001,0.221368206684317,4234487.480136969,0.0455047269732357,0.2871768900376139,0.0428412636246268,0.5547130071797965,0.4584607914966117,1.0,0.5547130071797965,0.0002581204771806032
3,0,0,0,1,0.6851193714648269,0.0750319345102127,4.015313341791673,0.0459246066838683,6.133254908830779,3.467426278461782,0.4001847858581787,81.59858750238891,16112699467.40948,0.0009199976374228,0.3548346102459216,0.5559252748538298,0.3196980037569429,0.2565672776087466,7602566.760763321,0.0511034068030871,0.270486290689139,0.0484889142646726,0.5559252748538298,0.4961155169621246,1.0,0.5559252748538298,0.00025690216924902987
3,0,0,0,1,1.893492657550155,0.0406399197739141,9.592709807846887,0.0063577491381156,7.103480286344669,5.784117198576338,0.1897094324105715,72.46354991552789,9288917770.50806,0.0,0.3869997890051667,0.5597378242625101,0.2967435920629691,0.2380171381151795,6419411.653347543,0.0440283797152169,0.2711281663264091,0.0421455855989082,0.5597378242625101,0.3817418588222868,1.0,0.5597378242625101,0.00025310797714736804
3,1,1,0,2,1.3874239201604626,0.0396668657206765,2.99779875489566,0.0874868879762359,2.054156934042421,1.111920474954612,0.1890646733567546,84.28045959219992,16432920393.909569,0.0012997412947697,0.2310139466446357,0.2404374753937986,0.19273619348062,0.1604140699725511,4915803.248633279,0.0185736201386995,0.1057301503442443,0.0183426632289859,0.5618799238727297,0.3997533805323746,2.336906603067842,0.2404374753937986,0.0002510008320087393
2,1,0,0,0,3.2593174846134487,0.0296280490608056,1.5145928240034876,0.0846228869916908,4.108424013064314,2.3807066542256816,0.5319451275885703,113.71257078847856,12642633429.125242,0.0014383542252585,0.430430946477506,0.5633423674087117,0.2719405167315155,0.1684201259967302,132576.69127143885,0.0369758223201018,0.2198372975247192,0.0351941217357,0.5633423674087117,0.7185553721342396,1.0,0.5633423674087117,0.0002495723376575011
4,0,1,0,0,0.8208558207322674,0.0678369227820313,3.729830996265089,0.0155187369667812,7.823100277619068,2.6141146570086624,0.7234033544336683,113.80999240675868,11243707791.817936,0.0,0.3917230672026942,0.5640645483920084,0.2969236914599288,0.2502077040195407,8517194.80737759,0.0440818392750955,0.2520840366976704,0.0429218785427048,0.5640645483920084,0.4575484258731306,1.0,0.5640645483920084,0.00024886992286546664
1,2,1,0,2,4.383429089562732,0.0428694818018574,0.8656846966327933,0.0352692937357472,0.8868026310138376,1.3437970768961165,0.3329136276431711,101.37417409614189,17037602260.689442,0.0008621969591447,0.3618464449058103,0.5657106738998952,0.3233020029316026,0.2710400963534537,11553529.66826126,0.052262092549793,0.2142028873850723,0.0507429793741011,0.5657106738998952,0.5345463364218225,1.0,0.5657106738998952,0.00024727623189567415
3,2,1,0,2,0.9251206026319287,0.0260495741543395,2.980290812457368,0.0654751532177162,9.81685568825079,18.981533392313548,0.3258130469735963,64.86144683041009,17515435725.867188,0.0012709524442941,0.4008668229797826,0.5683803575369166,0.2926017355023624,0.1967664226294678,532969.4947876731,0.0428078878094972,0.2560627112045649,0.0409361851645221,0.5683803575369166,0.4954801740922762,1.0,0.5683803575369166,0.0002447132548039752
4,0,0,0,0,0.9792288645129767,0.0483187461296308,8.990808002138632,0.041735138259116,9.72788116121975,5.695622006180718,0.5585858570683808,122.0864951396733,9897416429.453598,0.0008898510813177,0.3633652037685065,0.5685906969311819,0.3179057602795479,0.2278449454202447,4651573.879401945,0.0505320362094586,0.3171536379299774,0.0470084486363304,0.5685906969311819,0.4653025802810019,1.0,0.5685906969311819,0.0002445124551788422
3,2,1,0,1,0.5176045016615985,0.0687872900482602,1.8879133319406527,0.0086786011539526,4.766092756548982,15.453777567801415,0.7770823658971178,64.4678080823712,12878636494.962034,0.0,0.3900282205243372,0.5702886898094559,0.3034212761076048,0.246559175871626,10189459.526251372,0.0460322353973836,0.2247150657346558,0.0447646844571898,0.5702886898094559,0.3083039095998142,1.0,0.5702886898094559,0.00024289749544916637
4,0,1,0,0,0.8356168591202249,0.0677744051394553,3.737448720217797,0.0156911268310327,7.661202203827225,3.807835740889809,0.7217927868843,113.55286278292678,11244889010.368158,0.0,0.3898020894925191,0.5719131829091489,0.3022239055529862,0.2505939282041974,8064478.284344716,0.0456696445438501,0.2649287226371905,0.0443480366492427,0.5719131829091489,0.4574910449525205,1.0,0.5719131829091489,0.00024136242619009841
3,2,0,0,0,0.3401873732700078,0.0855811756827009,3.7822176751943264,0.0321146857828565,9.453334229289885,6.687368438768083,0.0251612803474833,86.38608691730404,12416468215.74374,0.0011050639769653,0.3910403239738915,0.5722291304643933,0.304559862375522,0.253237943483525,10347643.983707432,0.0463783548850984,0.2117656903731241,0.0451873571277448,0.5722291304643933,0.3804453863338438,1.0,0.5722291304643933,0.0002410649994820114
4,0,1,0,1,1.593775428294523,0.0915251839614457,3.6740080888313535,0.0142985641676339,3.7784906717796014,6.1000492728961735,0.7483871451781149,127.426591619073,15471424489.909172,0.0,0.4018246210073543,0.5733504330838172,0.2942435232385949,0.2288501488830064,4996956.953672574,0.0432896254839307,0.2654033196676681,0.0414785475206432,0.5733504330838172,0.4778456786353866,1.0,0.5733504330838172,0.00024001238312580122
4,0,1,0,2,1.6266429354636471,0.0862036013614154,2.635173558165502,0.0129987608830933,1.868697030427452,19.550463271978824,0.1504327668160505,107.05629100627344,10609429395.850048,0.0,0.3966359321421374,0.5750460707925783,0.299129430184709,0.2418363186075611,5971299.002305357,0.0447392080013143,0.2628372087467561,0.0431388491402258,0.5750460707925783,0.4561663425714263,1.0,0.5750460707925783,0.0002384293370503216
4,0,0,0,1,1.0711883323463998,0.0237731782171181,1.0355213626123063,0.0799425819355702,9.60368368541794,15.908898622447795,0.3031668879076019,118.88493367131056,15159574214.628595,0.0008109818416886,0.3700246695137977,0.5750857596022879,0.3219126978204016,0.2830788363282255,11807964.159158412,0.0518138925090046,0.2232580845734038,0.0503063050304984,0.5750857596022879,0.5488618654490394,1.0,0.5750857596022879,0.0002383924089337435
3,2,0,0,1,3.698940382183565,0.0959465182075213,3.401511187358374,0.0712824723142467,0.5614425227776162,2.3345234267909376,0.3402926754096896,73.67714617999393,19526706252.046654,0.0013124195476393,0.3520499640181045,0.576796416734164,0.338648280316835,0.2928170269117116,11905818.513081389,0.0573413288807748,0.2133740565863278,0.0555610179294439,0.576796416734164,0.5014491832840762,1.0,0.576796416734164,0.00023680616665745584
4,0,1,0,2,3.929770942739946,0.041394394901332,2.33628550725155,0.0085568359500484,5.447105127703911,8.388668833862548,0.1457743702180842,85.38369027461519,13799395569.718124,0.0,0.3901334546725659,0.5791215303358891,0.3045873920224241,0.2084980422524476,2017748.3128645176,0.0463867396895109,0.2932884859905563,0.0436959169919352,0.5791215303358891,0.4924429368810877,1.0,0.5791215303358891,0.00023466706576575646
4,2,1,0,0,0.7636245905257325,0.0137441785585495,0.8871859822051111,0.0968827736716754,5.775142090543214,2.429004819644556,0.0756522809184638,92.70335868783236,10936023712.824266,0.0014346165279354,0.4093007458189065,0.5791904239326339,0.2926689421888601,0.2375530344503983,7799377.33438922,0.0428275548609731,0.2586333534960532,0.041373755621234,0.5791904239326339,0.2549399605789747,1.0,0.5791904239326339,0.00023460397938027122
1,1,0,0,2,0.54165881457503,0.0401147010181895,7.502935147764386,0.0950696956566797,6.4796760499260575,6.704249164938114,0.6273820938413979,126.01738597759127,16148808259.102465,0.0006701548251259,0.4106028224123849,0.5798824134886988,0.2923478081306728,0.2341188407606215,8420367.068376899,0.0427336204594043,0.255160612540472,0.0413683170013586,0.5798824134886988,0.3861087069567618,1.0,0.5798824134886988,0.0002339712592645572
0,1,0,0,2,3.421051523372746,0.0641607342895156,9.80113524391003,0.0662673365574391,7.195845042540623,19.631230389865785,0.4878406437370891,106.85729617289898,17856695514.577137,0.0005514848124214,0.300546110025397,0.5803962218373074,0.3774849951217949,0.2872120554842557,5560974.168558926,0.0712474607710507,0.4560227836119549,0.0664268634471684,0.5803962218373074,0.3899325955422986,1.0,0.5803962218373074,0.00023350256316606417
1,2,0,0,2,2.166121851577529,0.0542448694080126,6.76125601049437,0.0133724743403974,8.159938578072872,14.351438030460312,0.0295347535576545,69.83352883658772,16195926740.117325,0.0,0.2898436972572213,0.3819419426151719,0.2583147271280295,0.1685418127975701,724991.4988879801,0.0333632491256141,0.184097529011796,0.0320474414863553,0.581344862224751,0.2828449677573663,1.5220765183427074,0.3819419426151719,0.00023263967878901974
1,2,0,0,2,2.166121851577529,0.0542448694080126,6.76125601049437,0.0133724743403974,8.159938578072872,14.351438030460312,0.0295347535576545,69.83352883658772,16195926740.117325,0.0,0.2898436972572213,0.3819419426151719,0.2583147271280295,0.1685418127975701,724991.4988879801,0.0333632491256141,0.184097529011796,0.0320474414863553,0.581344862224751,0.2828449677573663,1.5220765183427074,0.3819419426151719,0.00023263967878901974
3,2,1,0,1,2.2159698825951137,0.0561220340719225,0.9862178973816688,0.0207231969425036,5.723705884518277,17.092577660590962,0.8274851934982046,60.23300174635047,14504193558.953606,0.0012158565265193,0.4010782059878858,0.5831936852822265,0.299493124058978,0.2195398912058059,1144182.5296753405,0.0448480656793031,0.2820784744899255,0.0429028963520317,0.5831936852822265,0.4429912786468505,1.0,0.5831936852822265,0.00023096713957008346
2,1,0,0,1,3.176721857810511,0.0297735599900515,1.4401004179659742,0.0861276821204697,4.115560409758136,2.5706405164351724,0.5599375079398404,113.48218761954554,12646858528.212946,0.0014478176338435,0.4404736799768445,0.5843907084337708,0.2766795356032091,0.1716060881059469,95019.98478023212,0.0382757827108037,0.2239811992298076,0.0364370762297349,0.5843907084337708,0.7643467518677259,1.0,0.5843907084337708,0.00022989067003694236
2,2,1,0,2,0.1718879414601826,0.0168409162791609,1.305632841482118,0.0769663514840565,6.248012482403071,14.975796470062985,0.5888385886529025,108.48071913803312,15054389207.94416,0.0,0.3791059781068948,0.5846202001955146,0.3151143513779031,0.2540661964810544,6498439.793576238,0.0496485272221583,0.3154589572854954,0.0474506889624431,0.5846202001955146,0.7398940439847738,1.0,0.5846202001955146,0.00022968486452455328
4,0,0,0,0,1.920459322462384,0.0538304208192178,6.776585697275265,0.0468129135075922,8.06301182730628,5.498807294665042,0.4476934198803845,106.87141394790932,9038022475.308966,0.0006650379044315,0.386338326267686,0.5858069274498492,0.3105828846547802,0.2065306154136456,2864287.276146175,0.0482308641202422,0.3081493921358461,0.0443594078975282,0.5858069274498492,0.465656107701889,1.0,0.5858069274498492,0.00022862355757194286
1,1,0,0,0,0.5116936601089143,0.0177324912202161,1.6846198579193703,0.0014984335340501,1.967349210473297,1.9392502355469956,0.2923688414910098,62.68841418733091,10498034262.213593,0.0,0.3012197366628019,0.3435208158267206,0.2240184186192132,0.1421151084534478,699262.5933887569,0.0250921259403265,0.146331120936514,0.0241625656971032,0.5867953265413455,0.2784220098580197,1.70817982348219,0.3435208158267206,0.00022774336239030345
3,0,0,0,1,0.6851193714648269,0.0750319345102127,4.015313341791673,0.0432431121245237,6.133254908830779,3.467426278461782,0.3862601463430355,82.11273085850912,9652654423.35103,0.0005043996526123,0.3717502441849858,0.5885945572800675,0.3234437289336239,0.2399222065384918,6499385.296183164,0.0523079228932437,0.3158112933524072,0.0489387919177638,0.5885945572800675,0.4618893413956725,1.0,0.5885945572800675,0.00022614979020894925
1,2,0,0,2,0.1592744320164136,0.0096736374783411,2.422870621712528,0.0272867364691425,9.03193695991056,9.330010264672923,0.1870863788183754,98.5282003266896,9615982348.526333,0.0009662658219078,0.3860028610982797,0.5888566182936424,0.3157367316259832,0.2616619131021905,10071877.019018233,0.049844841848929,0.2547878562774683,0.0483481242143284,0.5888566182936424,0.4277429521215517,1.0,0.5888566182936424,0.00022591861590113077
5,0,0,0,2,0.1771371496990053,0.0131451498270385,0.1551373191205372,0.0527615421720015,5.115230187349683,17.91497526169239,0.3907430647112707,93.15572905969157,15047146290.625109,0.0009191384439304,0.3797507192503812,0.5900823348988968,0.3181705754051322,0.2380542513429963,1590617.7028070898,0.0506162575268164,0.3106180796627431,0.0484820947956357,0.5900823348988968,0.5292198948695505,1.0,0.5900823348988968,0.0002248404966827704
4,0,1,0,2,4.589986398122783,0.0416186596351186,0.3164616340908665,0.0353263382321657,4.458338125943622,13.604426938231196,0.1800280883741654,104.60645719292047,13190476060.086618,0.0012426308927488,0.5290661704174698,1.5674546401548424,0.6610138797969873,0.5739646548964877,22725128.933955178,0.218469674642133,0.4738113639322586,0.1973204273815309,0.5908483066907884,0.3712790161061748,0.3769476267794396,1.5674546401548424,0.00022416937484126228
0,1,1,0,2,2.0895219593293284,0.0136847532497191,4.85575642814348,0.0259643639472317,7.420920012740884,19.888639651892237,0.742817443178547,113.10895247691872,12414894890.711077,0.0005765342268292,0.4349910997609865,0.5908905727862778,0.2827461188374741,0.193505291208032,165107.63688695725,0.0399726838588275,0.2407858688739889,0.0382621564267251,0.5908905727862778,0.3606070124597057,1.0,0.5908905727862778,0.00022413240091089033
4,1,0,0,0,3.834198250384865,0.0483691957590486,5.991489824378742,0.0952037913051789,0.4999270158282186,6.897808290665511,0.6885462450166959,125.41030178421032,18789576433.628506,0.0010155212570189,0.3783211605586086,0.5908993549584236,0.3253281826050117,0.2811341060221939,10465456.794001268,0.0529192131985399,0.2149860208858218,0.0515226431236306,0.5908993549584236,0.4260518925497806,1.0,0.5908993549584236,0.00022412471912544018
0,1,0,0,0,0.6974684534421155,0.0339886973835978,7.158391910937408,0.0011764650783906,3.505402701248443,18.50591622614432,0.1657180404003227,89.92972260570082,15567908804.417755,0.0,0.3312630122130163,0.7350327551568812,0.4582558631097838,0.3977541453903488,13940540.076873474,0.1049992180372464,0.2952498650081284,0.099123590445098,0.5926116778691772,0.4764846981121081,0.806238461771263,0.7350327551568812,0.00022263196547568504
0,1,1,0,2,3.3737728230086867,0.0921040212332107,5.929208854458204,0.0233220540411735,8.44391453934938,15.498964761203524,0.6230950104750321,107.81210726482792,19921304389.77145,0.0005612814363595,0.7274725365008119,1.4204150528408888,0.4186108977042821,0.2856213355321177,37078.4163725679,0.0876175418383925,0.6513778079809129,0.0814540555519027,0.5931318151324497,0.4077501045095136,0.4175764076465971,1.4204150528408888,0.00022218049661980695
3,2,1,0,2,3.6563335346441614,0.0245166034177894,2.970832598798024,0.0469186693480466,7.146900028932358,2.661253006478148,0.0733049597752241,93.79917612654316,12065581780.071049,0.001459701047177,0.3390334313073909,0.5934148157657703,0.3598604305034485,0.3101894972381304,11874248.886869634,0.0647497647210636,0.2367857120493453,0.0624633387782716,0.5934148157657703,0.5146443420272088,1.0,0.5934148157657703,0.00022193524236039543
1,0,1,0,1,0.5258085679281237,0.081664267322094,7.602536918620591,0.0326352822605062,4.667632342405407,12.195504346919249,0.3132098947392263,91.42855037705344,12671502294.59945,0.0009233486136106,0.2252416582016186,0.3097710755282489,0.2542851424352189,0.1742751501911283,1027619.4631917636,0.0323304668316497,0.1817483326934531,0.0311429734752801,0.5943609745936578,0.4605254652270902,1.918710368875148,0.3097710755282489,0.00022111724526286398
4,0,1,0,1,1.3747489830240736,0.0915251839614457,8.279846218715175,0.0142985641676339,3.824663479414367,6.1000492728961735,0.772172323338293,127.426591619073,15471424489.909172,0.0,0.4172788932999451,0.5957203031226452,0.2960513336435157,0.2428734108110745,5829246.848668389,0.0438231960760521,0.2642372094287635,0.0423553094915618,0.5957203031226452,0.4068876610326141,1.0,0.5957203031226452,0.0002199473186739796
2,1,0,0,0,4.175947374850393,0.0192535747464154,3.441563576061003,0.0646379979870385,5.845199135986547,14.834266411579907,0.1046024702052532,101.89606275138954,10679368422.047165,0.0014955118118867,0.412666933295978,0.5974940382850927,0.2992987743507783,0.2006347932200722,1077947.4723938175,0.044789878163939,0.2817760616898593,0.042469829452444,0.5974940382850927,0.6531115562664523,1.0,0.5974940382850927,0.00021843003013216676
1,1,0,0,0,0.1190277808894284,0.0312416303193446,5.897151965027218,0.0064644253545501,1.7001409380000927,5.023208688749578,0.8432282946297082,89.06793239476148,19532289162.665382,0.0,0.4101368554076792,0.6014084196037291,0.3028588664438418,0.206873654472153,565323.349643532,0.0458617464918244,0.2899798704745397,0.0439157137833558,0.6014084196037291,0.2977451433117636,1.0,0.6014084196037291,0.0002151185248041526
1,1,1,0,2,2.8892632276181893,0.0106596881869419,1.6710010022605526,0.0919290947946465,2.096058033471608,2.137654614028373,0.3204929052125347,95.89734451034144,10579825229.090569,0.000800466227086,0.4339012942354137,0.6019539238609628,0.2888404338868335,0.1767497313256013,311302.13656794664,0.0417143981239671,0.2514116408592214,0.039573660183893,0.6019539238609628,0.3973058201376539,1.0,0.6019539238609628,0.00021466103989484654
4,2,1,0,0,2.0800010900090347,0.0069373927853105,1.8366680944949767,0.0730815459229992,5.256060245198538,1.837756039752758,0.1839517182483256,111.595205963162,10181106889.743362,0.0013989163564724,0.4549572256865197,0.6022096913895513,0.2764818728103707,0.1693535270739146,109517.84766854324,0.038221112996365,0.23236052417794,0.0363921576169477,0.6022096913895513,0.8704875530658378,1.0,0.6022096913895513,0.00021444687665469732
3,0,0,0,1,0.6096673060161442,0.0892429778292937,5.403426478367765,0.0055834837924357,6.994695551555601,2.3655272688363187,0.3995311929640872,71.15808781939519,9484118803.893148,0.0,0.3991653768983699,0.6025096921243869,0.3145985284678104,0.2610296285622352,10903426.287147207,0.0494861170570558,0.238344629793221,0.0480963256316553,0.6025096921243869,0.3761891970534305,1.0,0.6025096921243869,0.00021419594765362596
1,1,0,0,2,0.1609166941551927,0.0891326576177424,8.408108742864936,0.0957817266682598,7.6070710184394335,1.0786162063645222,0.5215652909526077,113.17654147030214,19395907667.265938,0.0006015044157235,0.3811429646321483,0.6034615829940668,0.3316677614036648,0.2661375064918651,12635252.807550209,0.0550017519772591,0.1966288401935216,0.0530695366925115,0.6034615829940668,0.4877957171681609,1.0,0.6034615829940668,0.00021340170171667004
1,1,0,0,2,0.1609166941551927,0.0891326576177424,8.408108742864936,0.0957817266682598,7.6070710184394335,1.0786162063645222,0.5215652909526077,113.17654147030214,19395907667.265938,0.0006015044157235,0.3811429646321483,0.6034615829940668,0.3316677614036648,0.2661375064918651,12635252.807550209,0.0550017519772591,0.1966288401935216,0.0530695366925115,0.6034615829940668,0.4877957171681609,1.0,0.6034615829940668,0.00021340170171667004
3,0,0,0,0,0.5236492539136443,0.0661464156431125,8.562774699426269,0.0962213411260784,2.381198342167941,2.2139116830742327,0.3029914486228255,120.0125135141832,18655720009.659,0.0013284699226745,0.3584682607192077,0.6046299566727623,0.3474481767569471,0.2957992006046727,10196681.205310917,0.0603601177658634,0.2685745858477929,0.0579408527455836,0.6046299566727623,0.5462260566107899,1.0,0.6046299566727623,0.0002124308500063498
4,2,1,0,0,1.9443912793006213,0.0499848558152677,2.587422280344984,0.0639431933595282,3.810223141198003,1.1811093200014682,0.4490396717748286,65.29268875193515,15029103898.238794,0.0014666140141747,0.2367302034872491,0.2596928915498973,0.2046548820921332,0.1688767194020979,4426426.7539420575,0.0209418103820724,0.1192923774406552,0.020574779845629,0.6059666322494862,0.3841444025184312,2.333397070027448,0.2596928915498973,0.00021132556483222133
1,0,1,0,2,0.5739132000396824,0.0155805585476966,0.1018283050338716,0.0682248167847412,9.95318921125814,11.727055442335493,0.4217551922442867,98.34163532860843,10369307958.776306,0.0005301037872301,0.4035612775886888,0.6061110843068825,0.3113164099144044,0.2563567807904134,9283290.691659795,0.0484589535409967,0.2738463573433964,0.046944170133477,0.6061110843068825,0.3248502455348911,1.0,0.6061110843068825,0.0002112064635640469
2,1,0,0,0,0.2098280489632216,0.0275400473403294,6.051598335872872,0.0751693294263974,8.78953669125517,2.9758817934591826,0.620214900948908,93.02833324672171,12566063150.63946,0.0010197516393634,0.2379790961511419,0.2470226253014322,0.1936669968183488,0.1259104122140171,146045.26710582123,0.0187534528283191,0.1053353621375039,0.0183846996978744,0.6066652453802186,0.6306909748622512,2.455909634350004,0.2470226253014322,0.000210750178025427
4,1,1,0,0,4.452876184443246,0.0360381821840273,8.693549001045241,0.0966855859904867,4.482455967816597,5.782863448705018,0.0233786143778299,89.03970590049573,12616549832.74632,0.0009451089164264,0.3639398937696056,0.6067182515795569,0.3453522203715367,0.3018831419239797,10511747.11157084,0.0596340780577752,0.2441975018262234,0.0577412570734463,0.6067182515795569,0.4846374479311734,1.0,0.6067182515795569,0.00021070658543043117
2,1,0,0,0,1.7618464864723873,0.0269686274224323,8.469530788297677,0.0711700287420075,2.8249710781024864,4.244651440653456,0.1806511659484796,92.46759048763776,17354469236.014454,0.0014131956493362,0.3342048741964984,0.4090230505582277,0.2455108427544483,0.1565808651209708,230963.75083445877,0.0301377869549997,0.1719967227784308,0.0290323189552845,0.6069376207346368,0.7531746020970737,1.483871434400332,0.4090230505582277,0.00021052627086648904
3,0,1,0,1,4.41945718249994,0.0235444244037051,2.091620488154184,0.0090356213320007,2.8943270986440925,11.984705472407253,0.1622057392388629,64.77542854725102,9300396242.091782,0.0,0.4043911209840585,0.6072251887154236,0.3095013880596324,0.2106993256399412,2953078.3530571456,0.0478955546054196,0.3055778911964979,0.0446497419171932,0.6072251887154236,0.4442649011699419,1.0,0.6072251887154236,0.00021029013270707224
2,1,0,0,0,1.584066846022653,0.0692651769682892,0.2838304017431282,0.0481257646390217,1.727691002885174,8.50043559427229,0.2579164283132603,88.15077385208521,9755846704.42318,0.0013528521794801,0.3446956969053336,0.6095883036340211,0.3672449083263849,0.3043697081302519,13023286.138515124,0.0674344113458274,0.1987001798021999,0.0648070281247353,0.6095883036340211,0.6252255075407218,1.0,0.6095883036340211,0.00020835965110953679
2,1,0,0,0,1.584066846022653,0.0692651769682892,0.2838304017431282,0.0481257646390217,1.727691002885174,8.50043559427229,0.2579164283132603,88.15077385208521,9755846704.42318,0.0013528521794801,0.3446956969053336,0.6095883036340211,0.3672449083263849,0.3043697081302519,13023286.138515124,0.0674344113458274,0.1987001798021999,0.0648070281247353,0.6095883036340211,0.6252255075407218,1.0,0.6095883036340211,0.00020835965110953679
3,0,1,0,1,4.352320316669841,0.0213729883159018,2.063916000891354,0.0085113923147337,3.075783908721847,12.175146958310188,0.1473713623207773,65.12724221424048,9234686493.200714,0.0,0.4115631655894944,0.6131216035313163,0.3077815699163478,0.199590008885381,2482768.1850056443,0.0473647473900858,0.301413921889772,0.0440222660891276,0.6131216035313163,0.4509391119048654,1.0,0.6131216035313163,0.00020550622735531415
1,1,1,0,2,2.1131799325082943,0.0175641363837746,2.89711468162942,0.0940102487799632,2.2207146842255137,2.38478747562673,0.0528773908533399,95.15926671494675,11025695661.03859,0.0009764225752199,0.4545960402451528,0.6157661941107256,0.2833675037776496,0.1703728224082467,166799.95002502698,0.0401485710985881,0.2394916922125993,0.03809500714891,0.6157661941107256,0.4736853900993289,1.0,0.6157661941107256,0.00020339610707090659
2,2,0,0,2,1.9200853337571149,0.0177557558049368,8.467812868666215,0.0433481973439192,9.742570286580255,2.0946798533316247,0.8175113694840257,109.47494021200484,16014241988.608658,0.0014473048315641,0.4294676904079479,0.6167522036533444,0.2983762092823704,0.208259309900171,259628.65414646367,0.0445141811328584,0.2778892334475633,0.0425910854215838,0.6167522036533444,0.511997537253694,1.0,0.6167522036533444,0.00020261492647149454
4,2,1,0,0,2.2399678724817345,0.041696284688451,0.4123409894683535,0.0654906798014261,5.431769643704031,15.853121091494229,0.076243069097399,119.06456156255824,11434680068.65964,0.0009800362377902,0.3979919740944335,0.6174048396176017,0.3199781251333858,0.259290863030224,7980535.401595565,0.0511930002819383,0.3101305735057822,0.0492218115147871,0.6174048396176017,0.3189124511568065,1.0,0.6174048396176017,0.00020209951687286682
3,0,0,0,1,0.6011414514482877,0.0068771848220025,7.941618519648893,0.0041977825819576,7.111834581669711,2.2661183154773594,0.4399760472826569,70.22205445436275,9382901653.138569,0.0,0.0954709327122484,0.1436209370284591,0.159185052778125,0.1086273951658435,203935.96690246928,0.0126699405139872,0.0581319701148226,0.0124584597900002,0.617465152894436,0.7043307104239708,4.299269769922768,0.1436209370284591,0.00020205195158663243
2,1,0,0,0,1.64010807715869,0.0934279004739405,8.755551398062755,0.0986426280345985,4.273245806714964,2.330717435546016,0.8085022442695029,127.54537191918716,14718789474.650244,0.0008876005407633,0.1970102489337958,0.2786620883802313,0.2519918540369635,0.1838241851569197,2700086.64150481,0.0317499472504931,0.1784973522998192,0.030598946189567,0.6193180863154537,0.4064325272741105,2.2224698376278624,0.2786620883802313,0.00020059610183403834
5,2,1,0,2,1.0261682978886608,0.0648167482529661,1.3881248918349922,0.0478969823285873,6.050215147407529,5.519970341228013,0.4713936979304755,66.47837106106199,15402514671.69,0.0013309750542594,0.3684709509581537,0.6194610248624842,0.3412627932829949,0.2505273504251209,1882716.0580435465,0.058230147039656,0.3833515498891467,0.0554246501396538,0.6194610248624842,0.4341150750180724,1.0,0.6194610248624842,0.0002004842318050886
1,2,0,0,2,4.307122179947916,0.0061380917284477,2.9829603151496658,0.0363396098072491,5.342814886248432,13.245903705996753,0.1365574246485728,78.84891281484205,12715118960.019838,0.0005400422504513,0.4180758100102661,0.620043456100773,0.3098176384049232,0.2603034827130603,7989966.318862089,0.0479934845334018,0.2511305163697781,0.0465530925514077,0.620043456100773,0.3376283313333265,1.0,0.620043456100773,0.00020002904001975547
4,0,0,0,1,4.497766300002249,0.0062785137047938,6.520867096217718,0.0292972275541032,5.456496172816128,14.844245287977978,0.0583469403358041,104.88508805496656,14371323858.737003,0.0,0.39482725388781,0.6221544196796799,0.3237614412465012,0.2318610553648731,8931314.778509395,0.0524107354190058,0.3353994913101785,0.0494090836133536,0.6221544196796799,1.6220629921525118,1.0,0.6221544196796799,0.0001983878869237278
1,1,0,0,1,0.7544693911970731,0.0178396754445241,1.3629438474553432,0.0249290747157466,2.060998919947025,10.887403511399013,0.3119254520977084,72.76894070611164,9192343750.177296,0.0014694382205778,0.438488703358775,0.6245846091858942,0.2965441330014096,0.2072923709704025,290842.6548773544,0.0439692114087788,0.275713476790085,0.0421631627155765,0.6245846091858942,0.4911590677935732,1.0,0.6245846091858942,0.00019651522031062825
0,1,1,0,1,0.1961194254331525,0.0757272991821706,3.5695350591065487,0.0904710557875404,4.56444608424963,16.05623487886077,0.063126378042118,108.09693717705154,16533582912.901163,0.0008284114452258,0.2756821432705861,0.5332385372287816,0.3704905015822523,0.2904958571675273,4433673.375931587,0.0686316058813344,0.4542852119356785,0.0646446648484772,0.6253507588613765,0.4250487616981682,1.1727411190333286,0.5332385372287816,0.00019592850999437106
1,2,0,0,2,0.3130460016155435,0.0061380917284477,2.8872553231943403,0.0363396098072491,5.342814886248432,13.245903705996753,0.1365574246485728,78.84891281484205,12715118960.019838,0.001081322647753,0.3581370359901476,0.6262431093647273,0.3641275309215085,0.3167641112856928,12561906.574819751,0.066294429387497,0.2200707077026027,0.0640712586101343,0.6262431093647273,0.4448961906241361,1.0,0.6262431093647273,0.00019524736412588703
1,1,1,0,2,0.2002850670847726,0.0272296147335738,3.1397485834076666,0.0448474104552725,9.678942240629064,17.234527477798643,0.3713472350459324,75.19293490957202,13577565499.059086,0.0012187129669958,0.3290430209594786,0.406436825068657,0.2489760543830155,0.1972976827746879,9508796.181747038,0.0309945378280671,0.1439204593051862,0.0303628072072417,0.6266348278456203,0.4296730589491737,1.5417767022950406,0.406436825068657,0.00019494910733151892
1,1,1,0,2,2.871110703834693,0.0111423907157286,1.4369626325053668,0.0928090056268224,2.2172599069945758,1.2395021209312749,0.3099875832946128,95.74212485482091,10595835656.748102,0.0007818110500656,0.4488615695377749,0.6272429475924558,0.2922434021176037,0.1836346320061072,173206.8170848676,0.0427031030406357,0.2543334378695325,0.040552946892658,0.6272429475924558,0.4578751869479078,1.0,0.6272429475924558,0.00019448698374993842
3,0,0,0,1,1.76403641514232,0.0426977894932085,9.956071126328368,0.0560999039671188,6.675131625540325,6.780076413644474,0.849641749579865,82.54929190027612,10670747201.497965,0.0006030265109013,0.4107175578180613,0.6287528323107866,0.3163818117987584,0.2054502152000713,3238081.8014229657,0.0500487254185324,0.3163256123914679,0.0459119735379829,0.6287528323107866,0.4899053914524273,1.0,0.6287528323107866,0.00019334432006776225
3,0,1,0,1,0.6049078999614672,0.0882584072771816,5.267512733609098,0.0043930093537321,7.106252742883682,2.2404943536097703,0.41562143911201,70.25208088022356,9391333158.558094,0.0,0.3789425241268855,0.6292615438773133,0.3487027388262788,0.2890039268497825,12027286.63325731,0.0607968000324739,0.2015944801179915,0.0587037956502766,0.6292615438773133,0.3743184264718461,1.0,0.6292615438773133,0.00019296084686773622
2,0,1,0,0,0.2249137784854643,0.0284483026204956,7.387831256869028,0.0587024443815144,6.578340295721803,7.568394700053254,0.8232864596013738,108.08095989238576,11856861259.751867,0.0007136937797758,0.3858484122253672,0.6293482335924422,0.3386571777362054,0.2696996803556862,10312069.909026256,0.0573443420161259,0.2764314610547415,0.0548443378487526,0.6293482335924422,0.4064331730651772,1.0,0.6293482335924422,0.0001928955749556304
4,0,1,0,0,3.776996906986525,0.0760472831166407,2.837104831011521,0.0728152801987248,2.165395673769459,1.198899988835516,0.6911000936152537,83.1308637603011,10393842358.625088,0.0008329507422392,0.38210982788616,0.6297337220679674,0.3410844493299453,0.2801154486579835,9545947.199216643,0.058169300787356,0.2923045735704456,0.0555878576352849,0.6297337220679674,0.4251231309316686,1.0,0.6297337220679674,0.0001926055936192487
1,1,1,0,2,2.857599625671956,0.0098766776571695,1.6700632516397187,0.0932051358540827,1.9991003484102805,2.245188502615467,0.2978665850827574,95.51529867625014,10935115707.509825,0.000802107423785,0.4564838522803967,0.6332108697136704,0.2905009830969046,0.1810209250236614,175778.20854435,0.042195410590134,0.2521952540645523,0.0400444578855722,0.6332108697136704,0.4075093319789592,1.0,0.6332108697136704,0.00019000955196992372
1,1,1,0,2,1.707154355961699,0.0110339014936683,1.6793671993144077,0.0905843892262754,7.991819191405136,11.976531177932776,0.0815886291299184,99.37067103439854,10385838809.542711,0.0006569060234088,0.3943914640665424,0.6342607690642224,0.3319048357555361,0.2749466444180731,8433758.122734424,0.0550804099989547,0.3227061923233429,0.0530366334316822,0.6342607690642224,0.3424717073240003,1.0,0.6342607690642224,0.0001892325954998876
1,2,1,0,2,2.941665431912017,0.0105458388815182,1.6242774132326452,0.0920333745065109,1.958908414599738,2.4391139297834403,0.3187101028585141,95.5661987149765,10718473270.330006,0.0007987952730926,0.4675808436249702,0.6352096412589624,0.2846444953673658,0.1815740860924088,164601.51934026685,0.0405112443714711,0.2487150581302326,0.0385253794063008,0.6352096412589624,0.3445044005078582,1.0,0.6352096412589624,0.00018853313561241125
1,1,1,0,2,2.8880223436393218,0.0106719161073116,1.66721002134326,0.0919160119728702,2.0993355245421905,2.1329070772277525,0.3207847138916763,95.87548008627944,10582171681.88963,0.0008006977394554,0.4572274596764273,0.6354466595395626,0.2911163934724128,0.1819069214762497,177092.80417689864,0.0423743772741923,0.2532800742529226,0.040213490074876,0.6354466595395626,0.39586553924827,1.0,0.6354466595395626,0.00018835882183532808
1,2,0,0,2,0.3463207099909495,0.01402986979839,4.949848347975052,0.037335063581821,9.93871602761658,1.4230271588704784,0.0165808386813706,61.43253968166516,11693357995.569868,0.0013409727556628,0.4633594598433003,0.6358711392818214,0.2874929335368241,0.1835295609787272,156232.59741746116,0.0413260934168043,0.2514995170046106,0.0393204876881075,0.6358711392818214,0.6419436003039938,1.0,0.6358711392818214,0.00018804704324972295
4,0,0,0,0,0.1615381820342833,0.0434892261248229,6.857538404355968,0.0513550944562931,8.37846404499324,2.0749501364310774,0.3958803269019855,117.43264534935234,9535729643.521397,0.0007178910510139,0.4845617895374149,1.1095094266114762,0.5004273434389217,0.4121787895253391,13920305.790298842,0.1252137630306682,0.3730549801496703,0.1166340373658591,0.6358779831123628,0.4018634320586421,0.5731163412053029,1.1095094266114762,0.0001880420207145875
4,2,1,0,0,2.3261707912503105,0.0363083952582674,0.3600058685658988,0.0898830861615806,8.151657688623715,8.85958687000384,0.0566855091602742,71.4027373041725,13850244514.043774,0.0011836882708159,0.3952728027289321,0.637947175121123,0.3331220436894643,0.2755754213983839,8408071.380104648,0.0554851479959226,0.3265287760924652,0.0533610501387985,0.637947175121123,0.3402924740422625,1.0,0.637947175121123,0.0001865296217937902
1,1,1,0,2,2.952034813824969,0.0112454546884576,1.7686873536251135,0.0939321684639711,2.001444837436398,1.9634701971590092,0.3462707519079925,94.638470900518,10701299404.81124,0.00081786118682,0.4593782208218114,0.6385370285603407,0.2912716324557592,0.1810459432474861,160648.846451484,0.0424195819367214,0.2541451333429468,0.0402567709737078,0.6385370285603407,0.4348270986085433,1.0,0.6385370285603407,0.00018610072265604037
0,1,1,0,2,2.722488602196507,0.0539164007419864,1.1368089634117804,0.0350550200741781,9.36232435811445,18.706083505518457,0.4037509211180646,81.35862804060372,18617111479.282684,0.0005560007492502,0.3747508805146609,0.6804179788974111,0.3698455402253738,0.2968543363110991,6779517.996296378,0.0683928618122993,0.4355349114877525,0.0647071350481758,0.6394262514708738,0.3933351716051782,0.9397550789399148,0.6804179788974111,0.00018545600677199336
4,2,1,0,1,3.1326647574190547,0.0874090338449283,0.7446544915535058,0.0813289677414686,1.5851824041371847,15.624518703557168,0.7247570287846637,106.63969470034304,16814582629.583588,0.0012044393185129,0.4226767567999929,0.6410658164818686,0.3184281804110872,0.2714494592248797,11075317.808821946,0.0506982530399579,0.2458724622001453,0.0493139733924471,0.6410658164818686,0.216317737005023,1.0,0.6410658164818686,0.0001842731181515684
5,2,0,0,2,0.2306821225768809,0.0120847261906429,0.1888193888628888,0.054856416685866,5.131872903433213,17.720283442541906,0.3677807988994703,91.58174523038862,15005204230.586418,0.0009004719201846,0.4037206683626534,0.6421390338166029,0.3278296528805203,0.2387178090421876,1378990.1928383484,0.0537361406538812,0.3433986508300137,0.0513502651807042,0.6421390338166029,0.4546561558123337,1.0,0.6421390338166029,0.0001835029181718406
1,2,1,0,0,3.8186956172335287,0.0217292743422315,0.2496553295892177,0.0795128523522325,4.945618854911208,2.080755974864991,0.5262047780170008,103.09346162196044,12478219275.897957,0.0008938657857552,0.3924581367364513,0.6434195190948964,0.3369842489654754,0.2693908483630545,7353951.107892042,0.0567791920254127,0.3547635901023882,0.0542374524829104,0.6434195190948964,0.33776929379145,1.0,0.6434195190948964,0.00018258818192615125
4,0,0,0,1,4.733803566513809,0.0283255908497369,5.398438445304718,0.043849408342671,8.327865405390195,13.025132603763426,0.1837528022454546,71.18121534327271,9036411280.800816,0.0010307322280143,0.3333095197162291,0.64347082327447,0.3961146152828016,0.3578535191426796,12444396.576028232,0.0784533942203209,0.2793600128234863,0.0755801500599546,0.64347082327447,0.6156737904939404,1.0,0.64347082327447,0.0001825516270799827
4,1,0,0,2,0.2170190378445532,0.0103384587045769,3.50640690029545,0.0726832764052242,4.472804777577523,9.601617926241609,0.6021890465644015,92.8489190556787,11197931742.284952,0.0008183056784427,0.2899108671576076,0.3431200751514826,0.2311251167954975,0.1450109215689227,690132.9098510646,0.0267094098068661,0.1542336569049653,0.025692938746637,0.6442007436210189,0.6897377783636571,1.877479023448609,0.3431200751514826,0.00018203234208234546
1,1,1,0,2,1.7520807556583038,0.0104320758587687,1.6921977598835305,0.0990926315684338,6.898881557363076,10.18200976399302,0.1066057362277186,108.84783044164568,9565318483.850395,0.0005903256892175,0.4573919267856196,0.647043189618675,0.2964165527822273,0.1839891969655855,221537.2295322024,0.0439313863816494,0.2637983872551589,0.0416377702694335,0.647043189618675,0.3921543977449454,1.0,0.647043189618675,0.00018002418729967133
2,0,1,0,2,0.7551199659475756,0.022782551479643,7.485247302696488,0.0933726861729954,7.2393852036447,13.472063173998194,0.4469119945421304,96.653746912281,12518737497.880066,0.0012715158474267,0.4134043844281473,0.6488351661649405,0.3249355105235614,0.2694701712839384,7218775.22444161,0.0527915429996037,0.3288488273478409,0.0507299403806123,0.6488351661649405,0.5397948834110111,1.0,0.6488351661649405,0.00017876957809340337
2,1,1,0,0,4.405500338419375,0.0155807394340289,6.98785393339529,0.0265386871076243,3.1720647809605778,7.345462122846235,0.2864530357775922,101.17523583971855,11517154189.57923,0.000591018512494,0.2872322652192156,0.3524915989658887,0.2394589317413994,0.1593016068210394,476955.0727190778,0.0286702899953661,0.1647190095090042,0.0276687261911006,0.6488355815864538,0.5104686924433508,1.8407121857370643,0.3524915989658887,0.00017876928826211108
0,0,1,0,1,1.636788851752462,0.0529645721658868,8.993061108283843,0.0011674488096547,3.356304289111698,6.790725872401802,0.808465287186874,111.60661981572514,19861911288.73716,0.0,0.4294840643979967,0.6496062498669605,0.318353156954173,0.2664224918246277,11642690.40741261,0.0506743662713441,0.2421702969820864,0.0491899720839332,0.6496062498669605,0.4374124475121969,1.0,0.6496062498669605,0.0001782324166035341
3,2,0,0,1,4.595017081709098,0.0960665507879942,5.633680137859026,0.071016659710154,0.8787795570860043,8.27025941285705,0.4212294416964455,69.02677978894292,13739197728.754995,0.0012941057450025,0.3840474508976215,0.6497953632907305,0.3547477754834542,0.3018487263245974,8598680.410120353,0.0629229921052296,0.2344213429837678,0.0608096644288213,0.6497953632907305,0.4851767380222272,1.0,0.6497953632907305,0.00017810092082095217
4,0,1,0,0,3.934516957773168,0.0359313057675217,2.795025032923379,0.0645925897160452,8.535236363512752,16.44900572345891,0.5165057432142873,128.69381510508154,11988592733.38695,0.0009442337768088,0.4042385032198887,0.6515413597453116,0.3333152505717092,0.2582837355509197,5335743.791749781,0.0555495281318406,0.3344993630898831,0.0522403929832527,0.6515413597453116,0.3998810402154357,1.0,0.6515413597453116,0.00017689145462803475
2,0,0,0,0,0.729810603248367,0.0998726619248387,4.998390435517546,0.0652682920894712,4.216451917846929,4.77640942023546,0.3963774001587972,63.190632637324,9021406543.14396,0.000771406899255,0.1981101207025456,0.2921341515243246,0.2623354536901393,0.213791452013241,3563495.8219778542,0.0344099451314056,0.2075463207829808,0.0334984676055817,0.6522409942255252,0.561682420911168,2.2326762921151184,0.2921341515243246,0.00017640912014686662
1,0,1,0,1,3.297016414340119,0.0990509958875464,2.5887317868395643,0.0254767722549184,7.098756731967427,1.5479794094228831,0.2901975839812957,98.84360881421128,16519432215.313824,0.0014387062370081,0.3532346569061444,0.6544198605724945,0.3861212183545445,0.3260147801129454,13902672.95616681,0.0745447976317989,0.227597387478812,0.0714933238381437,0.6544198605724945,0.6032332753653328,1.0,0.6544198605724945,0.00017491539921794566
3,0,0,0,1,0.6011414514482877,0.0880190772540567,5.26430565804265,0.0041977825819576,7.111834581669711,2.2661183154773594,0.4162011785553665,70.22205445436275,9382901653.138569,0.0,0.3993423347485432,0.6550590228528779,0.3460368179932328,0.2875955859092284,11599553.59264341,0.0598707397034408,0.2173787873969899,0.0578048086456786,0.6550590228528779,0.3763536336633455,1.0,0.6550590228528779,0.00017447962587484276
4,2,1,0,0,0.5045710171303653,0.0186234005897147,7.9761136259049294,0.0540771031941644,7.097388426510974,8.67741527558553,0.3600302478512514,114.93349442727448,14552910740.37898,0.0010556077031378,0.4285404500662689,0.6558173230734619,0.3189701032356253,0.2215769483428493,284110.5030909413,0.0508709633790727,0.3021378183007029,0.0484612747692444,0.6558173230734619,0.5103050227701759,1.0,0.6558173230734619,0.00017396403352780993
1,1,1,0,2,0.2475359786622507,0.0482000569096035,0.39065746621874,0.0630996632488361,9.594622350725135,1.8090456321228132,0.3862195220657192,93.24003167054651,9600460109.00616,0.0012293201996722,0.3905015332946658,0.6571289449352711,0.3462643429682561,0.2860287620024337,8106117.868815435,0.059949497605619,0.3615963289326929,0.0574132083531608,0.6571289449352711,0.3890270430831872,1.0,0.6571289449352711,0.00017307581449716315
5,0,1,0,0,3.0283206176684367,0.0258698626312239,1.7675108869529106,0.0150565374420925,7.919517269793716,7.755754255506495,0.6865391669002069,88.10257738181873,12764031724.26119,0.0,0.4270005960986008,0.6601008147263687,0.3206503495328227,0.2210269497937904,1745540.2797093096,0.0514083233277607,0.3333441335444262,0.0480954070103141,0.6601008147263687,0.4665513534316015,1.0,0.6601008147263687,0.00017108003253837073
2,1,0,0,2,4.803807721318018,0.0786436399656679,5.320890599808889,0.0349248555114476,4.100988266695096,16.940221171586447,0.3730112306929161,120.22165452375678,9938086765.55547,0.0014720989203192,0.3356368528797285,0.5608104442884927,0.3357842713584378,0.2410574680553535,1814299.9010545337,0.0563755384458585,0.3363285756662897,0.0528931242039617,0.6602327240485745,0.6318428724942606,1.1772832171237826,0.5608104442884927,0.00017099198320807827
3,2,0,0,1,0.1207794926405762,0.0449928580475219,6.105904526077044,0.0611116229812023,9.695052958649388,3.784456090411348,0.0442911424912986,60.635809380836974,12473089482.72455,0.0012319057762378,0.3871123058458555,0.6603044079529305,0.3568184596182607,0.3184746017307286,10536372.717855323,0.0636597065621741,0.2610572122740566,0.0615860012959302,0.6603044079529305,0.4745673361264322,1.0,0.6603044079529305,0.00017094415328524417
5,2,0,0,2,0.1489600735552118,0.0284520036044205,9.61275576987208,0.0513255915409538,8.575251479878974,2.1051867203227315,0.1539870316456822,77.77496922610598,11815083925.197996,0.0013930848940833,0.3742170647021567,0.6605758165491626,0.3673286813475544,0.3249669839262786,9735410.12868413,0.0674651800702665,0.2786399754285454,0.0649651735370945,0.6605758165491626,0.5331352751566552,1.0,0.6605758165491626,0.00017076318149181424
5,2,0,0,2,0.1489600735552118,0.0284520036044205,9.61275576987208,0.0513255915409538,8.575251479878974,2.1051867203227315,0.1539870316456822,77.77496922610598,11815083925.197996,0.0013930848940833,0.3742170647021567,0.6605758165491626,0.3673286813475544,0.3249669839262786,9735410.12868413,0.0674651800702665,0.2786399754285454,0.0649651735370945,0.6605758165491626,0.5331352751566552,1.0,0.6605758165491626,0.00017076318149181424
4,0,0,0,0,0.6348187302519767,0.0436281760412846,4.359399371434645,0.091113838054124,6.85433572331257,4.935273569748103,0.4600064664419857,110.84574698845714,10086326425.559277,0.0007361420732983,0.3882039754660509,0.6623462176863437,0.3561389906816723,0.2991908780785282,5390816.011204423,0.0634174903418801,0.2775145063326014,0.0602800686752727,0.6623462176863437,0.4172898921082087,1.0,0.6623462176863437,0.000169587392282272
4,0,1,0,0,0.550045964298657,0.0365104728584773,2.3146391142349487,0.0997319109019887,6.939476637398555,1.9531333495762135,0.2460989925130829,69.29499491137621,13504687247.92414,0.0014334910816948,0.404402683035607,0.6625617546643531,0.3448010697465655,0.2969731948692556,11954959.250321755,0.0594438888491879,0.2423210309220771,0.0576148221133903,0.6625617546643531,0.3853519561665016,1.0,0.6625617546643531,0.00016944480009433924
2,0,0,0,0,1.7164183953023835,0.0393854036980391,1.922258976335351,0.048587524078508,9.95275878296179,11.549519401866146,0.5024712585363253,89.47583760273184,10892957556.021635,0.0007433507516292,0.4036421809317748,0.6628632932871097,0.3433550321045299,0.2882635951272517,11170007.97366909,0.0589463390357514,0.2810726906387779,0.0569991398011729,0.6628632932871097,0.3448754977788379,1.0,0.6628632932871097,0.00016924551321634442
1,0,0,0,2,0.3356966436052488,0.087546933496043,0.7888308169270494,0.0782201107803261,2.461223042336928,11.07545343129893,0.1263867340219196,111.92519189346288,15043440711.212309,0.0007608933755018,0.4255254989906079,0.6629385875353929,0.3256629046743478,0.271857069204352,10080903.830657251,0.0530281637404666,0.2925644091153523,0.0513409485863676,0.6629385875353929,0.3401415817695881,1.0,0.6629385875353929,0.00016919578782777017
4,0,1,0,0,0.5129138606993489,0.0456806558547201,1.4719813260299122,0.0898559201629662,9.039709199889556,4.987938260178785,0.4551033685958248,109.96351416407455,10229209075.956108,0.00072865487307,0.4295624938698618,0.6740540196550142,0.3303371334168307,0.2683708138623077,11583160.72672834,0.0545613108570245,0.2643986975895896,0.0527700746552801,0.6662124121332073,0.3226090754758088,0.988366499875158,0.6740540196550142,0.00016704777677566931
4,2,0,0,0,0.133320554393038,0.0281627454659767,9.795284053195026,0.0561682984091266,0.1291864457379836,2.9879675262148755,0.3993114658443267,117.03845416640804,18937249851.087227,0.0005550365098848,0.3731229877652939,0.6667959245579795,0.3759048973783188,0.3196023709851301,11608453.942744523,0.0706522459365022,0.2125919520941557,0.0681602185692639,0.6667959245579795,0.3674374304814301,1.0,0.6667959245579795,0.00016666779792292322
4,0,0,0,0,0.535953653667976,0.0451882566609034,1.5280811941090044,0.0894272540448576,9.24399101400076,5.268076266250283,0.4689808389301121,110.93439207143956,10120471977.854954,0.0007187379768321,0.4221505702572851,0.6678009963576373,0.3326394534060144,0.2674206833110732,11656537.423591746,0.055324502981126,0.2623709384885515,0.0534617846712862,0.6678009963576373,0.327670562426514,1.0,0.6678009963576373,0.0001660153282418554
1,1,1,0,2,3.120446235974352,0.0164109641977692,0.8785745785790579,0.0968941809431423,2.461608814440411,4.5456518389520495,0.0806673362925238,110.1803495006398,9882940033.547337,0.0007845509361878,0.470482448968837,0.6678274028190584,0.2979284676918359,0.1796864861894937,258751.72962772104,0.0443806859306026,0.273533884465381,0.0420275417754027,0.6678274028190584,0.4086584191502041,1.0,0.6678274028190584,0.00016599822024960942
2,1,0,0,0,2.657118837467982,0.0771956850234921,1.497221996999252,0.0965755657138134,3.3109695320118924,1.6541143857475546,0.3466500014549766,124.1501137002896,13595902458.494877,0.0012353869539375,0.1589192798187779,0.2239539380478557,0.2345196797673484,0.1667038198313007,2130573.6358308634,0.0274997400990898,0.1515293873724413,0.026530587804627,0.668044811797099,0.3045684797650404,2.982956306195193,0.2239539380478557,0.00016585743417457446
4,0,0,0,0,0.5312691740476932,0.0449494665271155,1.1482332428360758,0.0902182055050302,9.019514805469866,5.0861570098157305,0.4526689308075938,109.65227661657832,10052419985.0588,0.0007188281771512,0.4274717368118272,0.6689671594096065,0.3292234801517404,0.2630682243309432,11395995.461290544,0.0541940499416117,0.2627957545391227,0.0523787962339436,0.6689671594096065,0.3131178376855283,1.0,0.6689671594096065,0.0001652614823108875
3,2,1,0,2,2.966005984987552,0.0659340982849964,6.053098127340989,0.0186070777909986,7.500281948070754,9.411660282579016,0.6508549467126358,70.82902470665726,17254373126.08646,0.0,0.2597154150411781,0.3782185032413891,0.278213743836586,0.200153949418028,2810072.74993372,0.0387014436297847,0.2291401449717192,0.0368580317522825,0.6690979619073026,0.3652105880360458,1.7690778112996406,0.3782185032413891,0.00016517714109399613
2,1,0,0,0,2.657118837467982,0.0771956850234921,9.030471223434308,0.0957261789921584,1.7184914688508617,1.6589605915991827,0.3466500014549766,124.1501137002896,13595902458.494877,0.0012197171447137,0.1781273738984052,0.2037426814351547,0.1974487949195638,0.1550305405346372,3116848.159147893,0.0194930133075939,0.1085086147899089,0.0191361424803967,0.6704345583262777,0.4920514360504339,3.290594555857248,0.2037426814351547,0.0001643177693893628
2,1,0,0,0,2.657118837467982,0.0771956850234921,9.030471223434308,0.0957261789921584,1.7184914688508617,1.6589605915991827,0.3466500014549766,124.1501137002896,13595902458.494877,0.0012197171447137,0.1781273738984052,0.2037426814351547,0.1974487949195638,0.1550305405346372,3116848.159147893,0.0194930133075939,0.1085086147899089,0.0191361424803967,0.6704345583262777,0.4920514360504339,3.290594555857248,0.2037426814351547,0.0001643177693893628
0,1,1,0,1,0.2364985497456588,0.0763315495312446,3.668466474582527,0.0906942416286548,4.577285344733548,18.945530206468973,0.2336787831783726,107.91117856407472,16514189224.179825,0.0008365642222837,0.3229377860123618,0.6208113217173893,0.3809566431983898,0.3066487852527822,5946915.828346042,0.0725639819984926,0.4675100355237622,0.0683502424546227,0.6713180752623457,0.4286685232487006,1.0813560445470556,0.6208113217173893,0.00016375216351757546
4,1,0,0,0,2.937474699066984,0.0246591015482353,0.538067501180583,0.0583664127327239,3.726917840075548,7.002883358371722,0.0167946651216351,93.97991242197776,15150562962.613108,0.001436555291692,0.3620728683964984,0.6730778498455022,0.3891700791031045,0.322520337234132,13744775.025588265,0.0757266752345583,0.2295526850945303,0.0724468643302427,0.6730778498455022,0.6349291073290352,1.0,0.6730778498455022,0.0001626313931615817
4,0,0,0,0,0.2673047177018886,0.0799210101975219,1.2848348394214597,0.0860178544835477,6.617177707021209,4.539222033472573,0.6121189916301856,97.96959303099403,12059647533.86056,0.0005631041045153,0.4179846383920175,0.6733169004384398,0.3405535688051487,0.2725444455790153,13052857.976158196,0.0579883666129615,0.2340069494061238,0.0557996604298107,0.6733169004384398,0.5731501911646363,1.0,0.6733169004384398,0.00016247973888383212
3,1,1,0,2,0.1604205810826403,0.0686393739204213,4.941714169908193,0.0350988635934257,2.6979810774624187,1.5348550300938326,0.1634950496529218,63.05593914243017,10884241885.263296,0.0013120977774109,0.3819266665298425,0.6745018549367097,0.3710780066408042,0.3265595465363581,12636577.273193453,0.0688494435062564,0.2388696862978581,0.0665174263006913,0.6745018549367097,0.4415376328595096,1.0,0.6745018549367097,0.00016173008619534924
1,1,1,0,2,3.4667737856170664,0.0204047584528191,1.183325672959517,0.0857003787323246,3.48787923895512,2.816211288592857,0.3179153058349586,85.9005046786308,13901319437.770613,0.0007672528555194,0.4707098177189128,0.6751232146768764,0.3014025186515995,0.1925362830557623,241162.60134730567,0.0454217391247639,0.2747934618182872,0.04305774788474,0.6751232146768764,0.8477701016190947,1.0,0.6751232146768764,0.00016133837093919678
4,0,0,0,0,0.5140884995063519,0.0455857544693861,1.4750291280641807,0.0897956328634191,9.038688683449973,4.971877489683234,0.4553305896748753,109.9282371300849,10227400225.165709,0.000728094531427,0.429815547388172,0.67841090524218,0.3323905116745482,0.2665268692657555,11582866.33578471,0.0552417261256339,0.2666350712143535,0.0533773595241063,0.67841090524218,0.326237866757849,1.0,0.67841090524218,0.00015928149340694244
0,0,1,0,0,4.476694516805507,0.0716870143248849,3.873904988936521,0.0645614252846147,0.3539228479159109,19.24789021327643,0.4481703273760207,98.8045807374936,11976539712.663383,0.0008327616120604,0.3554739642587711,0.6793214573523462,0.3828396766894718,0.2823892941130521,2415256.492930822,0.0732831090238496,0.5202712620056078,0.0685175582475631,0.6793214573523462,0.4486741157286681,1.0,0.6793214573523462,0.00015871647613214352
4,0,0,0,1,2.9955542228736696,0.076478447486835,0.754872914333625,0.0046846983943779,8.707392606116212,13.889185090316117,0.1617897236210624,77.67646753658472,10297618859.998575,0.0008711371914735,0.3876481148737675,0.6795651724506543,0.369017921441,0.3065035188774869,13924821.073624326,0.068087113172318,0.2387423229850764,0.0652387705605061,0.6795651724506543,0.5689057956345368,1.0,0.6795651724506543,0.00015856558596050134
1,1,0,0,2,4.757289798475918,0.0472652192463753,7.292896909811109,0.098250074775778,7.452242642474439,11.092820220008694,0.7834231450098823,129.6119161055116,12474834946.401466,0.0008996539377839,0.4405688634495276,0.6819277776063314,0.3249908586517813,0.2686268722227979,8616346.421092838,0.052809529103611,0.2892784566647569,0.0509690184673634,0.6819277776063314,0.4095187246035397,1.0,0.6819277776063314,0.0001571102527350281
1,1,0,0,2,2.9460277458666804,0.0695467159225972,5.673860406515143,0.0666007743067092,8.911598680099342,13.254978344231832,0.4397228482503695,127.7164462069421,18273821900.511112,0.0007912305264673,0.4248426241143735,0.682867893694757,0.3365199599886098,0.265822235922446,10201063.973771416,0.0566228417353677,0.30314906202859,0.0544642349254724,0.682867893694757,0.3797688004484746,1.0,0.682867893694757,0.000156534875632249
1,1,1,0,2,0.7582609956689682,0.0441164217796132,1.3869089549715672,0.0797608057530526,8.39681885262171,3.014774242228036,0.4313823570280712,123.823580996272,13970846515.94214,0.0005073144720981,0.4197212212477555,0.6849092954226501,0.34047973140489,0.2841872066969746,9733299.602487994,0.057963223748773,0.3233589783298696,0.0558866960892777,0.6849092954226501,0.3254289920712963,1.0,0.6849092954226501,0.00015529272642384807
5,0,1,0,2,0.4987560455496435,0.0620856161078877,9.197085262159794,0.0760833091377869,4.975879136786055,4.770969269428845,0.1607884354801925,112.32318412195865,11190344276.015512,0.0014801527624992,0.4021123293412881,0.6853769659177898,0.3548707090008491,0.2919713478256061,5672652.106014152,0.0629666100533826,0.3270556389709977,0.0593637235835746,0.6853769659177898,0.6273342567747737,1.0,0.6853769659177898,0.00015500954951090722
0,1,1,0,2,0.6827786901996691,0.0194487023748479,2.5079727542501176,0.0540507391111805,7.922363406400702,19.124351618895947,0.7311925741992109,117.76274604109982,12786486633.433325,0.0006831606083962,0.4104661210737396,0.687234411517651,0.3449386718792288,0.2502162720097282,1320144.4176631323,0.0594913436789031,0.3975250967423469,0.0563908819741174,0.687234411517651,0.4974486161817283,1.0,0.687234411517651,0.00015388994553830438
2,0,0,0,0,0.5161895767902861,0.0478724688405337,1.3912321787368132,0.0905899080447358,9.096691348109738,4.891897035602476,0.4552634349474315,110.6741212318011,10294764812.890717,0.00075185544498,0.4042692011715559,0.6889915381892425,0.3597258330965551,0.3000749180387014,13313162.936555011,0.0647013374985053,0.2472748629304363,0.0622517235442411,0.6889915381892425,0.6244978114527977,1.0,0.6889915381892425,0.00015283825466179865
3,0,0,0,2,0.1946636245606843,0.0710855586854508,9.040561718596171,0.099706082123289,6.5712908485976245,4.248765718413284,0.7100203940912085,83.42340745898403,11275204356.274128,0.0011646814420217,0.3930469585185842,0.6917981581133335,0.3668953042299195,0.3143119486627718,7754613.898772937,0.0673060821329825,0.3179670535426475,0.0637975264403722,0.6917981581133335,0.5545096228125834,1.0,0.6917981581133335,0.00015117330010901942
4,2,1,0,0,0.8704465730209257,0.0166078580603203,9.33006686558223,0.0455019525597783,3.652527435599368,17.407893478151696,0.0688074561105449,62.3325170959619,18359565472.79517,0.0010316119120195,0.4521819397834262,0.6932094518410025,0.3217064611912619,0.2276454172843879,120747.91092245748,0.0517475235861024,0.3040629115627433,0.0494309759148913,0.6932094518410025,0.7173565952718479,1.0,0.6932094518410025,0.00015034295224856942
4,1,0,0,0,4.58137400424049,0.0204163225056129,0.123485433758001,0.0785276619507979,3.1940186615123016,11.76420351133981,0.1071685490182183,101.03209210521024,19426353433.856945,0.0010155999370406,0.4071276488671449,0.6961322933107191,0.3547218886297297,0.2953591222880508,9025219.13127517,0.0629138091365211,0.3631683896448806,0.0603824249368515,0.6961322933107191,0.340565397976444,1.0,0.6961322933107191,0.00014863774670709098
5,2,0,0,2,0.1096967714777312,0.0651505172222033,8.059776209859923,0.0955381232047725,1.2484300937147252,1.7593697603253178,0.382429673296376,74.20498423711616,13799971182.64082,0.0010132503045714,0.3994334757742016,0.6984333992109577,0.3661085881235595,0.3086259692236865,11568891.469877165,0.067017749148913,0.3019593345516796,0.0642968506442577,0.6984333992109577,0.4605594404987292,1.0,0.6984333992109577,0.0001473088839861226
0,1,1,0,2,4.4567070864152445,0.0678730578463382,8.657262395368805,0.0380736810273685,6.68374681353672,14.574621955830535,0.7486699217174446,101.5162340690157,15467057036.962309,0.0008145185292249,0.6277384777066999,1.1465166834228149,0.3902625608656369,0.2719714462358166,77920.052421008,0.0761524332067024,0.5389031032350127,0.0716194064034265,0.7009840642940297,0.4184749236558823,0.6114032830305701,1.1465166834228149,0.00014584978210038595
3,2,1,0,2,0.7463556969282622,0.0114862282933003,0.2186352269504702,0.0608852669741278,3.790223773557772,5.778326815882254,0.394084829701282,117.8102366903868,14456049879.806704,0.0008002004328111,0.4177123006607212,0.7017474858255827,0.3496227482512289,0.2884237194836341,9096170.204396583,0.061118033047371,0.3549715161785143,0.0586985972020963,0.7017474858255827,0.3446894284196305,1.0,0.7017474858255827,0.0001454158853374346
4,0,0,0,0,0.573212299797141,0.0526429864675472,7.8332533179307555,0.0553812189596752,8.992334404868908,17.331233883997708,0.3981046666668808,95.26894315444083,10260123321.118427,0.0008197469231541,0.4086485271932014,0.7024813874776779,0.3590986751146875,0.2881488398243372,8384298.7089003455,0.0644759292345619,0.3275693586036254,0.0609668655972294,0.7024813874776779,0.4502173169320951,1.0,0.7024813874776779,0.00014499998340084322
1,1,1,0,2,4.718520980237035,0.0091529818464482,0.940117493866875,0.0976604232319039,2.361694735901729,6.798525970931285,0.297085590589266,103.68789831653172,9342693072.947208,0.000961995910012,0.4956058302172151,0.7035236921054825,0.2992661388245564,0.1811074674527582,155167.50194217562,0.0447801109234793,0.2780400473207235,0.0423817657828495,0.7035236921054825,0.3897661627304005,1.0,0.7035236921054825,0.00014441135306950733
3,2,1,0,1,3.3794367410619213,0.0194782677653474,4.060349587569521,0.0228932606884188,5.252739745567553,18.082616058036837,0.4863662813574431,69.20211553256519,17923588341.097168,0.0009599198476013,0.3436519807972232,0.7067217902027294,0.4279743701755714,0.3677567580520368,14325856.768535975,0.0915810307635885,0.2540244565653029,0.0871740087987852,0.7067217902027294,0.5215317323892004,1.0,0.7067217902027294,0.00014262013395451554
0,1,1,0,1,2.660676925859553,0.0876126867343293,4.56450881205567,0.0926907532377777,6.320596422092792,14.910691988113705,0.4271186364006417,107.36129862125712,9868635282.151108,0.0007375461725844,0.3511956382384965,0.7077836307851648,0.4019240602542011,0.2939759460534275,3279870.3045827467,0.0807714751056113,0.5787466572489843,0.0749997042823091,0.7077836307851648,0.4430241806854626,1.0,0.7077836307851648,0.00014203033549554082
0,1,1,0,1,0.1961194254331525,0.0757272991821706,3.5695350591065487,0.0904710557875404,4.56444608424963,18.87127702164161,0.2441254432888183,108.09693717705154,16533582912.901163,0.0008284114452258,0.3185964361787263,0.6067449355269247,0.3767832786364712,0.3053703871090799,6019874.338553122,0.0709828195300243,0.4524784092345696,0.0669887980709363,0.7117877770585511,0.4250961138438208,1.1731252053062504,0.6067449355269247,0.00013982809292572085
5,0,1,0,1,0.1414011385091605,0.0729296949346609,7.109504767219867,0.0025892390542251,6.611136482450967,5.900383167766108,0.6663550405693562,106.76729542353172,10311236453.32541,0.0,0.4353641702991113,0.7152270113747973,0.3461639827960545,0.2696190584169562,5959627.291427488,0.0599147514926135,0.299751063510447,0.0562709263289754,0.7152270113747973,0.3702014777838494,1.0,0.7152270113747973,0.0001379638268975527
5,0,1,0,1,0.1414011385091605,0.0729296949346609,7.109504767219867,0.0025892390542251,6.611136482450967,5.900383167766108,0.6663550405693562,106.76729542353172,10311236453.32541,0.0,0.4353641702991113,0.7152270113747973,0.3461639827960545,0.2696190584169562,5959627.291427488,0.0599147514926135,0.299751063510447,0.0562709263289754,0.7152270113747973,0.3702014777838494,1.0,0.7152270113747973,0.0001379638268975527
4,2,1,0,0,3.1383733172087616,0.0397248797624214,8.872869994408015,0.0194279674559733,1.893870830342525,17.123563586382275,0.1366828014756213,66.99741729350326,16653914843.324123,0.001131050634983,0.289112401880422,0.4268404630196322,0.2881675065380206,0.2143886627287801,1497672.747106923,0.04152025591217,0.2553161672178845,0.0399062095872988,0.7154621467352325,0.6284258357145281,1.6761816386239026,0.4268404630196322,0.00013783728132586666
4,2,1,0,0,0.6720558188306365,0.036472213181266,0.4650504116099515,0.0999069180815298,6.379500598514147,1.9376318921702085,0.2460135641515911,69.35068458320792,13482870332.134537,0.0014476015281311,0.422616766772732,0.7184477724002377,0.3537042087592194,0.2878828593679168,8612456.78716226,0.0625533336469927,0.3754205675614873,0.0598420309575388,0.7184477724002377,0.3553829274261314,1.0,0.7184477724002377,0.00013624052976279508
2,1,1,0,2,4.652605164141494,0.0237592381226932,4.7417421622209055,0.0557999328593873,0.9696464633708998,7.765163502110743,0.2095169810252717,106.9454848925442,11017842775.787865,0.0010217775734301,0.2801320393776486,0.2916305890592943,0.2011968476131414,0.1296764289268088,256977.40460815825,0.0202400857447328,0.1151931862440667,0.0197144373286689,0.7197427032028303,0.8679717524244446,2.4679945458550376,0.2916305890592943,0.00013555374764795557
2,1,0,0,2,4.506822151231599,0.0335694916262701,3.1404094705280485,0.0558794232147928,2.1898465026599103,10.331622765989591,0.1577281265016177,110.2308523811676,9154632131.946774,0.0008745921431168,0.1454034695382709,0.1697595583460348,0.1847972230598573,0.1395320277555554,2503234.294953993,0.0170750068253173,0.0911598985395339,0.016728041216646,0.7217397548510321,0.3667614457895509,4.251541190863908,0.1697595583460348,0.00013450136776506905
4,0,0,0,1,1.6584765262780914,0.0096835636016824,6.520867096217718,0.0292972275541032,6.436663295751882,14.844245287977978,0.0583469403358041,104.88508805496656,14371323858.737003,0.0009485478266332,0.4019603072775088,0.7227940034353464,0.371328715017171,0.2716992382060407,18466830.326865125,0.0689425072981517,0.416221765941934,0.0646984279382381,0.7227940034353464,0.7061159392108528,1.0,0.7227940034353464,0.00013394911279809678
5,2,0,0,2,0.1091718190715556,0.064839716960437,8.158862343881475,0.0956022259921293,1.1533109766728022,1.6557190890735458,0.3832826198399549,73.9838143543783,13690605618.697628,0.001017891240224,0.3990038405821565,0.7229782711869145,0.3804312604755153,0.3254357390098699,11615439.368500063,0.0723639719734946,0.3055162582178825,0.0693572029787645,0.7229782711869145,0.4578960369476375,1.0,0.7229782711869145,0.0001338528195014566
3,0,0,0,1,4.248469202945229,0.0498747650640476,6.882945375539953,0.0838352403332523,1.393452958766001,13.533091931305975,0.1945876683678468,60.499759701447104,11601808108.199469,0.0010462221731294,0.4121634019496399,0.7244232331979702,0.371421770335327,0.3243018375302759,7081759.447463688,0.0689770657395142,0.2768780236932943,0.0663987744898843,0.7244232331979702,0.6015968036156543,1.0,0.7244232331979702,0.0001331001176003534
1,0,1,0,1,0.8253709404007941,0.0778856144295587,6.007610643302665,0.018924567714881,5.608075534851624,3.681624490625586,0.611458149125941,95.7509305920162,12992868152.290895,0.0007269324597782,0.3751753480180155,0.7245506194388709,0.4067749899844656,0.3510709572933368,14638948.984739115,0.082732946238431,0.250951061082836,0.0790694011731341,0.7245506194388709,0.5313346272985333,1.0,0.7245506194388709,0.0001330339636111472
2,2,0,0,2,2.828797092702107,0.0524163828144244,7.979891462346333,0.0023012862623731,7.672366143150461,12.957381324269496,0.2151022628026428,106.81051144883996,13805021497.636982,0.0,0.5879613485630932,1.1241892816259995,0.4118561040008309,0.3594679616925296,11461785.671377791,0.0848127252013716,0.4961114130867534,0.0809782083972015,0.7262815359000987,0.4376317595767275,0.6460491553963431,1.1241892816259995,0.00013213831921071227
1,1,0,0,2,4.381504849997982,0.0759076250269085,9.4022587030387,0.0923111274487415,3.9721920327204967,18.205765308248964,0.7185858199315978,129.09627919703237,13165113652.060556,0.0009812818186073,0.3934451093462741,0.5449989977514931,0.2847877544471344,0.2239366765939566,6060530.849954893,0.0405520325415206,0.2469982993896881,0.0389857911296505,0.7273091584166733,0.4458851332139431,1.3345146714348812,0.5449989977514931,0.00013160944201367922
2,1,1,0,2,4.3838769460798135,0.0761955224813027,4.509669351122215,0.0953018087090928,0.1080462024579203,6.528567477573276,0.379025946255932,127.30903564399142,14144911093.429064,0.0009958349650736,0.3898623972411158,0.7276079825539652,0.394745803213834,0.342781209652448,10661721.859616026,0.0779121245774675,0.2482036423980476,0.0747619766999676,0.7276079825539652,0.4484311583695169,1.0,0.7276079825539652,0.00013145604654415764
4,0,0,0,1,2.7941793752153243,0.0238700094160893,7.992419486164195,0.0125077262358073,9.451492289421964,14.641794714236855,0.596152813172295,82.11465503311585,15887656854.91724,0.0,0.4609726548784612,0.7280848709642828,0.3302693232160856,0.227636057056855,2536501.232834303,0.0545389129288056,0.3593962309467875,0.0510889172107458,0.7280848709642828,0.4679042110933975,1.0,0.7280848709642828,0.00013121161554542572
4,2,1,0,0,0.8745281936818102,0.0261286859677267,0.3825876058690466,0.0851307340013622,6.969773043222306,10.344955654605808,0.2662339564369159,88.56769756406351,15565424169.131763,0.0012266958504566,0.4040630213429064,0.7551007286643397,0.3960443210912133,0.3346174066263561,14265890.853610786,0.0784255521343,0.2749000404121154,0.0750232098690341,0.7301294812525663,0.6436861826050917,0.9669299121774868,0.7551007286643397,0.00013016878369882147
2,1,0,0,2,3.820442962992779,0.0804897959506828,8.80936542836635,0.0864611659721907,9.34877514767262,19.094889848123035,0.7965714569029261,101.24807925947944,17593903934.10829,0.00073208189926,0.4492097467068234,0.7313251079682205,0.3432078367580796,0.2880914701855818,7368635.133512903,0.0588958096060803,0.315337632668933,0.0568879702587243,0.7313251079682205,0.4034794800873846,1.0,0.7313251079682205,0.0001295628115882067
3,2,0,0,1,2.654062413681994,0.0649614755070741,2.9061175485680444,0.0450981064261278,1.7189140445556552,11.454018992687343,0.0317851986650965,65.47336156855442,16870645663.155336,0.0005969135209281,0.2262387322677492,0.2507509960524858,0.2047052720233405,0.1469925256278481,4110582.52747597,0.0209521241970749,0.1158793898880456,0.020352128840708,0.7324779504189822,0.3726329950762441,2.921136752994847,0.2507509960524858,0.0001289811950687016
1,1,1,0,2,2.4969140832440373,0.0050759921256352,0.8569262438633206,0.0759556094156185,8.549962155737004,13.572276128353804,0.3227997590072602,105.10944097004904,11026497552.204462,0.0006244636757249,0.422086664577207,0.7344583465689805,0.3630696374520445,0.3038487141212488,9584121.788662538,0.0659097808197795,0.3736935591870702,0.0632570843570764,0.7344583465689805,0.3512352351848674,1.0,0.7344583465689805,0.00012798816070312612
3,1,1,0,2,3.048508179369205,0.0537326018743701,5.97744194750162,0.084095693017281,6.5671678096286525,7.602856336325635,0.5058349009677011,89.9465899395623,14554991344.14436,0.001191379862449,0.444113037652857,0.7346108804002979,0.3492216327018821,0.2934343008267333,7741826.247051043,0.0609778743734841,0.3086768785633237,0.0588401337186959,0.7346108804002979,0.4318058792764513,1.0,0.7346108804002979,0.00012791199319559521
2,1,0,0,2,1.908082193761776,0.0885910251859998,7.255417306458023,0.0457622627278383,1.3963523575695245,15.634604687691786,0.2849352881783163,115.75145727725788,13817333792.11677,0.0011079831002968,0.2422249520878387,0.2580554917182109,0.1996382602404282,0.1605005158393382,5163840.36462009,0.0199277174759124,0.1142581065313552,0.0196191412240217,0.736041278664428,0.4529866597688676,2.8522596971823546,0.2580554917182109,0.000127199928209041
2,1,0,0,2,2.369549007637529,0.0938889831857774,6.113625264766178,0.0699278342506124,0.1980351075825489,9.653626372491525,0.1909660124609427,121.1200779835067,14078431590.321417,0.0011216702691909,0.3853726047394236,0.736501270761781,0.4042735480678905,0.349422437180915,12573072.339377549,0.0817185508337005,0.247226390417567,0.0785656883334668,0.736501270761781,0.4930350188020034,1.0,0.736501270761781,0.0001269717834489682
3,0,0,0,1,2.662022019212357,0.0117823502726312,3.027894819247203,0.0079433327756775,8.962254050250486,14.445345970294593,0.1851923611471104,78.53349653079306,10374087809.48055,0.0,0.3291548927490885,0.7367531128653972,0.4609652791650591,0.3889884541579372,13718938.180209346,0.1062444942978604,0.3119577694173449,0.0994708210179231,0.7367531128653972,0.3882891073322476,1.0,0.7367531128653972,0.0001268470493549369
4,2,0,0,2,0.6896246407262349,0.0654567526390502,1.2233863065282828,0.0388435809292376,9.26380161298792,13.107572758853498,0.5303558114448393,103.05789444133796,11134411068.334251,0.0008833563078782,0.4157269565197294,0.7398863599140012,0.3711743186353221,0.315335336743553,9851449.535004549,0.0688851874071978,0.378661658701288,0.0661883810155065,0.7398863599140012,0.3771916887933969,1.0,0.7398863599140012,0.00012530540054891685
0,0,0,0,0,4.000364197992194,0.058813089431811,8.753262743799961,0.0908953258224829,7.379828579744583,16.729779743831088,0.1092438883717147,109.07486398116296,10203058244.234638,0.0007720991403472,0.668535083704318,1.361170621344772,0.4342356800446952,0.2986953976491119,627099.614403916,0.0942803129119394,0.7107960241997762,0.0868820490400881,0.7407262090788095,0.4553415876762247,0.544183218079602,1.361170621344772,0.00012489536400027743
2,1,0,0,2,4.333774468784705,0.0774852042703007,4.276472396764047,0.09782987870717,0.1018870966170511,6.446546942653479,0.3780081012710047,127.6259643807245,14062242173.261778,0.0009886232451606,0.3911165214625995,0.7429148338664673,0.4023398166140262,0.3514086426639093,10787859.324288188,0.0809386640165041,0.2516971700521321,0.0775622736395719,0.7429148338664673,0.4694449022755357,1.0,0.7429148338664673,0.00012383311283900055
3,1,1,0,2,3.526836526397389,0.0655588712205369,1.7539359315080028,0.0948679103009218,1.2625093813682775,1.92737211863612,0.0847876010873537,66.91448469627937,11839792134.293268,0.0014518541753394,0.1184540669638441,0.1557330158885017,0.1705935354549178,0.132850262949007,2519746.510029253,0.0145510771695041,0.0815650709030848,0.0143338225396751,0.7436518125967708,0.4110275141027662,4.775171201520903,0.1557330158885017,0.00012347745665604846
5,0,1,0,0,0.323177316178091,0.081553017084209,5.898433218129576,0.0721512670804266,4.8353264512793634,4.904068992540415,0.5687339060272074,102.81157721640082,9816054611.39937,0.0013627492998755,0.3896089316256905,0.7487788177851619,0.4063501469086287,0.3544453331171491,9529032.84475058,0.082560220946332,0.2665813553669075,0.0791487536740751,0.7487788177851619,0.4703811416415469,1.0,0.7487788177851619,0.00012103134210723981
2,0,1,0,0,0.125759270763876,0.0968663600427453,0.6788304428887734,0.0132700665713092,4.955193948369293,8.107412928315762,0.510167428499062,120.43764962635012,15609359496.82663,0.0011020170955043,0.3613199731785519,0.6382565125733938,0.3686136650414563,0.3038485814267503,13075886.03573352,0.0679380170276474,0.2220300466066989,0.0652623735658123,0.7490560160711172,0.7097375651749882,1.1735971373813163,0.6382565125733938,0.00012090047921212687
5,1,1,0,0,0.737791953816564,0.0064425502016875,8.985675876024434,0.0029579114371737,9.160877023771382,10.715676154938608,0.3202528895926627,79.93234130343635,10636829958.573936,0.0,0.4769876873954541,0.7531215025699273,0.3320431302021917,0.2290585460583031,197603.8414317208,0.0551263201572348,0.3494749087728926,0.0523338592601045,0.7531215025699273,0.7754124464053517,1.0,0.7531215025699273,0.00011899737397201639
2,1,0,0,2,3.624204896975757,0.0990101801727433,5.203988867592799,0.0854738202454579,0.3262201884217321,7.572931411263264,0.2661580157366607,117.13608626426144,12587588467.569714,0.0010153757800867,0.2084499041727216,0.2330706268163095,0.2018968670144992,0.1597067160940008,3910590.5910579534,0.0203811724551351,0.1170174868526386,0.0198489348635952,0.7558305984594886,0.4703659032667405,3.242925154421896,0.2330706268163095,0.00011774587365557812
2,2,1,0,2,0.1718879414601826,0.0168409162791609,7.204273621515545,0.0772537535607653,6.333299656330609,14.975796470062985,0.5888385886529025,108.48071913803312,15054389207.94416,0.0,0.2489506932730079,0.3996306506549058,0.3027978782463527,0.2052047093382525,681788.289298156,0.0458432775352465,0.2838185812245107,0.0436091346125656,0.7578286247419556,0.7746841903147447,1.89632257560836,0.3996306506549058,0.00011683130191061456
2,0,0,0,0,3.6895991032702,0.0844520109001511,4.77455517369576,0.06963014426275,6.454005132368419,14.134024816013032,0.451536182995542,64.9856481229794,9137217199.655712,0.0006569341359308,0.3078713762625344,0.4615411067600308,0.2959898815031384,0.2110158565735416,4286954.4645396,0.0438050049761209,0.2744203322796771,0.0409935003491499,0.7598361429480894,0.408322613128607,1.6463022075802909,0.4615411067600308,0.00011591953975463044
0,1,1,0,1,0.3024264540887816,0.0837474315238845,3.520529494688943,0.085340437146804,2.7827797392277493,12.664529925022409,0.4189319799478607,99.81415406411816,17092264629.77981,0.0011748944765342,0.4042560516262207,0.7599669404834318,0.3848934527023969,0.2869772768363384,2401483.724977164,0.0740714849665861,0.5140099949905997,0.0694281518405674,0.7599669404834318,0.4735296003129429,1.0,0.7599669404834318,0.00011586038244772112
3,0,1,0,2,2.115739423900249,0.0866546951155164,9.407239462698431,0.0295532549121612,3.866242038018234,6.10664622959024,0.5930302952454676,78.621270086247,9581430808.509916,0.0009994768919496,0.3583558693354818,0.5373637922955053,0.3044764438041192,0.2013362154932104,4818802.426332064,0.0463529524158014,0.2810538703879215,0.042793021831541,0.7600775654915902,0.551767586415178,1.4144562331687782,0.5373637922955053,0.0001158103723672174
3,1,0,0,2,4.875026932960084,0.0890551236204396,5.12073115849386,0.0783759567131613,7.340994860849851,19.385004891907208,0.5816247406866121,106.69379011347196,15939269096.463991,0.0005182085880886,0.4566283127497211,0.7601489569145335,0.3517596649375955,0.3001484276828765,8317710.208591317,0.0618674309385047,0.3297456489399767,0.0596788700246462,0.7601489569145335,0.370907779820833,1.0,0.7601489569145335,0.0001157781100153728
2,2,0,0,0,0.1982437793234739,0.0895998596296148,6.556749267237714,0.0622191717298184,1.1450816706680491,1.715071726308681,0.4215435083906931,66.14620601097685,14496661058.751629,0.0008347070222109,0.2124890349306723,0.2388709835538138,0.2040622354293007,0.164078742477715,4330506.715684805,0.0208206979642016,0.1197021113027283,0.0204144475167052,0.7685707007407327,0.415388226711732,3.217513861693402,0.2388709835538138,0.00011203464312057725
2,1,0,0,0,3.6526183513616655,0.0262282203292936,6.927360597827097,0.0899868448857591,8.882178159000675,5.839004774577222,0.3859427788214069,90.70906343984883,11256651060.739906,0.0011794109013302,0.4983113025876436,0.770190950656665,0.3263766455378469,0.2327070771836315,387326.3373785244,0.0532608573762687,0.3363979322684801,0.0507898568437332,0.770190950656665,0.4067734645092032,1.0,0.770190950656665,0.00011132844752959673
1,1,1,0,1,0.1045439049790705,0.0756812939389142,9.572960812281218,0.0096261494986743,1.054191647267573,3.3719741596324333,0.463537314165029,61.68530576104939,12803678311.422855,0.0,0.3071239055924124,0.4320196178153324,0.2780138970271054,0.2114044441431994,4356675.135245968,0.0386458634700989,0.2337450302476337,0.0371138202557449,0.7706723450343798,0.4161486398226478,1.7838827526665817,0.4320196178153324,0.00011111948794488364
3,1,1,0,2,2.753196973206668,0.0649063020857741,3.1644574267077967,0.0991470248907193,1.0483745382660798,1.6274695166942512,0.2295925172158496,81.317652461603,15541998258.984682,0.0013248755710395,0.2642292914272308,0.3754339130225821,0.2743297662092108,0.2341772398607291,7191143.456321571,0.0376284103142001,0.1883490200437232,0.0366621252730845,0.7720300750874072,0.5870364207148089,2.0563674412678057,0.3754339130225821,0.00011053224665986674
5,1,0,0,0,1.779173679815676,0.0791478882417495,7.209669096703505,0.0696623382528531,2.371246183821772,1.1302516464694503,0.0370242514949518,128.00420147976433,15021964426.432531,0.000847084277844,0.3960901546810877,0.7726444995056728,0.4128523173366221,0.3566683641807934,13423826.55426347,0.0852235179651094,0.2875365141067802,0.0815837557893214,0.7726444995056728,0.5223017961201547,1.0,0.7726444995056728,0.00011026751864846016
5,1,0,0,0,1.779173679815676,0.0791478882417495,7.209669096703505,0.0696623382528531,2.371246183821772,1.1302516464694503,0.0370242514949518,128.00420147976433,15021964426.432531,0.000847084277844,0.3960901546810877,0.7726444995056728,0.4128523173366221,0.3566683641807934,13423826.55426347,0.0852235179651094,0.2875365141067802,0.0815837557893214,0.7726444995056728,0.5223017961201547,1.0,0.7726444995056728,0.00011026751864846016
3,2,1,0,2,2.8291116652321966,0.0246591643897145,1.6640286354757956,0.0278770598042803,8.436421680959196,9.061824466746367,0.4547708176335003,65.10425556877288,16308100403.12209,0.0013605214356913,0.4008309672987797,0.7734557493309233,0.4003559641134536,0.3421425677277496,9708604.024720728,0.0801424490006064,0.4346996859946881,0.0764051704132087,0.7734557493309233,0.4239274777413777,1.0,0.7734557493309233,0.00010991895834322367
3,2,1,0,2,2.8291116652321966,0.0246591643897145,1.6640286354757956,0.0278770598042803,8.436421680959196,9.061824466746367,0.4547708176335003,65.10425556877288,16308100403.12209,0.0013605214356913,0.4008309672987797,0.7734557493309233,0.4003559641134536,0.3421425677277496,9708604.024720728,0.0801424490006064,0.4346996859946881,0.0764051704132087,0.7734557493309233,0.4239274777413777,1.0,0.7734557493309233,0.00010991895834322367
3,2,0,0,1,2.2689946882995384,0.0585692224195527,6.511114064132753,0.0239456253187122,4.216188596374124,1.9952723147557732,0.1901308041863994,60.76382991647287,10239210862.605925,0.001033914497422,0.2175163230315228,0.2489658190162703,0.2092507900820054,0.16506961545568,4054010.408660776,0.0218929465749717,0.1238472999751291,0.0213070189583266,0.7823900338240438,0.4781412585775716,3.142560038624874,0.2489658190162703,0.00010615238878837955
3,0,0,0,1,3.882885633961208,0.0192308170000899,0.7931211156425735,0.0278931433616631,0.3939275138424535,1.35966126443703,0.5956347441095737,126.11418973795838,11384683718.143248,0.0008145270758049,0.4184427418410297,0.7840053668926188,0.4012806529920355,0.3152145382599923,15250023.604946904,0.0805130812328572,0.2404298212457096,0.0764281356403909,0.7840053668926188,0.2736008754110732,1.0,0.7840053668926188,0.00010548529533731232
2,0,0,0,0,2.654209513082285,0.0997820511113098,5.255730045463064,0.0659023104025181,4.214045529061063,4.813378905310604,0.3919480796489525,62.85187739440915,9373677528.433464,0.0007724289293764,0.2463504712217248,0.372833850298711,0.284963119231043,0.218368775559215,2604783.66626683,0.0406019896609428,0.2509950412128194,0.0392441135888823,0.7852548376464876,0.5305276077148947,2.106179031269153,0.372833850298711,0.00010497217101215391
2,2,1,0,0,1.1172558230238792,0.0158183520496765,0.5693486344787022,0.0588269343355884,3.796593353879448,3.010022707778933,0.0976679340063023,111.63649822823172,11411791597.008812,0.0014620650546806,0.3942250055885925,0.7933782438043235,0.4267244142843102,0.3640205503434347,14965606.537117,0.0910468628731437,0.2869013767617375,0.0865988636683534,0.7933782438043235,0.6472833333768243,1.0,0.7933782438043235,0.00010169643172769347
5,1,1,0,2,1.371027746441202,0.0308639634893686,6.590459273167179,0.0223424139520201,6.664320243878112,15.03198810285021,0.5345047073805174,124.24963625992648,11638602705.360064,0.0006027753228168,0.2817706172850628,0.3531275109171489,0.2434295634051805,0.2010221155881801,3800571.426594859,0.0296289761698184,0.1751627989943767,0.0289479424529152,0.7969434299223851,0.3940907934651068,2.2568149047706583,0.3531275109171489,0.0001002912480000477
0,1,1,0,2,4.245847065197721,0.0775244260659424,4.266631748836663,0.0799242706466316,4.12500995217189,10.602578740816012,0.0731399183638044,101.50116225990784,18579809465.068066,0.0005549834290899,0.3964590288092504,0.7975425162151348,0.411363780846383,0.3238714317208906,6772667.82344119,0.0846100800961155,0.5580561320354003,0.0789917885942594,0.7975425162151348,0.4095182371834343,1.0,0.7975425162151348,0.00010005703670006201
1,1,1,0,2,1.322065495672212,0.0329860258231607,0.95958470897123,0.0949380097758765,0.9656431121332956,4.155887688966102,0.4046056608718136,116.31321574857849,9604355313.34332,0.0008855630912601,0.3900448421415219,0.7988361999815592,0.4356168259942908,0.3661605293381245,15798440.497956496,0.0948810095446701,0.2602319994330049,0.0899201663461848,0.7988361999815592,0.468486632081892,1.0,0.7988361999815592,9.955313837759606e-05
3,2,0,0,1,3.805041028626964,0.070679148799116,0.7702432321643926,0.0717814897754585,1.0855310301820738,7.724896048483344,0.1815775725376543,73.51038249970036,18141823524.662064,0.0013728397533361,0.4298318050460522,0.7997092953198339,0.3990604091571646,0.3282734682844171,11020654.713427871,0.0796246050783418,0.2533389248203959,0.0757155667580919,0.7997092953198339,0.2443262537139403,1.0,0.7997092953198339,9.921449705509529e-05
1,1,1,0,2,3.2249947096755305,0.0170668378800768,0.981108297147906,0.0650290345208299,9.59389068923916,15.955934912207992,0.8088580578009444,96.74739954860296,11436369961.790129,0.0009960764754658,0.4192670056933289,0.8001162276366819,0.3981014695111229,0.3372270846553836,9793748.508954158,0.0792423900134577,0.4380508830200151,0.0754693968385394,0.8001162276366819,0.4058162132618773,1.0,0.8001162276366819,9.905705689193636e-05
5,1,1,0,2,2.405341591124579,0.0500315357528323,8.357967683688313,0.0705801937144086,5.836643314803888,1.838403282081814,0.6614032539094694,76.98347583179184,10989474266.803862,0.0005614275120057,0.2779776244865095,0.4063697835562624,0.2830625709507558,0.1952239373089574,2702941.4756893395,0.0400622095366258,0.2454763517232833,0.0375377270214693,0.8016635439017851,0.4023404308190214,1.9727439793534591,0.4063697835562624,9.846068534531684e-05
3,0,1,0,1,0.4284035127700014,0.0712031972194225,4.224383681964608,0.045237212883261,7.393495249361671,1.763634588281204,0.0496876293622453,85.96700351025609,17054871432.50602,0.0012300002440975,0.4247028400318835,0.8021469851971191,0.3998043792486579,0.3435028530497323,11806793.316354943,0.0799217708332023,0.3425225872067794,0.0760724050211655,0.8021469851971191,0.5305350273101012,1.0,0.8021469851971191,9.827509302776606e-05
1,1,0,0,1,3.40644085667015,0.0178396754445241,1.3629438474553432,0.0249290747157466,2.060998919947025,4.45664556163227,0.3119254520977084,72.76894070611164,9192343750.177296,0.0014694382205778,0.5271062103491893,0.8043023064079888,0.3231887023927283,0.2091975332014364,121287.13491806971,0.0522254686771477,0.3392680764619559,0.0494877591924551,0.8043023064079888,0.4491920325581637,1.0,0.8043023064079888,9.74519160176607e-05
0,2,1,0,2,0.3508986347453898,0.0654625130552477,9.302019503236574,0.0518883904802725,9.495451997341076,15.320324633365276,0.3558446896874608,115.87962766522176,14698705011.898005,0.0006383019442968,0.5985355857713506,1.0877308254198277,0.3872190514897211,0.2698721277067203,298009.494152276,0.0749692969182996,0.5295651770121274,0.0705030935512169,0.8047923110579428,0.3999227087407977,0.7398818643825047,1.0877308254198277,9.726573370572432e-05
1,1,1,0,2,2.426169138134877,0.0803196700836469,6.959731749989729,0.0822404957335362,9.55420264637284,14.32813977457162,0.451641778586564,64.92865993546457,16865921426.941977,0.0008601315737055,0.5007984705983863,1.001895820697623,0.4340668049969801,0.3682044816042256,13434704.94880922,0.0942069956001431,0.363894560725957,0.0899329248476966,0.8065901992403682,0.3900715783039623,0.8050639423555407,1.001895820697623,9.658564927789558e-05
1,1,0,0,0,2.974702189584204,0.00877341105366,0.3894907409529388,0.0081534051433667,1.850041626864548,5.929390042379304,0.1761770966038937,83.83490669772917,10804002152.66255,0.0014122660829562,0.4142477524292983,0.8086210519715272,0.3996839742965024,0.2824313914372499,2163619.9740281124,0.0798736396547235,0.5734249498814777,0.0741395263690951,0.8086210519715272,0.472740598979871,1.0,0.8086210519715272,9.582315930074445e-05
4,2,0,0,2,0.6241067794761852,0.0654567526390502,1.2163925447890636,0.0388435809292376,9.351046538136096,15.491512359035552,0.196385015621639,105.18557662287756,11289829066.04418,0.0008833563078782,0.4283345415220901,0.8094576225345472,0.3968674937502591,0.3399946167446366,10825317.905496756,0.0787519037978059,0.4066308752198244,0.0754145848931862,0.8094576225345472,0.3893977292089464,1.0,0.8094576225345472,9.551081950158019e-05
3,0,1,0,0,0.5976159941950613,0.0360460969219445,8.766639063864583,0.0186100238092506,8.086637652072874,6.272590989813245,0.7481811093748523,76.52881197077542,12510438540.034355,0.0,0.444383934926032,0.8098187265315532,0.3877639593621502,0.333731384337621,12351506.9648604,0.0751804440901056,0.3263857175443527,0.0721952972883212,0.8098187265315532,0.3838498978207795,1.0,0.8098187265315532,9.537631342350224e-05
2,0,0,0,0,0.1938860632308776,0.0900793994420377,6.791079274985938,0.0606491262797844,1.0931809117807103,2.081630315026012,0.4264171942690891,66.17539809327464,14487143126.709934,0.0008445596571386,0.4273268155192679,0.810007634604618,0.4023095788015456,0.3345244989714107,13021388.401635189,0.0809264985977385,0.3328028701147146,0.0770433390614413,0.810007634604618,0.4372895079265477,1.0,0.810007634604618,9.53060233504161e-05
3,2,0,0,1,4.533859421404349,0.0800332764331908,2.540560769309684,0.0889320105661255,1.3642404086392668,16.476418176226904,0.0777190936831451,74.41627775317664,13957919972.372084,0.0011905883339244,0.392141298634671,0.8138873414027267,0.4449419065304356,0.3699007798459219,12125010.4234542,0.0989866500934694,0.2136977123758506,0.0933713156080818,0.8138873414027267,0.425792613589755,1.0,0.8138873414027267,9.387384024013032e-05
4,1,0,0,0,2.040642665999474,0.0763618539760616,7.844402571161893,0.085788314038281,6.088557705654431,1.0832598571265537,0.5500395810346871,103.88986062007169,12835237101.892456,0.0012157722028255,0.2577381057555457,0.3422054304672869,0.2531034948041689,0.1923523314485936,4281273.325797916,0.0320306895410419,0.1903761714261487,0.0308214562145901,0.8153894874973057,0.4478357680925585,2.3827485331950413,0.3422054304672869,9.332512451944732e-05
3,0,0,0,1,0.7216561264917738,0.0876005509166313,4.935999363346659,0.0088155658514803,8.411915748641196,4.607002148086768,0.3888690860077388,66.44089305519346,9004561202.225027,0.0,0.4569145518592378,0.8189503697411701,0.3833453398850228,0.3057166983759004,13799287.036300017,0.0734768248057818,0.3053053711976136,0.0702819047690156,0.8189503697411701,0.4127990606758903,1.0,0.8189503697411701,9.2037156678817e-05
1,0,1,0,1,4.052088481383909,0.099301984047731,2.9232253686593115,0.0072447137419592,3.83459944128999,2.618753913210628,0.5784169064978755,102.06574848220232,14476184481.129786,0.0,0.5128449892477662,1.10873307809484,0.4696238779220595,0.3922848704060491,14957835.100786312,0.1102732933572767,0.4390630435527317,0.103493041963555,0.8204060750364792,0.3937395784402274,0.739949128645283,1.10873307809484,9.151576197036108e-05
1,2,0,0,2,1.10916153817258,0.0273463649372127,1.4721300836068487,0.0686538674069927,6.897002208812165,15.225951816283878,0.2245496289847293,120.6604983581304,14484428633.3674,0.0009742233059235,0.3742799948019254,0.821525515821545,0.4625386919955337,0.3994199984293842,15125067.519755578,0.1069710207964696,0.316356220323672,0.1010586577157146,0.821525515821545,0.5317958187873292,1.0,0.821525515821545,9.111681816989303e-05
1,0,0,0,1,1.624867601231593,0.0263414219843551,8.855376708510382,0.028337080194579,7.736998137177984,7.327779257924169,0.5913957714204867,80.8509207517772,16038623207.281382,0.0011757326719065,0.3667380174167001,0.82189723785503,0.4725357624330636,0.4168294921576973,16078203.288088,0.1116450233890983,0.2932046427686912,0.1056223168838851,0.82189723785503,0.6213869159674593,1.0,0.82189723785503,9.098472970392774e-05
0,1,1,0,2,1.7568770276636096,0.0757194822784747,7.278730498075036,0.0783936586756724,8.948916697052729,19.374972909867232,0.5294502993745321,101.96349329880373,16528234917.38913,0.0007756356978898,0.4135020208645372,0.8225733121053416,0.4065691313000687,0.2897470626896886,2440199.6325809225,0.0826492292630462,0.6016192325169172,0.0766360115269371,0.8225733121053416,0.4280414256526167,1.0,0.8225733121053416,9.074498274134105e-05
0,1,1,0,2,1.5730447828002454,0.0450076452622364,5.787129117685393,0.093177296857336,8.117847063715168,17.852897757017345,0.5243082917392915,124.10805786361774,17557583858.083088,0.001298619770388,0.3911429673613557,0.8243430645199089,0.4293444742228309,0.3403800188671803,6729434.1898981165,0.0921683387728395,0.6099212834601522,0.0855030190450978,0.8243430645199089,0.4877835501208513,1.0,0.8243430645199089,9.012038668489119e-05
3,0,1,0,1,1.694006389807832,0.0627221729904018,1.9542500138747847,0.038107825979185,6.149966954687016,1.8657522545040452,0.0247893241510676,61.30032763347484,12468598849.11122,0.0008675298582192,0.3079814828055588,0.4175180343426308,0.2679573134342274,0.1894586418814612,4446950.4667489175,0.0359005609114444,0.2177184364278824,0.0339747923435158,0.8247449922414064,0.4478972892292813,1.9753517798098037,0.4175180343426308,8.997913505669403e-05
0,1,1,0,2,0.2694873373550748,0.0142810405671542,5.630383964667439,0.0624712579587338,4.338657062118746,6.378200213319128,0.403379614387243,110.60739939811546,14395888217.145811,0.0,0.4993673574699135,0.8269375911272596,0.3492870267403991,0.2457293505923382,253748.0912479678,0.0610007135245741,0.4001727906166231,0.0579903390243787,0.8269375911272596,0.5365093929259769,1.0,0.8269375911272596,8.921246725721965e-05
0,1,1,0,2,2.985763959319611,0.0827326817838086,8.030907651635523,0.0695525239722144,7.787517709551082,17.891729617453016,0.4670847242066852,103.27832842401098,17583935230.129406,0.0005623854416038,0.4291648855617438,0.837963689141335,0.4013142626803853,0.2846534554632639,2105240.292762696,0.0805265687153506,0.5857598718946382,0.0747926590677627,0.837963689141335,0.3969673029995656,1.0,0.837963689141335,8.54549602778065e-05
0,1,1,0,2,2.0895219593293284,0.0136847532497191,9.436859968716297,0.0259643639472317,9.076629319679142,19.888639651892237,0.742817443178547,113.10895247691872,12414894890.711077,0.0005765342268292,0.4355384628740349,0.5967855099416196,0.2853359732951058,0.1956883647713108,165502.01497384108,0.0407083088281326,0.2448684633015287,0.0389698456042623,0.842153672079405,0.3531081856265038,1.411149664410901,0.5967855099416196,8.406894962341751e-05
2,2,1,0,0,0.7241472172757198,0.0060648246878892,5.5261309345496805,0.0109673904585445,6.306266070400563,16.430326762497756,0.7960266828828291,73.1498920116366,16083625080.118933,0.0,0.4299465694754965,0.8452985226974945,0.4201621417523759,0.36492833214081,12470827.329679804,0.0882681126809717,0.3143472833953097,0.0844604868061552,0.8452985226974945,0.300707809655017,1.0,0.8452985226974945,8.304344819129886e-05
3,2,0,0,1,4.032875078510262,0.0875730463137629,2.805708197656226,0.0705322918106993,2.592079788908427,8.31114637307279,0.2562413615402744,64.37772763401996,18185631931.237965,0.0013290887635963,0.4455317086381181,0.8468876862181599,0.4090227672960247,0.3393411770743929,11139961.449464949,0.083649812083249,0.2794704955636785,0.07945180307815,0.8468876862181599,0.4136264553841179,1.0,0.8468876862181599,8.253000672833414e-05
3,2,0,0,1,4.418584427591555,0.0297073765999811,5.519834591708566,0.0371174626135258,5.76278309456436,7.551755862379066,0.3153676658140366,100.91897523077094,13159851554.778234,0.0009043942012925,0.1777301790389495,0.2707847639871243,0.2625105974900336,0.1830274090206449,2220386.8102805214,0.0344559068972872,0.2000948597026488,0.0329534773055308,0.8504231609115475,0.4514246289260302,3.140587189580521,0.2707847639871243,8.139909183184337e-05
4,1,0,0,0,1.378124576451316,0.067667445509103,2.9572706523400045,0.0575662119626983,2.142254318029458,7.031232485923338,0.8115804510287837,120.71492108126029,12669692386.154964,0.0008035068631556,0.2993278330393815,0.345628416300595,0.2267714893047579,0.1882257076437988,3944066.849425496,0.0257126541807489,0.1474716187874378,0.0252499617728731,0.8518187719375585,0.351515458035506,2.4645507480401343,0.345628416300595,8.095694675312162e-05
5,0,1,0,0,0.2611846543521056,0.0823808424911343,6.082010436554745,0.0747548822565626,4.732687472860964,5.146622195644269,0.5759222192134735,102.40134335727733,10096467269.608948,0.0013400832853711,0.4638510213486148,0.8532495574926203,0.3928095460571373,0.3303756284715929,6470595.641660758,0.0771496697368071,0.3475047561304163,0.0734140704947817,0.8532495574926203,0.4743763469786415,1.0,0.8532495574926203,8.050615108908764e-05
2,1,1,0,2,1.107883770714819,0.063405534119177,1.852796725788684,0.0052633079522112,7.644718148844956,12.902759141229495,0.2146898636418672,106.60936802751412,13810960150.453789,0.0,0.3086811223070295,0.3824820294636648,0.2449667843421942,0.1932747339579746,6034656.722572919,0.0300043627154775,0.1763469689617259,0.0290646506556666,0.8635903081116837,0.2817093664838701,2.2578585177522004,0.3824820294636648,7.732187810933735e-05
3,2,0,0,0,0.3401873732700078,0.0298953296600615,1.154744800515159,0.0321146857828565,9.453334229289885,6.687368438768083,0.0519680398805977,86.38608691730404,12416468215.74374,0.0011357324166685,0.4402715641422539,0.8771958631123672,0.417392529148272,0.3500100628182515,9892791.19186662,0.0871082616943955,0.4950485311081415,0.0823282244035183,0.8701137765183539,0.405998585644059,0.9919264477959512,0.8771958631123672,7.537818650658474e-05
1,2,0,0,2,2.3392385119217023,0.0273463649372127,3.1794520671986746,0.0679284162870729,6.897002208812165,15.628044401230728,0.2245496289847293,119.89482662981746,14484428633.3674,0.0009773904358061,0.3811987536281975,0.8702544379916155,0.4841064758895496,0.4132900947509215,16187590.103485305,0.1171795399990995,0.3143790733558821,0.1101812782675113,0.8702544379916155,0.5192739822908573,1.0,0.8702544379916155,7.533681849234992e-05
4,1,0,0,0,3.834198250384865,0.0619765726536165,0.6227276342089553,0.0952037913051789,0.4999270158282186,6.897808290665511,0.6885462450166959,125.41030178421032,18789576433.628506,0.0009950353620646,0.4479019139540472,0.8743469827177998,0.420454550097696,0.3432723003407689,15407450.65450208,0.0883910143489279,0.2950263381424749,0.0839421753442778,0.8743469827177998,0.306766068391275,1.0,0.8743469827177998,7.414310500726075e-05
0,1,0,0,2,4.547805527571465,0.0342252860743364,6.297582816869757,0.096955424919058,8.343199791954195,18.79885094618229,0.3505432812562623,127.4065382980278,14791872859.375042,0.0006714937100177,0.4803636648227466,0.8760126432388888,0.3812689570374987,0.2731740338079608,1144538.3447585185,0.072683008800231,0.5124820930047833,0.0683357375033496,0.8760126432388888,0.4211431075415568,1.0,0.8760126432388888,7.36626978391934e-05
0,2,0,0,0,0.5229518007651118,0.0508019163714623,6.398883944709631,0.0025037104164006,7.745332078714358,11.80541706050063,0.4405570111279888,99.17502571430668,17585500046.81869,0.0,0.5315870978591355,0.876497962887625,0.3490910473783318,0.2391685113048883,280289.4510193176,0.0609322796798503,0.4117854777206196,0.0577632050069504,0.876497962887625,0.2802550745267263,1.0,0.876497962887625,7.352330922528066e-05
0,1,1,0,2,2.7787642501604197,0.0846919862465847,7.768379931086825,0.068233939826615,7.72522536140812,17.82448008967962,0.4512688359855329,103.32910255609627,17524919335.009304,0.0005355224716511,0.453630341527645,0.8787878090117988,0.4009973162807159,0.2826941495364348,1803021.1701033325,0.0803994238321682,0.5856094934962524,0.0747117353456284,0.8787878090117988,0.3941136713619187,1.0,0.8787878090117988,7.286919247222804e-05
2,1,0,0,0,0.1166875209551194,0.0292058910000905,5.6550251744643205,0.0325068537294143,6.744256806023016,6.2166542719552815,0.1486791689083474,128.6820672802122,9420037837.794106,0.0014968358373283,0.4012518779569712,0.8895152568321818,0.4738679404698857,0.4053371079397777,16248902.94757857,0.1122754125025855,0.3036546216365803,0.1057620702373006,0.8895152568321818,0.4648242505510176,1.0,0.8895152568321818,6.988144376720751e-05
4,1,1,0,0,1.2158448596781728,0.0291277837334185,1.1588326813906191,0.0107333101771085,8.794063700931106,8.750989838442079,0.4005335272767079,98.40137362571792,13450064282.669466,0.0013113939182291,0.4408896253535123,0.8900383219884876,0.4225928532504307,0.3519062240897235,9761828.63799455,0.08929235980917,0.5132805851439821,0.0841704563229976,0.8900383219884876,0.4233748120215776,1.0,0.8900383219884876,6.973893634413136e-05
4,2,1,0,2,0.1062946681664226,0.063320866234725,2.268924275237816,0.031483219042609,1.800844008462012,2.3397594165566487,0.1898382953072838,119.12577897230338,10713051649.644373,0.0014406540525537,0.4144931628084212,0.9004903334657482,0.4640068992729502,0.4134261175992641,13335261.261129674,0.1076512012864489,0.3409754740444164,0.1023423478141159,0.9004903334657482,0.4428526886979517,1.0,0.9004903334657482,6.695146308978339e-05
2,0,0,0,0,3.573903536504356,0.0516014459463791,7.716441407184657,0.0619146177219344,6.255576519229546,2.1273023884799738,0.686251554157391,74.51097891594404,9964096174.329275,0.0007556403693273,0.3028482936629076,0.4728859078469307,0.307057585652192,0.2057960785722754,2035321.232273174,0.0471421804532766,0.299310833431336,0.0438188777714905,0.9008557843506176,0.4464264873933624,1.9050171921008423,0.4728859078469307,6.685604242241534e-05
1,1,0,0,1,1.4731884344732564,0.028576424584164,3.030240640419058,0.0762412662058741,6.876560028979169,9.14789155889742,0.7069907536000815,112.70776655998952,12281437804.22522,0.0014078779278338,0.3755074690533814,0.9229705859918552,0.5243092659300638,0.4453432801883307,18121940.450373597,0.1374501031700611,0.278896246533527,0.1282123702130591,0.9021977734562376,0.5349009657330014,0.977493527040957,0.9229705859918552,6.650680891894172e-05
0,1,1,0,2,2.7109153231163385,0.0852797073977201,7.928787165153631,0.0689512221423337,7.615504983126716,17.390250460652837,0.4679292258305984,100.104242407125,17444246953.677593,0.000532745489947,0.4673461212991915,0.9025237406381804,0.4011493125290736,0.2820110301297574,1655827.7019358594,0.0804603854712741,0.5865629162346979,0.0748022324866895,0.9025237406381804,0.3929377116560045,1.0,0.9025237406381804,6.642225635115906e-05
2,0,0,0,0,0.5925104392804389,0.0398362809813487,0.2767574143867527,0.0857978115627812,6.92011593368694,5.071940750473336,0.3771777609869284,110.82952812395848,18243489712.31613,0.0013489536166652,0.4481544279048143,0.9053080697964596,0.4248165382787399,0.358294806331743,10421339.788401349,0.090234545597566,0.4975129356968893,0.0853107316521536,0.9053080697964596,0.4245782805608668,1.0,0.9053080697964596,6.570439633268779e-05
4,0,1,0,2,0.3403477654144044,0.041526188624142,0.2812378508282037,0.0351339030458221,3.0702923622990586,13.592262959796196,0.1805205688188309,104.50710905518986,13182739334.7566,0.0012587649180665,0.4252620953080196,0.90602964590605,0.4480515776643107,0.3886156625220696,11621633.157052225,0.1003751081237389,0.4820341208992519,0.0950450295937616,0.90602964590605,0.4602375743651151,1.0,0.90602964590605,6.551962770156951e-05
3,2,0,0,1,4.767838917173257,0.0202432833362643,6.283309475097133,0.0156171323004045,2.747884561132538,10.78883320942093,0.0759908903592356,75.77220767364034,12577017916.915323,0.0,0.2493185214338622,0.3700968732796147,0.2805342564185973,0.2132694442892357,3634776.632422366,0.0393497345121676,0.2396620695052235,0.0375987865488509,0.906082272623683,0.4468411181374359,2.4482300123057827,0.3700968732796147,6.550617231643332e-05
4,2,1,0,2,0.1108869444990404,0.0624964259563995,2.268600335482108,0.0321269457914538,1.780309220504824,2.0662654287193045,0.1980145793105228,120.08802317654202,10760590069.07676,0.0014364321224758,0.4162290520197163,0.906860991218022,0.465931942851825,0.4127093472769921,13662108.509280698,0.1085462876848381,0.3378953421526978,0.1031107393038752,0.906860991218022,0.4408286861598439,1.0,0.906860991218022,6.530739536210376e-05
1,1,0,0,0,4.155130571478654,0.0392515536021393,1.555268743401531,0.0470973862768964,6.226380204862258,12.919486195846034,0.8236711953610218,86.81274407281335,19887332561.388416,0.000860969632862,0.2051597304277592,0.2649484262753433,0.23357684554453,0.1722036540496031,2761960.734604109,0.0272790713872666,0.1378981639084789,0.0264501752452737,0.9112703758295492,0.2967202871625505,3.439425508730995,0.2649484262753433,6.419317274532064e-05
4,0,1,0,2,0.238135854978095,0.028747148146252,7.635331260548116,0.0102294334701657,6.309586433101601,2.4895592353701312,0.3502558823783263,98.20407894791944,9795456180.396929,0.0,0.4789178968581087,0.9136748404885994,0.4116771737035831,0.3215336248736776,16093204.844171625,0.084739047674285,0.3290609767883192,0.0798577615564411,0.9136748404885994,0.3673913854943487,1.0,0.9136748404885994,6.359361063351611e-05
2,1,0,0,0,2.131240458752729,0.0752042084404076,7.699287212828023,0.0882091450712808,6.009119146485006,2.3665974094676243,0.5489912764322318,104.30410031616888,12349606021.740564,0.0012310468331331,0.1749318094202601,0.2572816942306422,0.2524827084594403,0.1812469656621213,2314474.1059392937,0.0318737590355073,0.1799976077502281,0.0307475454090217,0.9151547959958064,0.4366298608131384,3.557014807184101,0.2572816942306422,6.322736574242342e-05
4,2,1,0,1,0.6221276734522005,0.0149862661053952,1.2597130796722564,0.0950901913375355,5.789945261698943,1.957464277987717,0.0426492886116021,93.27010350102049,15409909431.18555,0.0014225482294049,0.425480235423396,0.92213206734017,0.4631261580840611,0.4164179759947934,15160285.68759351,0.1072429191508514,0.3683162773782819,0.1020619189020987,0.92213206734017,0.4427343483846948,1.0,0.92213206734017,6.152891008853886e-05
4,1,1,0,0,1.2158448596781728,0.0291277837334185,0.8304009908417296,0.0107333101771085,8.794063700931106,17.619546690560583,0.4762063810781424,97.3803626486473,13450064282.669466,0.0013113939182291,0.4448975718750396,0.9263638632504502,0.4364522661549509,0.3618107400391224,9961135.800261231,0.095245290315896,0.5405172205540072,0.0894534840955773,0.9263638632504502,0.4374263366675405,1.0,0.9263638632504502,6.052108390630605e-05
2,0,0,0,0,0.1539206369571835,0.0516014459463791,7.716441407184657,0.0619146177219344,8.430152163326563,2.1273023884799738,0.7028973029853068,74.51097891594404,9964096174.329275,0.0007556403693273,0.4474440262688456,0.9359718133105832,0.450825802411618,0.3751885448875868,15517311.561699104,0.1016219520600396,0.3354571367474122,0.0961294668989515,0.9359718133105832,0.4127964117549551,1.0,0.9359718133105832,5.829375894052844e-05
4,1,0,0,0,4.314658232576567,0.0935963945463322,1.798189139287221,0.0982607830894937,4.19058495311467,3.239088590554126,0.8077937211403883,122.14151229241,14161426604.540865,0.0010550725694188,0.1533385644319613,0.2218626987108085,0.2375079656770143,0.1709863108947564,2026569.0636642536,0.0282050168800169,0.1595996379595494,0.0273104407179564,0.9492826120618998,0.3016113478711071,4.278694064292716,0.2218626987108085,5.53428370446631e-05
5,0,1,0,2,2.686598290399766,0.0370516868488658,0.558604266312607,0.096575688927288,0.4561172314974206,1.8763368169100247,0.5630109785118506,98.92417557894112,16027165244.118874,0.0008060173449141,0.4895793405559895,0.9496848571318244,0.4154600568580849,0.3538342965924775,11237148.333468074,0.0863035294222615,0.4152152189785985,0.0818533824568206,0.9496848571318244,0.2714319816605717,1.0,0.9496848571318244,5.5256026129479745e-05
2,2,1,0,0,0.7241472172757198,0.0081321142352834,5.5261309345496805,0.0109673904585445,6.306266070400563,15.656269444493104,0.0388014440715023,73.1498920116366,16083625080.118933,0.0,0.4613352679367109,0.9502011873947036,0.4419670416307918,0.3857098557545845,10727781.981400862,0.097667432943937,0.3913157201817361,0.0928410904585149,0.9502011873947036,0.3173525898166944,1.0,0.9502011873947036,5.5144793357146904e-05
2,1,0,0,0,1.9933565672214388,0.0894431098965508,7.876538544801636,0.0851786212385563,7.131759977424903,4.607655893196719,0.5382688242947737,106.5625532117402,11782120926.983715,0.0009847606676756,0.1873267930179032,0.2789240689429538,0.2611284822020202,0.1833209582449735,2447449.8424915997,0.0340940421085654,0.1931725426751683,0.0327119392622319,0.9513293776572478,0.4094601571006094,3.41071095535974,0.2789240689429538,5.490252642150274e-05
2,1,0,0,2,1.908082193761776,0.0271741817976837,9.207322805756531,0.0447626415354351,1.3963523575695245,15.634604687691786,0.2849352881783163,115.75145727725788,13817333792.11677,0.0011079831002968,0.2171160783651836,0.2144510949038745,0.1797915981662354,0.1461427065731553,4763502.579806242,0.0161625093855845,0.0915354802748262,0.0159192036283294,0.952046722744372,0.4992435571821411,4.439458437697029,0.2144510949038745,5.474903796890108e-05
0,1,0,0,1,0.6916890436313929,0.0086990125341849,6.180825364605673,0.0742299375210614,7.964956852513998,1.0607972563698094,0.5406062428812577,69.01064079756301,15266008675.468945,0.0005590643367289,0.5174367360612555,0.9524320660384924,0.3872245865043101,0.269722424264634,786615.2538615238,0.0749714401967169,0.5375645765895444,0.0702050735495763,0.9524320660384924,0.4226724323439176,1.0,0.9524320660384924,5.4666764311497e-05
5,1,1,0,2,2.405341591124579,0.0500315357528323,8.238677046705593,0.0705801937144086,2.1855818099842983,1.838403282081814,0.6614032539094694,76.98347583179184,10989474266.803862,0.0005614275120057,0.2527337368884704,0.3262866401625016,0.24507462199977,0.1659991222864161,2742084.184814703,0.030030785174165,0.1760793618640187,0.0282940373410358,0.953158026565284,0.4146303708993034,2.9212290950391955,0.3262866401625016,5.45121020599651e-05
2,1,0,0,2,2.5963615727394207,0.0471192716511854,6.769316560023363,0.033902474521034,3.7690243973485926,17.698004756116607,0.7881378258783933,105.5622195469711,9305828709.690872,0.0010137996880378,0.2149660791990957,0.2707966847284229,0.2300231223895787,0.1698982163761337,3408320.492731186,0.0264553184169255,0.1470085159231151,0.0256611181303182,0.9634844110383814,0.4546277602935673,3.5579623583820554,0.2707966847284229,5.235891145654791e-05
4,0,1,0,0,0.1304641529468586,0.0606044625269957,8.27953938687732,0.0945715575244567,5.067287782936096,9.865814681948365,0.1063771731139412,61.44434541627426,15017558167.030005,0.0005328222077648,0.4957484948620438,0.963924931579594,0.4181635824329435,0.3644652101414033,7532994.798439875,0.0874303908365765,0.3980726670124833,0.0831412955771859,0.963924931579594,0.3792194809807279,1.0,0.963924931579594,5.226897277198592e-05
5,2,1,0,2,2.492396285277156,0.097466660081745,7.779542670290178,0.0571434152949652,2.433262545849575,9.599536650090414,0.4375443458337046,84.75586949129311,17705469156.096878,0.0009360764368608,0.4590019773420982,0.9689987647140832,0.4561534242794419,0.3773409921170993,5493963.508458919,0.1040379732409302,0.3495730987575861,0.0977623586309768,0.9689987647140832,0.4484325226238254,1.0,0.9689987647140832,5.124414611079122e-05
4,2,0,0,1,1.0129765797829675,0.0696867120942346,7.271080394678856,0.015027855520917,1.8735711531596213,3.5007687547814634,0.7627515321838317,129.12098552656002,9543030868.845673,0.0,0.2854280417311676,0.3047261931666894,0.2089614272229566,0.1666027526332397,7545807.167023757,0.0218324390335275,0.0934832543758338,0.0215201607084527,0.9739525886912408,0.3196714911440602,3.196156453011164,0.3047261931666894,5.026294852192019e-05
3,0,1,0,1,3.641724969582338,0.0191361014925685,9.34384162064213,0.0451981004827106,8.31998511208323,6.317199301840546,0.3287834980140643,77.87145757493946,10991532447.408684,0.0013846155967506,0.2438004653570993,0.3886281028671868,0.2989705017115875,0.1842722296018725,213195.84240688983,0.0446916804468391,0.2809519782820152,0.0417629808947886,0.9767979420860888,0.9346023918430988,2.513451638930776,0.3886281028671868,4.970789083626821e-05
0,1,0,0,0,0.6974684534421155,0.0382705122188311,0.6520224470636404,0.0011764650783906,3.505402701248443,18.50591622614432,0.1657180404003227,89.92972260570082,15719606204.618574,0.0013391889469012,0.4526823080712768,0.9816688507436504,0.4552247079961982,0.3850668874849685,10235886.337972078,0.1036147673851119,0.585833449242519,0.0969427706803315,0.9816688507436504,0.4944671473171911,1.0,0.9816688507436504,4.877188834504087e-05
4,1,1,0,0,0.9258661829127716,0.0084492665512947,7.060968793639705,0.0039465112270607,9.364191995639455,13.611519393698918,0.4291077301074162,79.14202662788992,11564891207.49959,0.0,0.2922274707555164,0.3374330747211497,0.2257070200785004,0.1496356917405326,1474262.931696341,0.0254718294563583,0.1467785747396069,0.0246354605207505,0.9823416967674288,0.6942295465962114,2.911219350916395,0.3374330747211497,4.8643986089005415e-05
1,2,1,0,1,1.6714834570199932,0.0522034401457525,8.84925342276653,0.0039195043096598,3.337922371945271,6.460489040038036,0.7841289165311903,107.44681895945264,19874585677.376698,0.0,0.3522211267215841,0.4625295251638611,0.2659887976727524,0.1664709597305652,637487.412838012,0.0353750202436982,0.2045694900528589,0.0337828736363167,0.987589280967368,0.2913441460191237,2.1351918682758533,0.4625295251638611,4.765790622837291e-05
0,2,1,0,2,2.775171183264182,0.0847079411174792,7.77121569273139,0.0682314042845132,7.725725661408147,17.83316245156317,0.4508056487578429,103.33985293378664,17518559052.327152,0.0005354865465585,0.5114029952084964,0.9881090105261756,0.4049555157339801,0.2813207593653747,1276111.055446059,0.0819944848616869,0.6030274625327898,0.076160313817499,0.9881090105261756,0.3985140527969144,1.0,0.9881090105261756,4.756133782994414e-05
4,2,0,0,1,1.0121433435898792,0.0235354485886302,1.0267048379794568,0.0800838109575773,9.83209916985962,15.931392175284016,0.3043031818238766,120.16847820591114,15442881673.684994,0.0007847405050447,0.438684524274056,0.9891159144980338,0.4841552494063772,0.4328419928595516,15743354.838680845,0.1172031527638756,0.3943189207077981,0.111123725520042,0.9891159144980338,0.4034129939972281,1.0,0.9891159144980338,4.737480635895405e-05
0,1,1,0,2,4.245847065197721,0.0775244260659424,4.266631748836663,0.0799242706466316,4.12500995217189,10.3711271729958,0.0731399183638044,101.50116225990784,9632964604.139849,0.0009090146447996,0.5004735946421244,0.9994497585017578,0.4171813913123131,0.2929253351841754,1642402.1369218084,0.0870201566286386,0.6426016848893967,0.0804655317179181,0.9994497585017578,0.4472482342655364,1.0,0.9994497585017578,4.55022093480854e-05
1,2,0,0,2,2.166121851577529,0.0542448694080126,6.76125601049437,0.0133724743403974,8.266902329652309,14.351438030460312,0.0210935342308027,68.34506383848215,9694841024.682344,0.0,0.2058107451287529,0.3204880953184206,0.2798231262315362,0.1894465712791931,1225611.797585239,0.0391504909869951,0.2380200208012498,0.0372295865266311,0.999714279956327,0.4356531598775001,3.1193491881907875,0.3204880953184206,4.5455259708580126e-05
0,0,1,0,1,3.5143495718902447,0.0607704932595627,8.27473505443993,0.0431238416926001,7.527337800995496,7.518527238904471,0.8126149385069559,96.33237870638132,11209609428.411478,0.0013047580031466,0.8186294529844121,1.7160173680167257,0.4492965360283161,0.314381893726997,62996.62127222532,0.1009336886435219,0.7824912677672597,0.0929234446569152,1.0,0.5484790490590762,0.7934081170666717,1.7160173680167257,4.540460197388359e-05
0,0,1,0,1,1.6380210876620571,0.0769557378295324,8.038851148813862,0.0185537255255335,4.525415744661186,7.668099276508016,0.4951927360200343,90.6734648158966,10977861795.66524,0.0,0.5653716196847833,1.7222030063528744,0.6840423506111308,0.5890233964920943,23195248.58649975,0.2339569687148006,0.5136140905702318,0.2097244495590293,1.0,0.4294844593456931,1.0,1.7222030063528744,4.540460197388359e-05
3,1,1,0,2,0.1280390798408749,0.0789648625417792,1.159509964601168,0.0965589132194455,7.953863410029406,2.0200168973440205,0.142807649853056,76.85102970553648,15856164420.3388,0.0014421763906522,0.5784417482200392,1.74096773504666,0.6737367831862082,0.5902936519189202,22555645.250324525,0.2269606265090498,0.5717076575759081,0.2050821073149772,1.0,0.4392179112478711,6.139900130768694,1.74096773504666,4.540460197388359e-05
2,0,1,0,2,0.2198999459004945,0.0159011503285926,9.091058907013943,0.065290647730854,5.2514985252027575,15.44235337398518,0.7867827740729785,112.99418014158825,14868430013.363222,0.0012685444296908,0.7378327138156816,1.8262400352243973,0.5465019054443431,0.4611594315630281,18159497.60062636,0.1493321663271488,0.7208986230596808,0.1377686664496971,1.0,0.6008420304469504,292.5361722475988,1.8262400352243973,4.540460197388359e-05
2,0,1,0,2,4.285393286338223,0.007164123229496,8.760149029230663,0.052798965469068,6.431808382282077,16.881898979405886,0.3985079915979343,86.38283479756417,12952375042.894682,0.0005040455061975,0.6386122619923068,1.8293885052451195,0.6444521756671854,0.5399553251076817,14822220.799098158,0.2076593033610843,0.5819984943910698,0.1863639420235688,1.0,0.4069094734867736,1.0,1.8293885052451195,4.540460197388359e-05
3,2,0,0,1,4.3457771254516135,0.0424082380866555,6.916157760214361,0.0010713822418162,3.828254531707266,16.032639539513685,0.2597038955566821,63.80112050591285,12843707331.321531,0.0,0.7479011815735266,1.8309879808843204,0.5385140684294647,0.4141526728402256,24478849.085284814,0.1449987009482271,0.7495388604894424,0.1307294842132544,1.0,0.4745267072482144,38.06752972716942,1.8309879808843204,4.540460197388359e-05
3,2,0,0,1,4.3457771254516135,0.0424082380866555,6.916157760214361,0.0010713822418162,3.828254531707266,16.032639539513685,0.2597038955566821,63.80112050591285,12843707331.321531,0.0,0.7479011815735266,1.8309879808843204,0.5385140684294647,0.4141526728402256,24478849.085284814,0.1449987009482271,0.7495388604894424,0.1307294842132544,1.0,0.4745267072482144,38.06752972716942,1.8309879808843204,4.540460197388359e-05
3,1,1,0,2,0.1280390798408749,0.0977763746604109,1.4749227870328632,0.0965589132194455,7.953863410029406,1.3001926746823826,0.142807649853056,76.85102970553648,15856164420.3388,0.0014421763906522,0.5973060476411457,1.8624486412037156,0.7011073392876532,0.6141152282183363,23527902.84515374,0.2457757506015062,0.5926932362354178,0.2204156367988509,1.0,0.4455172391696341,1.0,1.8624486412037156,4.540460197388359e-05
0,0,1,0,1,2.652073432519177,0.081758873098776,5.244794369189593,0.0153111323769915,2.9039030288676813,11.730528235774855,0.6105497663203067,112.51423404531828,9532616282.077402,0.0,0.5637067521002721,1.6203735572447977,0.6428275551929823,0.5567288325822269,21687753.07023371,0.2066136328576933,0.5086103681752674,0.1874591791766875,1.0,0.4024553396063129,1.0,1.6203735572447977,4.540460197388359e-05
0,0,1,0,1,3.528528023952469,0.0769557378295324,8.038851148813862,0.0185537255255335,4.525415744661186,7.74546454844723,0.4951927360200343,90.6734648158966,10977861795.66524,0.0,0.5638957490545187,1.6216873759482533,0.6428220798557768,0.5544387867814324,21607655.40661604,0.2066101131750533,0.5149376660771556,0.1873025112759142,1.0,0.4312217490913277,1.0,1.6216873759482533,4.540460197388359e-05
0,0,1,0,1,2.605128645928262,0.0833660171976504,7.504034109802711,0.0138936932455168,5.577584364764166,3.922988934773029,0.8362159611824823,112.03848917698733,9345863922.991323,0.0,0.5425611337589471,1.6281628867918516,0.6720713038322546,0.5753803580671188,23172530.237909444,0.2258399187173933,0.475709600479726,0.2026426087967142,1.0,0.4147185397159882,0.7211936908557447,1.6281628867918516,4.540460197388359e-05
0,2,1,0,2,0.8390814253119243,0.0837784659979311,7.523180842975544,0.0230757394268611,8.815027052887476,12.57208533051469,0.5265731041010481,81.03262965838893,19111503892.09553,0.001263192956697,0.7914659694380244,1.6300114430257806,0.4420998606298866,0.3054037001795537,85809.62759222268,0.0977261433844826,0.7374190989108862,0.0901230498320799,1.0,0.5006775578293788,1.0,1.6300114430257806,4.540460197388359e-05
2,0,1,0,2,1.5585605115700296,0.007164123229496,8.983498144114856,0.052798965469068,8.529320267733205,16.881898979405886,0.3985079915979343,86.38283479756417,12952375042.894682,0.0005040455061975,0.6242292711572467,1.652621192335009,0.5918225348785783,0.5020661968603937,14712619.21765389,0.175126956395053,0.5491773764432424,0.1595856396069052,1.0,0.4042797705983611,1.0,1.652621192335009,4.540460197388359e-05
2,1,1,0,1,4.22781464387597,0.0726412511321557,6.023666062357164,0.094077856978504,7.640494737381267,15.233238904951778,0.6483313636237941,105.05399451101512,19997918739.649338,0.0013885848752206,0.5867951775970058,1.652764997786497,0.6313377322839934,0.5347393934011939,14749243.118500782,0.1992936661027476,0.513614399129021,0.1798706486370763,1.0,0.45856319137165,1.0,1.652764997786497,4.540460197388359e-05
5,0,0,0,2,0.4178416461702368,0.0768120914935295,0.6486344711090306,0.0012249664161104,1.064771703313259,2.741117809569791,0.402549103678553,121.06288419341732,9902751941.89041,0.0,0.645014823322363,1.6839077382873997,0.5826604685192822,0.4465425661209821,24529219.03918631,0.1697466107875547,0.5811799575193934,0.1507040955136359,1.0,0.2891946559022881,1.0,1.6839077382873997,4.540460197388359e-05
0,0,1,0,1,0.6086353851606001,0.0635857402886605,7.683331448803805,0.0429900131017782,7.392611013074679,9.573825515201229,0.7443131729772127,122.59618070810124,16601054870.365156,0.0014576049865024,0.7701057307922828,1.573638933993945,0.4382740242496803,0.3043627600704151,141449.32719765758,0.0960420601660047,0.7259967476583795,0.0886528521378086,1.0,0.5613134390190113,1.531237732794859,1.573638933993945,4.540460197388359e-05
0,0,1,0,1,0.6333285892405884,0.0607704932595627,8.43387089806393,0.0431238416926001,2.4982376004067866,7.518527238904471,0.8126149385069559,96.33237870638132,11209609428.411478,0.0013047580031466,0.7692387433565206,1.576509151617859,0.4394353920569233,0.3076550265218035,145057.41063392544,0.0965517318961109,0.7321401428659644,0.0891837042543434,1.0,0.5354146396322622,1.0,1.576509151617859,4.540460197388359e-05
0,1,1,0,2,0.6704479548510721,0.0750734385445033,7.26768061881262,0.0337356131660079,0.5549958291490799,11.43728206694225,0.4683799666419922,80.4684271710387,11314688017.054483,0.0009935585525268,0.7748221392808663,1.576646935830207,0.4366984651477303,0.2982721579389967,103593.734218123,0.0953527747311917,0.7171939502144766,0.0880071848981834,1.0,0.453372718964485,1.0,1.576646935830207,4.540460197388359e-05
0,0,1,0,1,0.626961348847202,0.0227455489371095,4.756605819788427,0.0203217435260838,9.061193654744072,3.4692814610395084,0.8373665502744624,126.22524524842215,10603152887.181452,0.0010925065266614,0.7674862542713279,1.5790415002915512,0.4409252169634834,0.3094973782699513,191914.505323353,0.0972075234771474,0.7408254932299827,0.0897115919002993,1.0,0.5447275713075632,1.0,1.5790415002915512,4.540460197388359e-05
0,1,1,0,1,3.337738690304898,0.0623066052431404,8.882647839048573,0.0406229210492593,7.996482425502904,7.5497693560952355,0.8152751352251537,102.19166743959298,11736532642.300797,0.0010939519519069,0.7762633728643645,1.584770676552776,0.4380638151405869,0.3032805501753632,76722.2983867607,0.0959499530677631,0.7234777994992159,0.0886609655189828,1.0,0.4616592644547036,1.0,1.584770676552776,4.540460197388359e-05
0,0,0,0,0,0.9524065344716643,0.058813089431811,8.753262743799961,0.0908953258224829,7.379828579744583,1.8614204390487143,0.1092438883717147,109.07486398116296,10056291966.126831,0.0007498051248912,0.7774412893555722,1.6043133773255969,0.4418117904455672,0.306096638061592,166250.20040820356,0.0975988290883589,0.7561578704736892,0.0899576455322135,1.0,0.4563118133869216,2.7814163986887133,1.6043133773255969,4.540460197388359e-05
0,0,0,0,0,0.682950978888593,0.0268396572076983,7.832465985818481,0.0872275267698998,7.100964691082676,1.589922080017815,0.077293439327257,118.61463665336008,9389409016.51001,0.0008742288194551,0.7498762752188775,1.5227490788272366,0.4357169309701441,0.2994785422840965,172489.45455723177,0.0949246219670206,0.7066628073051904,0.087688603221968,1.0,0.4716198017303682,1.0,1.5227490788272366,4.540460197388359e-05
0,0,1,0,1,0.626961348847202,0.0854555669410574,9.135742585596343,0.0203217435260838,9.061193654744072,3.4692814610395084,0.812490051308598,126.22524524842215,10747544567.742668,0.0010925065266614,0.7471819620685066,1.5243826029037983,0.4371114410296031,0.3075168162266986,206344.91800953852,0.0955332059394881,0.7231742082967895,0.088350488529553,1.0,0.512381723759088,1.0,1.5243826029037983,4.540460197388359e-05
0,1,1,0,2,0.4989449893871571,0.0440549981676208,4.145151111208942,0.0334743217729671,7.0498564889339805,12.74290608922608,0.3356407228496588,119.37825225569328,9613024096.087452,0.0008792953931792,0.7631424723038434,1.5340810529282551,0.4311767549677882,0.2929115809087613,99192.47895305064,0.092956697012276,0.7004999008776427,0.0859308212636238,1.0,0.4405731746651882,1.0,1.5340810529282551,4.540460197388359e-05
0,2,1,0,0,0.6081827914736223,0.0755475344687931,3.202508399470333,0.0326430627290624,4.375841965387409,18.0659609306892,0.3618163887765881,105.46772117996385,13781254601.861675,0.0010262647523578,0.7643936214496515,1.550528515400226,0.4353270514293065,0.2970713757698656,111150.24984525864,0.094754820853067,0.7091715832754484,0.0875141208940553,1.0,0.4460708843981618,1.0,1.550528515400226,4.540460197388359e-05
2,0,1,0,0,0.1407278251124593,0.0405247090041126,4.652027036521643,0.0018878852790083,4.765464437726923,5.178372585906509,0.8415232367260527,92.78287586319152,17601283812.09233,0.0,0.5461639932496897,1.568319955884764,0.6434159953267277,0.5218601412822614,23321097.45854546,0.2069920715211418,0.4443906213180221,0.1850598905221568,1.0,0.3065869547657662,1.0,1.568319955884764,4.540460197388359e-05
2,2,1,0,1,3.957083103367749,0.0584419435870633,3.112922610320416,0.0866662923796388,0.379644681469456,4.164175563535878,0.2482306173086433,80.59085330103134,9315395473.927307,0.0014750326109807,0.1195890599428859,0.1605519370207961,0.1758646361128924,0.1410291244417105,2548703.09583627,0.01546418511756,0.0862866814363043,0.0151490055979209,1.0,0.5183217312600464,85.24999573284056,0.1605519370207961,4.540460197388359e-05
3,1,1,0,1,4.084112127789205,0.0737409391641689,7.097241746009599,0.0218111358029771,1.548733767283397,12.135652435538807,0.3495022209708991,103.89665085465164,13806409360.126596,0.0011377027211096,0.1983245993031604,0.1624317663908215,0.1444688910033855,0.1272960108153251,4156427.101658497,0.010435630233874,0.0576684317054424,0.0103785433088342,1.0,0.4468554728480116,8.118242597481732,0.1624317663908215,4.540460197388359e-05
2,1,0,0,2,4.519099998011878,0.069052180533788,5.2123476684315975,0.0441956421636893,0.6511395666420665,16.588680106499275,0.4456311643530953,122.28495651939711,10961415620.79499,0.0013622324176211,0.159489424740127,0.1519574967570283,0.1580106738552402,0.1255285407372689,3553519.942148789,0.0124836865260935,0.0698548676679985,0.0123289567242146,1.0,0.501843546582665,29.340532283072328,0.1519574967570283,4.540460197388359e-05
3,0,0,0,1,0.2998034386455085,0.0056628965368297,8.635530044722918,0.0121501911610607,8.37037521725466,1.7490171160026249,0.3853101742003706,77.03527497877235,10269212866.732183,0.0,0.1688702043080236,0.1521421200900893,0.1522746665794151,0.125524180679829,1073934.765335792,0.011593787040936,0.060152288452321,0.0114942657990227,1.0,0.8663164299705703,134.12269113835666,0.1521421200900893,4.540460197388359e-05
4,0,0,0,1,2.9520781516673624,0.0106310630304893,8.992692505826149,0.0063433368136254,8.707392606116212,14.134961142794891,0.1617897236210624,78.1800417923512,10512105008.243277,0.0,0.0745163680165563,0.1584802322248092,0.1760415929216244,0.1206000723169339,2810166.506440629,0.0154953212191914,0.0868858755928216,0.0151900584020923,1.0,0.8493837724394419,26.02300570528441,0.1584802322248092,4.540460197388359e-05
2,1,0,0,2,4.7967887076901885,0.0385169458221348,4.411421378895585,0.0988397416280031,1.1760529699020124,2.5313395842258326,0.4096382962833802,116.58252371878628,16151444610.262669,0.0012921201467133,0.1442815568526648,0.1594077012132725,0.1733595410446048,0.1376856781254462,2763331.7998594022,0.015026765235598,0.0817335044189054,0.0148218390610941,1.0,0.4550941864570827,45.75540485212954,0.1594077012132725,4.540460197388359e-05
4,0,0,0,1,0.174577784756505,0.0108920449440757,8.830291210307664,0.0083030042759894,8.70955710880982,16.826419362969347,0.1659992423860615,78.78202892327849,10513442325.155228,0.0,0.1200384892855325,0.1424931461307118,0.1559615786626955,0.1205996154365588,3315354.263189685,0.01216200700948,0.0663155890534005,0.0120511671587289,1.0,0.71292763577505,17.86561872813122,0.1424931461307118,4.540460197388359e-05
3,2,0,0,1,3.1469724624355937,0.0464017185537542,8.818316196223112,0.0053098650112903,5.204781925958991,11.877243436399612,0.0224088990793756,90.5910244524081,12607170998.312183,0.0,0.17361226010221,0.1431524564394153,0.139898454094845,0.1184334013408311,3848420.820867642,0.0097857887290637,0.0543012216910048,0.0097250971576385,1.0,0.3828040540681498,11.489406357077328,0.1431524564394153,4.540460197388359e-05
4,0,0,0,1,1.12889336715347,0.0114021461304983,6.668835640008393,0.0144033935166978,6.320966494818086,8.80505213957783,0.1281734708062906,104.20674513485216,15942311940.623766,0.0,0.0953027778574746,0.1466206129919449,0.1618131387753128,0.1108946739101711,1048994.7762717365,0.0130917459401593,0.0731943768609477,0.0128832500375527,1.0,0.8531775789501066,12.302674227963296,0.1466206129919449,4.540460197388359e-05
4,0,0,0,1,0.1943601724760604,0.0108667057905462,9.095389650164885,0.009464782274462,8.539857003547086,17.347796841964417,0.1783859095671313,79.65846558776511,10320622881.745909,0.0,0.0953180146341745,0.1314765780548969,0.1450149007552393,0.1120370741725481,2539055.8404203663,0.0105146607205259,0.0584455729041692,0.0104187246083864,1.0,0.7272072264056458,8.978418487168332,0.1314765780548969,4.540460197388359e-05
3,2,0,0,1,3.147499323253334,0.0477114355726275,8.215730856288214,0.0058877191100569,6.077056857906903,9.936927835981264,0.0310824781385862,87.99629583132992,15009952605.01144,0.0,0.1516724323733041,0.1366882534475271,0.1467776824992368,0.1212805854466003,3032662.7287839083,0.0107718440399233,0.057933571008203,0.0106820104528532,1.0,0.351734635453299,10.693880447573829,0.1366882534475271,4.540460197388359e-05
3,0,0,0,1,2.5375299044176525,0.0052207231004507,5.0861398527818205,0.020522012715966,9.25892861215116,15.1664811823518,0.4630665090395841,96.962819808738,11614046738.951752,0.0,0.3525432142642425,0.560826560412484,0.3210466619081942,0.2241519009830285,45751.92881232295,0.0515354795611971,0.3345148598471517,0.0483749439337425,1.0,1.033892736311954,213.11776414136665,0.560826560412484,4.540460197388359e-05
3,0,0,0,1,1.893492657550155,0.0427190357409988,9.592709807846887,0.0063577491381156,7.103480286344669,12.372142263100162,0.3406751811259078,72.46354991552789,9018245561.914677,0.0,0.3859062391529504,0.5633421114798236,0.2992876890880207,0.2405714462624696,6192849.910686403,0.0447865604198238,0.2782355642561716,0.0428416090496804,1.0,0.3845255690124328,10.8988012636236,0.5633421114798236,4.540460197388359e-05
5,2,1,0,0,1.1830220601047792,0.029982635806467,2.792124910293805,0.0468287862568063,8.698070842440929,11.690130692586097,0.1707156225813546,67.31215874055677,9264131119.728302,0.0008249206419405,0.3903241633037302,0.5645613764108235,0.2974072169145363,0.2443466765070381,5972849.810136095,0.044225526336425,0.266549391910277,0.0427099509693133,1.0,0.3475397598078735,476.1330706132541,0.5645613764108235,4.540460197388359e-05
4,2,1,0,0,1.019056144384202,0.0372223312760584,7.28987552892734,0.0463885107392238,4.258729999243806,16.120029377030214,0.0339629631938671,79.79979060713978,17926815702.371822,0.001201364261133,0.3744456695134138,0.5647233028080355,0.3112424520810638,0.2484487107467593,7476214.558650361,0.0484359319887166,0.2373978860634582,0.0467263500565931,1.0,0.4420240259490767,259.2814294778843,0.5647233028080355,4.540460197388359e-05
3,0,0,0,1,2.5375299044176525,0.0052207231004507,5.0861398527818205,0.020522012715966,9.25892861215116,15.1664811823518,0.4630665090395841,99.41007419790822,17084425262.1687,0.0,0.342715347998171,0.553820239437346,0.3246219169171783,0.2394205811851675,51941.23835342984,0.0526896944714917,0.3408342026606029,0.0497927207665277,1.0,1.086965822687835,205.08249679788244,0.553820239437346,4.540460197388359e-05
5,0,1,0,1,3.84907702677708,0.0277257047814969,7.537568212968389,0.0306069214430597,2.8425689967460883,10.380985170485628,0.491638746551668,63.922087246897945,16618258985.841385,0.000749046884956,0.3742461957050523,0.5589238469299923,0.3050681743098387,0.1964681297200109,3808929.365164639,0.046533295488369,0.2858220145932825,0.0428305528954371,1.0,0.5278105274166618,11.725761094647428,0.5589238469299923,4.540460197388359e-05
1,1,1,0,2,3.211448075152945,0.0124873755682574,3.651221441598844,0.0532949082483805,3.8901773806775792,3.962645393755761,0.4061879242819361,107.9919480839571,14667073052.742804,0.0,0.3809019171027948,0.5523938094229844,0.2973311178409769,0.1924593072155523,201634.4136931556,0.0442028968182824,0.2635767184409611,0.0420816327979766,1.0,0.8903849607386001,24.637283600066304,0.5523938094229844,4.540460197388359e-05
4,1,0,0,0,2.937474699066984,0.0215349333131555,0.538067501180583,0.0583664127327239,3.726917840075548,7.002883358371722,0.0186650150535287,93.97991242197776,17311855454.009018,0.0011223804713653,0.3718330037011487,0.5844179272863377,0.3209523299918407,0.2629447273684167,7394177.000245121,0.0515051990635957,0.313531200860209,0.0494905531924075,1.0,0.3218543908727991,2.900761126275086,0.5844179272863377,4.540460197388359e-05
4,0,0,0,0,0.1615381820342833,0.0434892261248229,1.2007723712273148,0.0494798049020795,7.205836802762979,1.5386093825292195,0.3958803269019855,117.43264534935234,9535729643.521397,0.0006936983253583,0.3848289443794301,0.5850562505432932,0.3112975736039777,0.2443837450796675,6101710.5165127935,0.0484530896658619,0.3082949673147656,0.0463010730384323,1.0,0.3006451026982361,3.455940979781334,0.5850562505432932,4.540460197388359e-05
4,0,1,0,0,0.6998921663667408,0.0858475208575859,1.7131692093043456,0.0138338577572673,6.655476424573607,4.850498659187768,0.7791943064431543,127.32391698852015,14713432798.663307,0.0,0.3985734073297302,0.5881599633727,0.3058343474020473,0.2531401656809519,8858960.704270357,0.046767324025418,0.2539043075343492,0.0454109674213104,1.0,0.4027253887343581,34.68602200123503,0.5881599633727,4.540460197388359e-05
4,2,1,0,0,0.1931277702455919,0.0430271360565683,1.6744072274657995,0.0981181535824615,5.924181818150685,1.5599818521025246,0.0463050213394032,64.646330677238,13243775887.703514,0.0014797996853557,0.3663472157157221,0.5782143241139994,0.3277726179697847,0.2725956930493617,10732391.918145375,0.0537174445453832,0.2071980283216798,0.0521025562109317,1.0,0.3885718458232345,4.5210300210020495,0.5782143241139994,4.540460197388359e-05
4,0,0,0,0,1.9949583419236991,0.0536980108702491,6.526527481003934,0.047013530769967,7.4894656913535105,5.527796232442313,0.4534434071726907,107.80724932869332,9144971993.003277,0.000666551087173,0.3803707258868681,0.5722165559227725,0.3075098595815683,0.2044089696163266,2877889.9342663004,0.0472811568699379,0.3006695466356727,0.043501315792614,1.0,0.4679890002666824,26.012362550954485,0.5722165559227725,4.540460197388359e-05
3,2,0,0,1,0.7019238702387285,0.0052083257078759,5.48235481657653,0.0036340558955202,2.588905574948561,4.207612887652849,0.0879342184170083,78.18620697797644,18802833707.73556,0.0,0.4008639465514351,0.5383814519809609,0.2765464516953202,0.1818005598255046,61892.18653930388,0.038238969972636,0.2341353147580459,0.0366817326442435,1.0,0.6873166830534585,21.65795299935637,0.5383814519809609,4.540460197388359e-05
1,1,1,0,2,3.9433345346414583,0.0924611101739323,4.507984040403716,0.0279268351317293,4.847956641838711,19.966934194855437,0.4631496816322856,72.53116383319787,15900276521.39906,0.0013002667522383,0.3304127013908995,0.5391605930733139,0.3267356334459464,0.2293402286728346,1292602.496551998,0.0533780870816619,0.3250013350739547,0.0503680530412561,1.0,0.6035063187203394,3.755990953817336,0.5391605930733139,4.540460197388359e-05
3,2,0,0,1,0.2002779257769039,0.014354391996141,9.831531516560696,0.0262732293015971,9.42446333483888,7.483430797138451,0.2392368867400858,61.64409593130714,15856837212.591568,0.0014064020018473,0.3478628574493486,0.5401231928967661,0.3150798727631532,0.2511205618337602,11513809.27302773,0.0496376631102224,0.2761481937228852,0.0477086227897722,1.0,0.6426037301281446,57.33852316122507,0.5401231928967661,4.540460197388359e-05
3,0,0,0,1,2.9487782569366674,0.0846046075110804,8.04298333330751,0.0155731104927054,3.203457808281716,5.391525436169951,0.1565308678223819,95.74393775425172,14451870474.56898,0.0,0.3482269109536617,0.5402427928555398,0.3127043295925409,0.1925567397144066,670130.1525058139,0.0488919988729602,0.3133505637340917,0.0451136790414196,1.0,0.4558824440936755,7.0771789604898006,0.5402427928555398,4.540460197388359e-05
3,2,1,0,2,3.425911548618532,0.0260495741543395,2.980290812457368,0.0654751532177162,9.81685568825079,18.981533392313548,0.3258130469735963,64.86144683041009,17515435725.867188,0.001018127991387,0.4105186537431666,0.5412562267408823,0.2722755564107177,0.1702336481996754,430828.7692286109,0.0370669893093829,0.2247725021124741,0.0352928476418766,1.0,0.4589951027891371,4.370453984134128,0.5412562267408823,4.540460197388359e-05
2,2,1,0,2,3.049710823936777,0.0264866055181036,1.104897789076921,0.0239446240466191,6.8413836375623145,16.316666318401364,0.0127593385618551,109.933381553814,12108090285.42186,0.00141159277096,0.3392747802146599,0.5286805327520162,0.3129932568704128,0.246546239092279,5807012.110196012,0.0489823894231741,0.3085092451409806,0.0468804220036704,1.0,0.3548221945167563,2.7951097450905564,0.5286805327520162,4.540460197388359e-05
3,0,0,0,1,1.8546090767047467,0.0900046182747635,8.852109505284442,0.0342467748405447,6.475878514436522,13.090249779216135,0.2140782057342986,61.464942058015126,11925480796.014524,0.0007979610985139,0.3530090124583118,0.5300868066355674,0.3040797738365802,0.2122275446157685,5114740.379553206,0.0462322544282529,0.282133932649647,0.0428682118344753,1.0,0.5147936899289949,45.2498077204918,0.5300868066355674,4.540460197388359e-05
3,1,1,0,2,0.3620631859952743,0.0694783622247796,4.760011357860179,0.0254057616062847,3.792245845335819,8.652490612954528,0.0330185473026575,95.65286686832256,14309940771.255829,0.0009386537228766,0.3829812571351236,0.5199779002991284,0.2788037483380449,0.2392001065171553,8316393.0063388,0.0388657650436719,0.2214921430131186,0.0380129526274195,1.0,0.3971812291439898,49.43698676914346,0.5199779002991284,4.540460197388359e-05
5,2,0,0,0,0.3913937771834058,0.0301028038826021,6.899625181312064,0.033545803047435,7.533255679476626,13.516666108346788,0.2089169967842244,74.50744002016219,10963369375.469986,0.0011676379919901,0.3583886053184319,0.517144105415424,0.2951363018813402,0.2452403936093171,9616667.80777679,0.0435527183440968,0.2216333489859996,0.0423484357280214,1.0,0.4299469199879785,24.47630269683301,0.517144105415424,4.540460197388359e-05
4,0,0,0,0,0.535953653667976,0.0451882566609034,3.056141198581958,0.0894272540448576,7.923753320408635,5.268076266250283,0.4689808389301121,111.7322514733531,10120471977.854954,0.0007187379768321,0.3501385840097167,0.5186936532271088,0.3015394518836564,0.2414525075347796,5615211.679163744,0.0454630205211479,0.2397161933582227,0.0435012921303184,1.0,0.3845433673683656,86.52961387904298,0.5186936532271088,4.540460197388359e-05
3,1,1,0,2,0.3620631859952743,0.0694783622247796,4.760011357860179,0.0254057616062847,3.792245845335819,8.652490612954528,0.0330185473026575,95.65286686832256,14309940771.255829,0.0009386537228766,0.3829812571351236,0.5199779002991284,0.2788037483380449,0.2392001065171553,8316393.0063388,0.0388657650436719,0.2214921430131186,0.0380129526274195,1.0,0.3971812291439898,49.43698676914346,0.5199779002991284,4.540460197388359e-05
4,0,0,0,0,1.0733307752758905,0.0260850806568621,8.111217748693596,0.0877066509377134,7.142851010041557,1.9085230467984131,0.0862704330317105,118.37136807345976,9782879540.46428,0.0008521629117301,0.330961033444553,0.5113968217778877,0.3089215879616725,0.183454149267175,205875.11039467208,0.0477162737543806,0.3028698640610795,0.0440219900617631,1.0,0.9085750696147364,33.85264244357071,0.5113968217778877,4.540460197388359e-05
2,0,1,0,0,0.5973582880900695,0.0162541094532319,3.31744265660943,0.0811687436712124,8.720444847391889,5.928649789031756,0.4799281968270462,106.28377749177174,12397517524.141232,0.0,0.3095714366046146,0.511996719607252,0.3259568659572902,0.2054863855824618,236753.8732378868,0.0531239392323494,0.3464337294603191,0.0493841953286786,1.0,1.709795718264947,8.926449842425123,0.511996719607252,4.540460197388359e-05
4,0,0,0,0,0.4427247100625798,0.0222716015682555,1.3307217580045585,0.0641315624538017,8.460070600978478,6.378963147035663,0.3584782921254662,95.32169254665232,10190378165.919777,0.0006781677494497,0.3624602607586695,0.5098430185297166,0.2899132055258003,0.2327644560504726,11006955.276972895,0.0420248333691224,0.179280459226698,0.0408975376296432,1.0,0.5768968199330681,56.226137565975165,0.5098430185297166,4.540460197388359e-05
4,0,0,0,0,1.0733307752758905,0.0260850806568621,8.111217748693596,0.0877066509377134,7.142851010041557,1.9085230467984131,0.0862704330317105,118.37136807345976,9782879540.46428,0.0008521629117301,0.330961033444553,0.5113968217778877,0.3089215879616725,0.183454149267175,205875.11039467208,0.0477162737543806,0.3028698640610795,0.0440219900617631,1.0,0.9085750696147364,33.85264244357071,0.5113968217778877,4.540460197388359e-05
2,2,0,0,2,3.1720061757092712,0.0197334737008261,1.9784684291286871,0.0937134888703373,8.337076056509872,11.38106793391897,0.4384034403430146,116.86883155366536,11485748068.037828,0.0,0.3239496169533069,0.502653093116036,0.3090811617419622,0.2081725660322737,242555.0568088849,0.0477655822718805,0.3021223795356124,0.0453012222385269,1.0,1.1212714670491766,5.339923609624257,0.502653093116036,4.540460197388359e-05
5,0,1,0,0,1.887315132584985,0.0231831682313955,1.66435213070669,0.0160951732035903,7.864938334793317,8.454351873418835,0.819131300349503,85.69525923002774,12363334466.017555,0.0,0.310807166411045,0.5029176389081838,0.3193760315241364,0.2229709617776329,4027926.95227608,0.051000524756053,0.3298911270711501,0.0472203773237016,1.0,0.4801186206454285,73.75165342766289,0.5029176389081838,4.540460197388359e-05
3,0,0,0,1,3.072376664872884,0.0861886321437446,1.0367146067171074,0.0902132943134158,0.5359119484590927,1.7787178200746354,0.4709886704123524,91.5599877923456,10484547247.868437,0.0013926338442458,0.3369621325637165,0.503004349013423,0.3025107792637712,0.2507067680153989,8989275.330845246,0.045756385785387,0.2302954848899528,0.0443645299322073,1.0,0.2379846376968277,41.5323355394635,0.503004349013423,4.540460197388359e-05
3,1,1,0,2,0.1641763561158868,0.0256870417715152,2.7968047069282416,0.0471980632460436,1.9429468500239024,2.440687753720888,0.0571947596246416,92.76164110178532,12451248982.502708,0.0014502289294554,0.3219983153138104,0.4987641912211581,0.3142177262821684,0.2700135399197489,10515887.039798386,0.0493663897549678,0.1964858719407649,0.0479966998805299,1.0,0.4387017166086661,2.9352219952454264,0.4987641912211581,4.540460197388359e-05
3,0,0,0,1,1.679340532183375,0.048335184676351,7.04543857709513,0.0838352403332523,1.393452958766001,3.1036042528976098,0.1945876683678468,60.499759701447104,11601808108.199469,0.0010221582404826,0.354683455315817,0.4968586866268953,0.2849692624762167,0.2174237103308326,4073701.9398825527,0.0406037402781194,0.2240220802925668,0.0389717847453453,1.0,0.5203845088804515,5.810668096212258,0.4968586866268953,4.540460197388359e-05
5,0,1,0,1,3.2741246362332475,0.0629518046742685,6.729862598392114,0.0031334837202407,5.821256230683265,10.561072997716431,0.7780697877417946,100.46581747470042,10584467909.84718,0.0,0.3396074980103721,0.4927759069320531,0.2917882431603779,0.1893275216316079,1057494.1587123782,0.0425701894233099,0.2621480895934277,0.0400973304192811,1.0,0.4507214002378455,13.42301918502551,0.4927759069320531,4.540460197388359e-05
2,1,0,0,0,2.356735586657264,0.0183013094681494,9.439178280400371,0.0816833061152307,8.747156882734775,5.949939250905007,0.4902165224616873,105.77702741024554,11846449647.639992,0.0,0.3349464012538232,0.4931699336729555,0.2953241927510233,0.1967981198228951,210431.1569192096,0.0436081894120217,0.2702526078006136,0.0415570150402386,1.0,0.9819183909602992,70.62067596919037,0.4931699336729555,4.540460197388359e-05
5,0,1,0,0,3.824364489632312,0.081553017084209,5.898433218129576,0.0721512670804266,4.680592710491871,4.904068992540415,0.5687339060272074,102.81157721640082,9687476783.678495,0.0010342420946982,0.3425334717471938,0.4872245619048542,0.2863594614585881,0.1712717741828861,1980409.0203946987,0.0410008705834263,0.2533006871505595,0.0375900232435767,1.0,0.4920460422058711,17.46857611639054,0.4872245619048542,4.540460197388359e-05
2,1,0,0,2,4.63628961841406,0.046026524357232,4.092683300823321,0.0999436425500855,0.2441487615023094,2.5129361967119275,0.4072259092696653,129.72081458096466,15477734239.996222,0.0011048574161152,0.2844058052656454,0.4878217221815711,0.3408414474610102,0.2840447142930873,9873153.256466877,0.0580864461536583,0.2083430368663287,0.0556922243731357,1.0,0.5962716721426531,8.0593835393177,0.4878217221815711,4.540460197388359e-05
4,0,0,0,0,2.904469944077836,0.0153096182785244,5.776978236084006,0.0840802070552589,7.0821281546535815,3.429280177372764,0.1981332738337299,106.55895601286986,10721064368.700705,0.0008540529283195,0.3000798586616794,0.4819999099125656,0.3150041407870308,0.1915876759060673,146883.2998216584,0.0496138043564877,0.3190321867438631,0.0459344519036966,1.0,0.8892155944520053,13.304081927354972,0.4819999099125656,4.540460197388359e-05
3,0,1,0,1,0.9480969037726568,0.0631786482593324,1.8079484658817304,0.0384309095774804,6.143970019689184,11.509294519704143,0.0347085033628694,62.23114511988357,12379918091.1071,0.0008472455613759,0.3402133433473377,0.4820492131020535,0.2853916939708354,0.2195407556977009,7007010.791366364,0.0407242094937714,0.2425808607382975,0.0390058999895324,1.0,0.4128923640222672,16.615136392652982,0.4820492131020535,4.540460197388359e-05
2,0,1,0,2,1.9410183851615128,0.0214829706640095,6.283774113066582,0.0715401234264982,3.692839937448921,16.413787427216494,0.6451963640045363,109.74430483404988,18656959195.65097,0.0014706807245141,0.3705696925387302,0.6072069296129018,0.3387933583284192,0.2200981377035196,253327.1770447564,0.0573904698237243,0.2643805968559816,0.0533355402246661,1.0,0.8840582506509741,12.063350595127156,0.6072069296129018,4.540460197388359e-05
1,2,0,0,2,3.586005681786495,0.0334590662478953,3.2442651216407623,0.0952008295048732,9.140694695125578,19.02671650236491,0.8020230120150311,129.9700350424233,13757937247.9484,0.000680824470772,0.3477474356468475,0.6094157036247233,0.3612874793216879,0.3214926393400694,12070698.178183516,0.0652643213573095,0.2504522267376344,0.0631141611964625,1.0,0.4737547794492973,4.1310961946786335,0.6094157036247233,4.540460197388359e-05
4,0,0,0,0,3.494059812355291,0.0528080073058143,7.8332533179307555,0.0556802280139896,8.992334404868908,7.0825258258041615,0.3981046666668808,96.92040705125676,10260123321.118427,0.000805591342415,0.3961733274256322,0.6031610175355931,0.3129321060096525,0.1988521228438652,1969725.709654651,0.0489632514858181,0.3131458071632392,0.0448094957856657,1.0,0.4810785983322006,117.77920069173342,0.6031610175355931,4.540460197388359e-05
2,1,0,0,2,4.405541110855293,0.0804897959506828,8.80936542836635,0.0864611659721907,9.34877514767262,13.998180301183728,0.7965714569029261,101.24807925947944,17593903934.10829,0.00073208189926,0.4073480431015953,0.6052748911303817,0.3071388231860905,0.2475903888140176,5423540.614444958,0.0471671283540682,0.2892103349587194,0.0454132099006219,1.0,0.4034913629724625,4.134872958591787,0.6052748911303817,4.540460197388359e-05
4,0,1,0,0,4.770271558307124,0.0533196119768851,2.837017236981654,0.0713207234524756,0.3052971784230756,5.50513404619781,0.6233343720699285,95.7640201756178,12223482522.78156,0.0010498352475329,0.3701604299748536,0.5950307368884916,0.3316942510699312,0.2695510292613978,4943788.342288506,0.0550105380964212,0.2639809997048028,0.0525555048612477,1.0,0.464779365350608,113.5225465441945,0.5950307368884916,4.540460197388359e-05
5,0,1,0,0,0.2063967628156563,0.090736596749811,4.8014028080368325,0.001596490139431,5.335315420550248,10.021883920571854,0.6233042027777809,125.07484959479,9012142058.41808,0.0,0.3789614093740639,0.5984390596192031,0.3258195451440364,0.243317704417434,2703744.6476785345,0.0530791879989334,0.2762847211421441,0.0496544779694201,1.0,0.3644200316588628,2139.987761807747,0.5984390596192031,4.540460197388359e-05
4,0,1,0,1,1.0632357569491055,0.0653106285883689,6.943730566275178,0.0341463017703686,4.298358832589718,5.110956011349376,0.8166277408099087,125.88940164534606,16792603410.282818,0.0006515313209861,0.3737033278812343,0.589957968426226,0.3234090066575386,0.237830014170063,6282117.757118792,0.0522966927936079,0.3031296593476723,0.0489393881947288,1.0,0.5020386671058562,48.89848146073562,0.589957968426226,4.540460197388359e-05
3,1,0,0,2,0.1855016737664995,0.0223241478199,4.425583152845707,0.0908456433478513,7.1721863770148016,7.034781486383883,0.6103795648934348,82.11878090811238,11201425941.881804,0.0011744488994164,0.3843236615605525,0.5918416919413976,0.3176875697352938,0.2125482359763472,387734.4948623102,0.0504626959821585,0.2745061422085819,0.0477963834007063,1.0,0.7347627723672134,55.265509915212064,0.5918416919413976,4.540460197388359e-05
5,2,1,0,0,0.4515281327766522,0.031076092061581,6.820141928467555,0.0344347393639465,7.425010278625006,13.705309649039297,0.2168105959474201,74.75978451848478,10941877166.48905,0.0011716629978741,0.3519939596534445,0.4770007790358243,0.2747509662361261,0.2209741435054253,8159680.768054305,0.0377440467238424,0.2161233725636742,0.0367784383491567,1.0,0.419531198905446,18.978109930302267,0.4770007790358243,4.540460197388359e-05
5,2,1,0,0,1.1830220601047792,0.029982635806467,2.8580702483046068,0.0468287862568063,8.698070842440929,11.690130692586097,0.1707156225813546,67.31215874055677,18829666691.76876,0.0008250345573668,0.3534986583720959,0.4770423203593847,0.2731035082914924,0.2226542562691952,5239977.652734217,0.0372927631205606,0.2260270151564627,0.0360683483707759,1.0,0.3529734195299964,31.701403763686923,0.4770423203593847,4.540460197388359e-05
5,2,1,0,2,3.299592692913167,0.0954609630740404,7.871466798495978,0.0571434152949652,8.971442876120411,9.599536650090414,0.4375443458337046,84.75586949129311,17705469156.096878,0.0009360764368608,0.3209483350212889,0.4771772206647512,0.2958508123911969,0.2215458342344331,3433402.3907416724,0.0437638515962656,0.2737074573681466,0.0412996556135716,1.0,0.4437846711645056,3.031535244354368,0.4771772206647512,4.540460197388359e-05
5,0,1,0,0,1.887315132584985,0.0231831682313955,1.66435213070669,0.0165790097450184,7.864938334793317,14.373475773376564,0.6689709425636747,85.69525923002774,12363334466.017555,0.0,0.2913599521063827,0.4777278632728265,0.3194502494757751,0.2179517190541827,2744178.576248297,0.0510242309450674,0.330394754211828,0.0471907587650955,1.0,0.4664593621387594,67.70566704766222,0.4777278632728265,4.540460197388359e-05
4,1,1,0,0,0.8124857644670958,0.0107293906122325,8.896682521995242,0.0187385737904347,8.575426467676367,4.636428091748833,0.3636957437564681,78.39968000508148,10894353809.30073,0.0,0.3697496202299067,0.4711377633020801,0.2597520252359166,0.1700762486415865,49326.70267412116,0.0337355573070801,0.1955057441115116,0.0324524756519399,1.0,0.7452600259800514,47.727488353362574,0.4711377633020801,4.540460197388359e-05
5,2,0,0,2,4.206695813383417,0.0951975165186897,5.059548989819491,0.0442149603352931,1.4835752616805786,19.64207221794632,0.688674263268102,95.29421941779712,18421805624.64933,0.0008681574916657,0.3438966565023885,0.4720386293993018,0.2792399754788484,0.2313449840341368,10162098.525860129,0.0389874819527139,0.1870241683184622,0.038060009701183,1.0,0.4394394728621475,210.72066684022417,0.4720386293993018,4.540460197388359e-05
4,0,0,0,1,4.807607314935935,0.0634744856958159,1.74446812061759,0.0056050966856239,8.995188934004796,19.972827301017237,0.2045010606021715,65.86339810592604,10652087258.689123,0.0009545950616829,0.3242113755695777,0.475406757127744,0.2951412790064913,0.2616793413032077,9202181.034065217,0.0435541872867937,0.2182509956927706,0.0426223501641982,1.0,0.4359939596454473,3.295045105166487,0.475406757127744,4.540460197388359e-05
1,1,0,0,1,0.4910409817810902,0.0138289978330286,1.585016975473828,0.0024025152704261,1.54621565959022,3.147187962502411,0.2936248150859918,64.10173286779815,10362306950.840109,0.0,0.3884461642914305,0.4674825135850852,0.2462633647361177,0.1561324712825715,22150.84831671557,0.030322822405577,0.180158507933272,0.0291145958909366,1.0,0.2758955063005921,4.242426749813609,0.4674825135850852,4.540460197388359e-05
2,0,0,0,0,3.5929112999690034,0.0828840401501051,6.032646149194185,0.0534990621167422,4.518539119019457,15.910691837554982,0.3783904723356343,73.5647510015728,9060314797.782696,0.0005620556012891,0.3138336197078046,0.4676172275850444,0.295267192859767,0.2037836046206979,2762704.8236675607,0.0435913575896434,0.2728543791099653,0.0405984216832306,1.0,0.4073902034262743,29.932681889189134,0.4676172275850444,4.540460197388359e-05
3,0,1,0,1,0.9926248001243833,0.0627221729904018,1.9542500138747847,0.038107825979185,6.149966954687016,11.908681823766102,0.0247893241510676,61.30032763347484,12468598849.11122,0.0008675298582192,0.332074485985556,0.4692915354712291,0.2834616205927108,0.2176721325486778,5986908.530836729,0.0401752451745229,0.2395813481763281,0.0383513712393862,1.0,0.4244267704111965,23.07778326167688,0.4692915354712291,4.540460197388359e-05
5,0,1,0,0,4.08170931282441,0.0905708684308348,1.4033544159588571,0.001596490139431,5.363553626506286,10.00298169589047,0.6233042027777809,125.07484959479,9012142058.41808,0.0,0.331055284832322,0.4631496427473483,0.2801914561915334,0.1828024915003695,737063.0594623906,0.0392536260613659,0.238712919294623,0.0370514028367352,1.0,0.4223617594786739,3.2532009085414164,0.4631496427473483,4.540460197388359e-05
4,0,0,0,0,0.6289405746557902,0.0260493565193347,7.7782980133796915,0.086127902107717,7.082792654430732,2.037482022378965,0.0867994517599495,118.22868948939274,9777792816.551846,0.0008513888242278,0.3185697189718954,0.4644062658619623,0.2901003274448936,0.1657511197223622,175261.02335396488,0.0420790999918172,0.2551833938740052,0.0388610807909643,1.0,1.0243480484903549,33.81010618240262,0.4644062658619623,4.540460197388359e-05
2,1,0,0,2,4.262053979774153,0.0776640300445117,4.423513722288155,0.094476682510748,0.317359977746871,12.126044163590995,0.3836139861387371,125.95962175123546,14093218568.063322,0.0010092017913819,0.3391804708586449,0.465651971154926,0.278651402185208,0.2359441707764937,7061139.658937525,0.0388233019698912,0.1862962221121181,0.0379319116158443,1.0,0.4603295978976986,10.431578385352644,0.465651971154926,4.540460197388359e-05
3,0,0,0,1,2.476576806781296,0.0866823715130956,3.094615169798621,0.075641140020029,2.664172032965202,9.661723823898248,0.6485713807931484,88.83504199867431,15004327957.729967,0.0013137128472671,0.3152390408823632,0.4658510213090976,0.2981783487565306,0.2590223468162885,7488039.270512802,0.0444551638335855,0.1807057290820233,0.0432284365845375,1.0,0.4785166341876957,12.73888781413518,0.4658510213090976,4.540460197388359e-05
2,2,0,0,2,2.7723218533254346,0.0197334737008261,2.224424760899575,0.0937134888703373,8.177628061905557,1.149638216391347,0.4384034403430146,118.79638504537836,11485748068.037828,0.0,0.3080371177297993,0.4665228307060622,0.2993025360027286,0.193184751777196,212264.82198680087,0.0447910040288323,0.2757002457611117,0.0425538991905665,1.0,1.2427350496122669,175.69809167949072,0.4665228307060622,4.540460197388359e-05
4,0,0,0,0,0.6725381931114527,0.0260850806568621,7.771115191834813,0.0877710028649334,7.150032766112474,1.9085230467984131,0.0862704330317105,118.37136807345976,9782879540.46428,0.0008521629117301,0.314882672851338,0.4621131808964874,0.2914428882810975,0.1675855834854061,181498.1355168947,0.0424694785648141,0.2573219362699116,0.0392604384134411,1.0,1.0527605989882578,34.315572889681,0.4621131808964874,4.540460197388359e-05
1,0,0,0,1,1.349604463876372,0.0269923799902127,7.285944250751275,0.0679526130669571,4.134121126836299,11.81977466338457,0.4879349818985645,108.42070918897667,11651802862.041763,0.0009796188487032,0.3499842143868255,0.4591653934407862,0.2655918735202602,0.1728121103824902,293834.4084514333,0.0352695216400009,0.2017010933857262,0.0338598868218912,1.0,0.5046194731326511,8.818874706893483,0.4591653934407862,4.540460197388359e-05
3,0,0,0,1,1.9359985902442995,0.041997056014348,1.4410593067136797,0.0552075284737413,5.126193106497489,6.901405131275714,0.8497371302561447,83.55503489135641,10259743265.820356,0.0005820729635875,0.3121749877163847,0.4601646833597314,0.2918974452610154,0.2043174514073761,3044495.5233659963,0.0426020592749537,0.2651183466154089,0.0398572412172866,1.0,0.3436142045394038,12.407567008697198,0.4601646833597314,4.540460197388359e-05
2,1,1,0,0,4.95689028432983,0.0078910986227719,4.510740819648622,0.0450206844309754,5.20045267283809,1.8111528193372248,0.2000327042675524,91.03030274313656,18758364322.45145,0.0013320550968693,0.356362088949664,0.4604492655437189,0.2621231529713433,0.1657558988272189,694179.9692194186,0.0343542736618191,0.1979700119549164,0.0328489589549016,1.0,0.865578434233135,5.92129840979598,0.4604492655437189,4.540460197388359e-05
5,1,1,0,2,1.4648727703487026,0.0392190615061894,6.761383856470869,0.0530258893592932,6.443373957062045,14.116226102954696,0.7492672464557512,123.1856164936204,10477536856.120453,0.0006140585972065,0.3308312402060037,0.4582723870187847,0.2773405876696788,0.2164047666582033,5029842.43223388,0.0384589007844814,0.2343873363004842,0.03678116566757,1.0,0.4002487342101646,29.971566371935545,0.4582723870187847,4.540460197388359e-05
2,1,0,0,2,3.581934667703951,0.0250347093852797,6.610535179233632,0.0874996573664967,9.044223169621564,5.490749818829911,0.4014684531678233,89.80095373642939,11332470103.32727,0.0011546404471924,0.4469167653123225,0.6348300729254346,0.2965826200556766,0.198350714084242,202094.83086055156,0.0439806252595449,0.2709155003554568,0.0419895711368196,1.0,0.6764317073895169,4.934799857165105,0.6348300729254346,4.540460197388359e-05
3,2,0,0,1,0.1207794926405762,0.0449928580475219,5.04549872109101,0.0611116229812023,3.6876231210456702,3.784456090411348,0.0274323001731495,60.635809380836974,12473089482.72455,0.0012319057762378,0.3839106430322385,0.6285283664070127,0.340440700959776,0.2984814343267999,10009741.01374941,0.0579499354349918,0.2649081239599813,0.056129534746089,1.0,0.4785596577281643,48.99448392640409,0.6285283664070127,4.540460197388359e-05
0,1,1,0,2,0.6827786901996691,0.0194487023748479,5.791764912065518,0.0540507391111805,6.383235513331974,19.124351618895947,0.7311925741992109,119.81249331817264,12643470487.654882,0.0006831606083962,0.429041765901173,0.630268584167171,0.3061631095268063,0.2156622421336161,617305.0014257301,0.0468679248175615,0.2760171333472047,0.0448410213913856,1.0,0.3796052862179598,2.365381902622093,0.630268584167171,4.540460197388359e-05
2,0,1,0,2,1.9410183851615128,0.0214829706640095,6.283774113066582,0.0715401234264982,3.692839937448921,15.853890812611793,0.8234484886254453,109.74430483404988,18656959195.65097,0.0014706807245141,0.3708741976392044,0.6154880818726493,0.3434899669043533,0.2209458034804291,256649.22533740124,0.0589926786819768,0.266393074707144,0.0546980759666601,1.0,0.8809467338908888,11.592592778770111,0.6154880818726493,4.540460197388359e-05
1,1,1,0,2,3.6125993692706393,0.0122996310748297,3.791340945007181,0.0741456269480928,6.385004404995952,1.8452030772395729,0.1979910154561917,129.08102861156644,12776650856.931974,0.00054696929072,0.4361742398062426,0.6156769279656015,0.2944474166217613,0.1883497971005868,194769.82042147405,0.0433496405776145,0.2562585844341599,0.0411925863099444,1.0,0.525666369205786,2.2901232934541427,0.6156769279656015,4.540460197388359e-05
3,1,0,0,2,0.5239766058953699,0.0883621154074138,4.518012583849773,0.0427021562958523,5.3668073370654445,7.797799399825316,0.1493997904365191,62.78085645227252,18851018740.03701,0.0010687400335591,0.3493724631451424,0.4527064342892448,0.2634625226149032,0.2237527134990743,6988408.851467079,0.0347062504113042,0.1741542569605706,0.0340195576598044,1.0,0.4101949644240872,11.90416395855139,0.4527064342892448,4.540460197388359e-05
3,1,0,0,2,0.5239766058953699,0.0883621154074138,4.518012583849773,0.0427021562958523,5.3668073370654445,7.797799399825316,0.1493997904365191,62.78085645227252,18851018740.03701,0.0010687400335591,0.3493724631451424,0.4527064342892448,0.2634625226149032,0.2237527134990743,6988408.851467079,0.0347062504113042,0.1741542569605706,0.0340195576598044,1.0,0.4101949644240872,11.90416395855139,0.4527064342892448,4.540460197388359e-05
4,0,0,0,1,3.7001687133232415,0.0287634865488481,8.838637942820736,0.0220594005004413,8.756768748823731,17.797179887183773,0.243212384146,74.67251994442573,15676620244.25601,0.0011302728223375,0.3082598529906547,0.4536475871738519,0.2909392681931005,0.199870276276046,3767943.52464916,0.0423228288883684,0.2593179620269389,0.0393105911555082,1.0,0.580207222948055,148.67919949561562,0.4536475871738519,4.540460197388359e-05
2,0,0,0,1,1.1385518517087432,0.0099974032969472,6.714263676569856,0.0149891842757467,6.164188102843571,8.918467476090122,0.1370958991671156,104.01362412222096,15943156473.712711,0.0,0.2946727354777906,0.4489524293116574,0.2983063063937506,0.1877566842702168,51409.335691176864,0.0444933262171411,0.2772811956356169,0.042103808726788,1.0,0.4905052344228214,135.44857589572507,0.4489524293116574,4.540460197388359e-05
2,1,0,0,0,1.8240548736594464,0.0289916599448336,5.890845565451439,0.0762082625746781,8.859607295937918,2.675266702737828,0.6134870639201639,92.15079915321674,12151293192.705303,0.0014119460043354,0.3485211675401002,0.449409279353507,0.2608058751838432,0.1675851278081206,224404.25364964065,0.0340098522652052,0.1936695468831203,0.0326765373142444,1.0,0.4296111284194238,24.871713854747544,0.449409279353507,4.540460197388359e-05
1,1,1,0,2,3.59361636074769,0.0287477892630751,9.713114113273257,0.0764350635974531,0.8592205791047673,17.746066383381415,0.6376294227453881,128.2017670789334,10464228148.75373,0.0009696506140262,0.3546210127745054,0.4502101946203628,0.2570599795394751,0.1616171114255818,679405.2549935216,0.0330399165404176,0.1938084826993109,0.0315656650937539,1.0,0.4489543036492855,5.929572114281534,0.4502101946203628,4.540460197388359e-05
1,1,1,0,2,3.59361636074769,0.0287477892630751,9.713114113273257,0.0764350635974531,0.8592205791047673,17.746066383381415,0.6376294227453881,128.2017670789334,10464228148.75373,0.0009696506140262,0.3546210127745054,0.4502101946203628,0.2570599795394751,0.1616171114255818,679405.2549935216,0.0330399165404176,0.1938084826993109,0.0315656650937539,1.0,0.4489543036492855,5.929572114281534,0.4502101946203628,4.540460197388359e-05
3,2,0,0,1,0.4156164954066769,0.0157976221924695,5.364135375296496,0.0376082568158541,9.670025335622196,1.5827795841428531,0.0116433018506686,62.21663146743372,11759075565.84306,0.0013445874937894,0.3641453003577026,0.4502870868675111,0.2510683227502003,0.1716333594540081,170474.46781336563,0.0315176513442993,0.1868881134166953,0.0303502145108368,1.0,0.5888463028195264,42.80807138291787,0.4502870868675111,4.540460197388359e-05
1,2,0,0,2,0.1465214377110989,0.010964144006324,2.434391521852127,0.0267158415077347,9.054277325329124,9.13745471098981,0.1660972027284067,98.879004408634,9876936212.26088,0.0009911403813568,0.3240751838175929,0.4450539641236977,0.2766857829946769,0.2431586365636801,8970826.902180761,0.0382775112556887,0.1813364114875094,0.0375298033838123,1.0,0.4519199778466838,28.82095362639934,0.4450539641236977,4.540460197388359e-05
2,0,1,0,2,0.2618271853936663,0.0155821446985311,9.17313578776813,0.0656595960129065,5.403770348577072,15.570437437933604,0.7732973565948139,112.22629331864113,14772504003.344711,0.0012868433387424,0.2644442080011529,0.4455511781262298,0.3212783255838146,0.2433261164405145,4063005.191674654,0.0516098812449697,0.3349631634955952,0.0486419409817187,1.0,0.6520988070797966,21.64283242999963,0.4455511781262298,4.540460197388359e-05
2,1,0,0,0,0.9632425816085258,0.0100474292089394,0.9339126297089174,0.0978956644861086,6.496800825630918,1.4669650192255776,0.3204927107878457,104.387414709919,12128337249.264454,0.001300730217562,0.3187914715793236,0.4395704986260428,0.2742766696131468,0.2025516516117803,4897398.748072834,0.0376138457470396,0.2289745155625274,0.0360287440583357,1.0,0.2940621155629818,2.338026563940587,0.4395704986260428,4.540460197388359e-05
1,2,0,0,2,1.1489925500171692,0.0437825396399155,2.126806904373968,0.0280588153181158,9.45151449555162,1.3995088077165845,0.0857062931812942,66.95812702833555,11746171790.9278,0.0011319380574905,0.2947800201668846,0.4413833511385936,0.2958924626224633,0.2491721658020713,8044584.020623287,0.0437761747183929,0.2215162359762746,0.0424102973368451,1.0,0.5901932409746902,2.5348794948005278,0.4413833511385936,4.540460197388359e-05
4,1,0,0,0,3.32909532835386,0.0204163225056129,2.049921156734067,0.0785276619507979,3.1940186615123016,11.44374466315596,0.1071685490182183,101.43527250112211,19550667939.728584,0.0010155999370406,0.334153762024307,0.4347982814829386,0.2610011516889426,0.1634721539137466,941668.5135366822,0.0340608005914772,0.2021885682627557,0.0324520596932105,1.0,0.6638008105543443,10.845176251960536,0.4347982814829386,4.540460197388359e-05
2,1,1,0,0,4.95689028432983,0.0078910986227719,4.510740819648622,0.0450206844309754,5.20045267283809,2.035964988383446,0.2000327042675524,91.1525985525765,11933644740.839067,0.0007579288064689,0.3170281458020265,0.4386700479268403,0.275244965603667,0.1835483910148511,462372.1011862767,0.0378798955450819,0.2254052590156214,0.0363712992564872,1.0,0.7747438185783243,12.062830884694812,0.4386700479268403,4.540460197388359e-05
5,2,0,0,2,4.437465021129951,0.0284520036044205,9.541144117248416,0.0532063190742949,8.575251479878974,2.1051867203227315,0.1539870316456822,77.77496922610598,11815083925.197996,0.0009477918981099,0.2972435426750272,0.4347531236643276,0.2869927741518697,0.1803720302052602,1734479.5922382644,0.041182426207693,0.2548201017491729,0.0380313816924809,1.0,0.4837454175117265,6.062900708613427,0.4347531236643276,4.540460197388359e-05
5,2,0,0,2,4.437465021129951,0.0284520036044205,9.541144117248416,0.0532063190742949,8.575251479878974,2.1051867203227315,0.1539870316456822,77.77496922610598,11815083925.197996,0.0009477918981099,0.2972435426750272,0.4347531236643276,0.2869927741518697,0.1803720302052602,1734479.5922382644,0.041182426207693,0.2548201017491729,0.0380313816924809,1.0,0.4837454175117265,6.062900708613427,0.4347531236643276,4.540460197388359e-05
4,0,0,0,0,0.6001758260233102,0.0255300506481619,7.793796493652874,0.0895916905728609,7.052071260203362,1.854348354032716,0.1362872640650153,118.4145084584698,9947976597.978088,0.0008531586389823,0.3034082129804307,0.4309987004823584,0.2804317982908355,0.1582452024195143,211467.2586527524,0.0393209967463159,0.2318975692013504,0.0363886751739193,1.0,1.0748144683717156,27.176654670704192,0.4309987004823584,4.540460197388359e-05
1,1,1,0,1,0.1045439049790705,0.0756812939389142,8.755645599160005,0.0096261494986743,3.482767560906837,3.3719741596324333,0.463537314165029,61.68530576104939,12803678311.422855,0.0,0.3072388795734006,0.4322381512991523,0.2780693315770267,0.211447113783633,4358201.279377899,0.0386612765818472,0.2338574179385816,0.0371276289143601,1.0,0.415491643779291,2.4494334868830707,0.4322381512991523,4.540460197388359e-05
3,2,0,0,1,0.868455870840732,0.0404238599809049,2.382852248043158,0.0505221973003216,3.621293557100322,17.39150538855858,0.0615059383298667,80.35762141859483,11849716820.34715,0.0007302986859389,0.3339871543638963,0.4329521956201962,0.2599198145782923,0.2096133198225525,5650903.053194909,0.0337791550052069,0.2016730020445833,0.0328043298136167,1.0,0.3784249630064027,5.096757375948411,0.4329521956201962,4.540460197388359e-05
3,2,0,0,1,0.1169062925710313,0.0256350728519405,5.784256365420659,0.0365933482465314,9.905191317383249,18.32969995983576,0.5519856618524729,60.774023307608445,10932320915.894138,0.0013505478757374,0.3564128848818951,0.6499148872489299,0.3806820765768853,0.3496030199159955,11933351.501397304,0.0724594217134447,0.2193454904007576,0.0700811132617248,1.0,0.4865363551247553,17.12106138820454,0.6499148872489299,4.540460197388359e-05
3,1,1,0,2,1.2968213526671175,0.0392073726834593,7.765951365018996,0.0905607146926775,3.8586206714224702,9.159406190468886,0.2006775125222157,67.31675899230484,19220029468.762844,0.0013516228555765,0.4115202015475232,0.6542757040017712,0.3322193581118381,0.2793015971309329,7241783.981312263,0.0551848509521208,0.2809702055307425,0.0533569065977339,1.0,0.4858395762506741,25.37562034362812,0.6542757040017712,4.540460197388359e-05
4,0,0,0,0,0.5312691740476932,0.0449494665271155,8.283050785027383,0.0902182055050302,2.7911152158299526,5.159597494557222,0.4526689308075938,109.65227661657832,10052419985.0588,0.0007188281771512,0.3934305619304866,0.6482000798564108,0.3422136346305873,0.2771088255037548,5625572.207912903,0.0585550858635385,0.2986834538930151,0.0553209321160913,1.0,0.4507845924543373,106.705928636698,0.6482000798564108,4.540460197388359e-05
3,0,0,0,0,0.5236492539136443,0.0661464156431125,8.562774699426269,0.0962213411260784,2.381198342167941,2.2139116830742327,0.3029914486228255,120.0125135141832,9910260637.252056,0.0005589002538691,0.3942950642747207,0.6354939274106963,0.3339394851907559,0.2683213637517678,7849502.923834868,0.0557577898847335,0.3012610792751282,0.0527102970570744,1.0,0.4085512500156456,4.933226396854376,0.6354939274106963,4.540460197388359e-05
3,0,1,0,1,3.6212711412267375,0.0262119685872107,1.9657203356395765,0.0149362747819535,4.211796807259596,14.167010925335632,0.2909954069265887,83.45775912470847,10625941242.389078,0.0,0.4144925124018883,0.6360567512856816,0.3171817862905372,0.2191096617362053,3020628.2085039904,0.050302142777228,0.3245144730490902,0.04694528832579,1.0,0.4365926306666798,177.61918549602214,0.6360567512856816,4.540460197388359e-05
3,1,1,0,2,0.7184486829780979,0.0694783622247796,4.760011357860179,0.0254057616062847,4.805453747068567,8.652490612954528,0.0330185473026575,94.53885763581526,14309940771.255829,0.0009386537228766,0.3387953042421863,0.4286038165389869,0.2541221234364553,0.2102744798799081,6355351.585072467,0.0322890268099265,0.1927092518502794,0.0315403253536142,1.0,0.3975349056537945,5.983657366058398,0.4286038165389869,4.540460197388359e-05
3,2,1,0,1,1.0193797206139843,0.0629088653943162,1.6956737931169676,0.0159922743190355,4.134898657566696,15.006364414990326,0.7583814084681401,67.49276588047191,12130381270.333836,0.0,0.3369525641624233,0.428927868202431,0.2554789328687522,0.2182439121781712,6136200.714188513,0.0326347425698781,0.1954451236763359,0.0319613287740436,1.0,0.3222839875730702,40.99727470383083,0.428927868202431,4.540460197388359e-05
3,2,1,0,2,0.3990913009165487,0.051739580595774,1.789910756535043,0.0600725051725501,1.0956243396000986,4.839422562772795,0.4253767029984425,108.87211186886476,13697099330.851772,0.0006344951730612,0.3407860956218604,0.4304903184084015,0.2556809347040927,0.2254013111072967,7522581.972159308,0.0326863701855792,0.163162828562481,0.032151710586147,1.0,0.3387562244943042,14.043497597183777,0.4304903184084015,4.540460197388359e-05
3,2,1,0,2,0.3990913009165487,0.051739580595774,1.789910756535043,0.0600725051725501,1.0956243396000986,4.839422562772795,0.4253767029984425,108.87211186886476,13697099330.851772,0.0006344951730612,0.3407860956218604,0.4304903184084015,0.2556809347040927,0.2254013111072967,7522581.972159308,0.0326863701855792,0.163162828562481,0.032151710586147,1.0,0.3387562244943042,14.043497597183777,0.4304903184084015,4.540460197388359e-05
3,2,0,0,1,0.8783518660049545,0.0544018106045124,4.195300416926727,0.0396783793464334,7.204115826830152,17.708691854398037,0.0657527324914349,62.98788196913347,10784575051.60543,0.0014515370278494,0.3361259729878859,0.4256124580249409,0.2544340385440636,0.2201709838577396,7347677.756201673,0.032368339984921,0.1855940250998217,0.0317427702373561,1.0,0.4762434206926542,835.1831975855548,0.4256124580249409,4.540460197388359e-05
3,0,0,0,1,1.76403641514232,0.0426977894932085,1.632739597975913,0.0542054680555143,5.01229275264466,6.780076413644474,0.849641749579865,82.54929190027612,10670747201.497965,0.0006030265109013,0.2996037808252461,0.4262455013615899,0.2797176005383105,0.1948305502972441,3197681.343503502,0.0391209680254549,0.2394277495484911,0.036806257409057,1.0,0.3696305521104366,9.947173482749337,0.4262455013615899,4.540460197388359e-05
3,2,0,0,1,3.3194378175810555,0.005549041355013,4.740158660285076,0.0240508025935278,4.53234536681318,18.481344875432224,0.3165586971775297,68.47751864774986,10349585041.967672,0.0,0.2731939458226897,0.4227835507238828,0.2981026632021054,0.225435584918386,51416.62760078392,0.0444325989040939,0.2790227330035237,0.0426277679828623,1.0,1.1295112851925833,239.74304932309437,0.4227835507238828,4.540460197388359e-05
2,0,1,0,0,2.8066443941058155,0.0996511220547338,5.241018105044223,0.0913172212599158,4.43371556999152,4.578457791837642,0.393956640802001,86.02646261558749,10716325761.503103,0.0007764541133273,0.2933207588946325,0.4232574272708004,0.2824599859375403,0.1914300970873525,2801703.594344416,0.0398918218279177,0.24553069371401,0.03725114552367,1.0,0.4221979586415643,4.376204044177371,0.4232574272708004,4.540460197388359e-05
3,2,1,0,2,0.34918210484637,0.0495995449237956,1.6924718327477568,0.0601676821706134,0.9964355108938892,4.722414385725109,0.411681649725013,109.96131368379255,13513097644.327791,0.0006738431197384,0.3424783217844298,0.4238859995339127,0.2503083695807026,0.2157847779423974,7926225.132222818,0.0313271399410748,0.1608592255843018,0.03082926024865,1.0,0.3452925110247803,17.036492806085086,0.4238859995339127,4.540460197388359e-05
4,0,0,0,0,0.7106409126638027,0.024380946588322,7.638117037054155,0.0862755065197814,7.3275222189053135,2.315396341063491,0.0992691645519478,119.26113727775224,9716697476.481762,0.0008492894952548,0.2914591624114189,0.4241632698359497,0.2845225586237164,0.1631150375256378,210841.50367904676,0.040476543182893,0.2489013490736938,0.0374203677466692,1.0,1.0541272944505249,29.290537947401983,0.4241632698359497,4.540460197388359e-05
3,1,0,0,2,0.5239766058953699,0.0883621154074138,4.518012583849773,0.0427021562958523,5.2769630277185415,8.194482861559777,0.1357299222387016,62.78085645227252,18099013316.238598,0.0013500084647258,0.3375741058081369,0.4208118918893828,0.2519640088709587,0.2112616193392404,8135418.999859663,0.0317429308831622,0.1557590966515211,0.031159906985575,1.0,0.4381206697207587,36.56792585245248,0.4208118918893828,4.540460197388359e-05
2,1,1,0,0,3.3241457282508287,0.0147878379526403,6.063770727986871,0.0734772496104961,7.507443115467645,5.691375280517432,0.7357177641726572,128.27670447613934,12336528195.505257,0.0,0.2819918649271726,0.4208960996106386,0.2898819445597607,0.1945402547768022,320958.0252714435,0.042015770890874,0.2572278826578575,0.0401711404748375,1.0,1.6031598195520638,9.407635471516237,0.4208960996106386,4.540460197388359e-05
4,0,0,0,0,0.5242486776778879,0.0099797801800076,9.750973163778625,0.0471475341264029,5.608359901639416,2.9113531074956795,0.0666571752785823,95.30450061196844,13177591191.65513,0.0,0.3104755514394817,0.4213539268657576,0.2687177353262352,0.153062345010472,459467.1769569704,0.0361046106394303,0.21772775709725,0.0336062791512523,1.0,1.4765300995273851,29.16462961328679,0.4213539268657576,4.540460197388359e-05
3,2,1,0,1,1.259866460780317,0.0682302970192438,4.891009288280821,0.0478917295637685,5.829384015048474,10.56485740592614,0.3789937301082349,86.05592705440083,10895779688.972744,0.0008670062432425,0.3150922515590534,0.4213685711955703,0.2655365968845549,0.2058318350636548,4128711.1387714455,0.0352548421425153,0.2111322624562941,0.0338813074166364,1.0,0.4212909579474368,3.4440759916703967,0.4213685711955703,4.540460197388359e-05
3,2,0,0,1,2.130789700390545,0.0240348725904703,8.071729872618858,0.0296946702711968,1.5429945249341266,4.67024092202985,0.3616428372694776,78.15460280439173,9467532236.475227,0.001116577938374,0.274723530340611,0.4217196240963701,0.3007003801148471,0.2676002628077492,8897489.807242086,0.0452103593006067,0.195236545779775,0.0441026946640389,1.0,0.5724327725044123,3.1646161782906077,0.4217196240963701,4.540460197388359e-05
2,1,1,0,0,0.5996581141286309,0.0181632820382758,3.370453668408677,0.0817168581354868,8.70746757685896,5.957729373819787,0.4823613216094376,105.4972226183868,12378831123.801102,0.0,0.2714159020131126,0.4219230949285811,0.2992999276246311,0.2033731361369581,759653.4627185033,0.0447902233380547,0.2756228173562886,0.0427059289761117,1.0,0.9116484733023548,6.41245512099921,0.4219230949285811,4.540460197388359e-05
5,0,1,0,1,0.1421160179190383,0.0185421137459717,7.2963592733410945,0.0699031279043473,5.447163481304793,5.397512049230667,0.3299332876912502,78.70854586037625,15604558455.925936,0.0010920842581025,0.2759430064096855,0.4223022862901673,0.295503818434768,0.1775290784245254,230652.72151710864,0.0436612533547641,0.2734040718586804,0.0404508330528326,1.0,1.1289559049535438,26.996046102748263,0.4223022862901673,4.540460197388359e-05
4,0,1,0,1,3.658714341273053,0.0400379696715674,9.621329979883148,0.0208802921209619,8.341269732698064,12.151200106718129,0.1988582326395895,67.31604623098222,13977401889.755968,0.0014528427431652,0.297194639958916,0.4189346419365951,0.276862800584748,0.1852287652635272,3273587.152883488,0.0383265051738149,0.2314806224882409,0.0356555515145159,1.0,0.6011849902535542,47.870799270654736,0.4189346419365951,4.540460197388359e-05
4,0,1,0,1,3.658714341273053,0.0400379696715674,9.621329979883148,0.0208802921209619,8.341269732698064,12.151200106718129,0.1988582326395895,67.31604623098222,13977401889.755968,0.0014528427431652,0.297194639958916,0.4189346419365951,0.276862800584748,0.1852287652635272,3273587.152883488,0.0383265051738149,0.2314806224882409,0.0356555515145159,1.0,0.6011849902535542,47.870799270654736,0.4189346419365951,4.540460197388359e-05
4,2,1,0,0,2.2420601943311094,0.0069373927853105,1.8366680944949767,0.0730815459229992,1.4498124616974375,1.2609002178544153,0.1826541267380095,111.595205963162,10181106889.743362,0.0013989163564724,0.3644774833187737,0.4178930311692425,0.2322906186068312,0.1393343699724134,159336.53829270386,0.0269794657463721,0.1581309474851863,0.0259277843493924,1.0,0.9200664269393408,719.3528485933184,0.4178930311692425,4.540460197388359e-05
4,0,1,0,0,1.2221139396820948,0.0359313057675217,2.795025032923379,0.0645925897160452,8.535236363512752,4.59348781326678,0.5322150828855923,128.69381510508154,11988592733.38695,0.0009442337768088,0.3009396054236661,0.418343981396585,0.2735722666401478,0.1939269990348696,4300375.938671636,0.037420892537314,0.2279558275027901,0.0351623235792864,1.0,0.3935814270726852,35.76889744534825,0.418343981396585,4.540460197388359e-05
3,0,1,0,2,2.828875474449417,0.0720804275288437,3.9179953398352456,0.0681124530291531,8.768339250064919,14.211699428699127,0.4109436004096229,73.09870708685276,17299099584.314095,0.0010323920799231,0.2966569955951555,0.4187657935717913,0.2770041461367501,0.1985544533779012,3555087.6184423096,0.038365648488475,0.2345959937065964,0.0360597644672375,1.0,0.430016298879303,237.36393236654345,0.4187657935717913,4.540460197388359e-05
5,0,0,0,2,0.6664811572019197,0.0184409594220099,7.664047748832043,0.0981321516792716,4.855399252235843,16.990590888435033,0.8021213393017904,91.44964987820666,15416260311.284704,0.0008040715963282,0.3040830429487933,0.4098980079361184,0.265993288863958,0.1909559049323023,491285.3995688718,0.0353762148603325,0.2106074299706072,0.0342651086491874,1.0,1.0889906892491237,18.24070411853039,0.4098980079361184,4.540460197388359e-05
3,0,1,0,1,1.0576359772974109,0.0191361014925685,9.69583490554391,0.0451981004827106,8.31998511208323,5.7421003234719326,0.3287834980140643,77.87145757493946,10991532447.408684,0.0012693435245307,0.2714917114248392,0.4101632686093237,0.2908016174543013,0.1740164797528243,252963.41689536977,0.0422827903570188,0.2630881765807794,0.0391295628688671,1.0,0.8300848108534884,3.6466231236191216,0.4101632686093237,4.540460197388359e-05
3,2,1,0,1,1.2882766269570127,0.0735124401266446,1.4710972904206514,0.0198330970561089,5.018374609567921,15.201894983350398,0.7227013463224063,70.07622518331843,14186763504.164108,0.0012582600160054,0.3257941444184337,0.4102653679873705,0.2513142428295534,0.1979307654600075,5476779.932971651,0.0315794243244958,0.187933551804231,0.0306730553336177,1.0,0.3700094158559884,3.48848826077779,0.4102653679873705,4.540460197388359e-05
4,0,0,0,1,3.223830047435904,0.0287634865488481,8.838637942820736,0.0220594005004413,4.2410474149365545,17.797179887183773,0.243212384146,73.31026013890019,15676620244.25601,0.0011302728223375,0.2915859204776923,0.4113996255088801,0.2760893393179982,0.1896318478211955,4824257.905121695,0.0381126616425243,0.2297757219394601,0.0356349180632772,1.0,0.5764675031067494,149.5685688817691,0.4113996255088801,4.540460197388359e-05
4,2,0,0,2,0.7295432403249869,0.0602538090874906,7.3777838446466495,0.0552867267047906,4.646231924726022,3.864253003487729,0.6153634646424128,112.8199572707134,9639222419.2891,0.0009407715087098,0.305975262766213,0.4047555259622613,0.2613222791158078,0.2071799781552311,5474924.8936444335,0.03414466678114,0.2023790209764827,0.0328371519625393,1.0,0.4529507299575819,2.857445597933444,0.4047555259622613,4.540460197388359e-05
3,0,0,0,1,1.4149813466156085,0.041997056014348,1.4410593067136797,0.0552075284737413,2.04061794479568,6.901405131275714,0.8497371302561447,83.55503489135641,10259743265.820356,0.0005820729635875,0.2920817215008962,0.4054241242089534,0.2715666872345049,0.1971471222863136,3941316.744449225,0.0368742328077617,0.2245585993655028,0.0348326421177135,1.0,0.3471714451624183,14.530772922580551,0.4054241242089534,4.540460197388359e-05
5,1,1,0,2,1.4648727703487026,0.0392190615061894,6.761383856470869,0.0530258893592932,6.443373957062045,10.66688490075938,0.7639465405783707,121.45482892995372,10477536856.120453,0.0006140585972065,0.2930170636054672,0.4024470852274661,0.2689031046807192,0.2033857410625493,4157300.426643775,0.0361544398534649,0.21944533782308,0.0344663098629147,1.0,0.400107833789421,8.60739823993937,0.4024470852274661,4.540460197388359e-05
4,2,1,0,0,2.5721445085769465,0.0374431759069714,2.441165384289864,0.0463885107392238,4.258729999243806,16.15190523803964,0.0339629631938671,79.79979060713978,18319336795.270054,0.001201364261133,0.3225594423912009,0.4033175722523855,0.2491847088725396,0.2049211249657427,4097027.897810164,0.0310465095679461,0.1825715907996197,0.0303311677317047,1.0,0.3693994557030404,89.70696046211698,0.4033175722523855,4.540460197388359e-05
4,2,1,0,0,2.5721445085769465,0.0374431759069714,2.441165384289864,0.0463885107392238,4.258729999243806,16.15190523803964,0.0339629631938671,79.79979060713978,18319336795.270054,0.001201364261133,0.3225594423912009,0.4033175722523855,0.2491847088725396,0.2049211249657427,4097027.897810164,0.0310465095679461,0.1825715907996197,0.0303311677317047,1.0,0.3693994557030404,89.70696046211698,0.4033175722523855,4.540460197388359e-05
5,0,0,0,2,0.6202074694063658,0.0184377625668485,7.505538196319386,0.097680675422502,4.835301892789119,16.77771262914552,0.7981444994375039,91.16277127500106,15438458813.454134,0.0008015467313929,0.3068692879065585,0.4037794901103962,0.2600172100357408,0.185011798906223,496695.1163103571,0.0338044747573852,0.2010632682737148,0.0327613040061407,1.0,1.0701662070736158,17.334466796217633,0.4037794901103962,4.540460197388359e-05
3,2,1,0,2,0.3990913009165487,0.087268249062388,1.99181435274555,0.0600725051725501,1.0956243396000986,4.839422562772795,0.4253767029984425,109.17418081198016,13697099330.851772,0.0006344951730612,0.3342422569211271,0.4041194253190633,0.2427622962538927,0.2110545312718371,7048508.7384135015,0.0294667662412313,0.1624883166922098,0.0290088713580395,1.0,0.336601172296178,14.772311307764088,0.4041194253190633,4.540460197388359e-05
3,0,0,0,1,1.5028280849741011,0.0947910161995396,4.457854174247831,0.0785663003100358,4.572991569494682,1.79862009188205,0.4242316956312207,104.84992420937336,15179623746.541206,0.0010201308364633,0.2813016672361509,0.4008140802914901,0.2780208391298331,0.2073824539332122,6249670.366061069,0.0386477934952282,0.2095620980529207,0.0366234325048938,1.0,0.5094355551207693,9.792374244565174,0.4008140802914901,4.540460197388359e-05
3,1,0,0,2,1.3209887408328207,0.065899672416167,2.8593509909326307,0.0867936066730283,1.8235839257206288,1.2851810642777812,0.2366015514005025,82.4897006973813,16918252598.282623,0.0013150711198725,0.2635783495279519,0.4012485462093789,0.2928922925988862,0.2475636850795291,6728399.466723584,0.0428929475319158,0.2324075818605475,0.0414288702756878,1.0,0.5966532821844339,2.493845916018816,0.4012485462093789,4.540460197388359e-05
5,2,0,0,2,4.186215969086371,0.0328625372860234,7.515868552809165,0.0561146542804966,8.941382308561083,5.101529693882853,0.0684348959838215,71.47662053066836,13429322755.440563,0.0008538787164896,0.2823364559727201,0.4021342348528663,0.2767056346812491,0.1860773823518027,2144208.731806812,0.0382830041321764,0.2342899445593105,0.0357880416152433,1.0,0.4638720260570965,31.659291253474144,0.4021342348528663,4.540460197388359e-05
4,1,0,0,0,2.8323192601960683,0.067667445509103,2.9572706523400045,0.0575662119626983,7.59818288527463,7.237230343311944,0.8115804510287837,120.71492108126029,12669692386.154964,0.0008217794438857,0.3008203384539709,0.3998525476378683,0.2616098480188561,0.1977667917650297,2693376.8718096684,0.0342198562902245,0.2055197628325499,0.0329110455721555,1.0,0.3459271490189268,3.5303231894345948,0.3998525476378683,4.540460197388359e-05
2,0,1,0,2,0.2078871997289701,0.0145313853433424,9.048300412470162,0.0644579634288605,5.308199047290695,15.099375958512695,0.7862700311478797,114.42339357700136,14331338428.194252,0.0,0.2468974331422955,0.3970048997465597,0.3025009339215391,0.2047292798205326,1366951.928279866,0.0457534075117017,0.2870563638709633,0.0431237124703998,1.0,0.6704147660679998,137.70299926837006,0.3970048997465597,4.540460197388359e-05
3,2,0,0,2,0.4869183953613042,0.0431994611776971,5.908764777612532,0.0955844256903171,3.974658595360575,5.105133695305966,0.1918714357599684,62.56589455824732,11512468291.311018,0.0013783556584628,0.3053404536280404,0.3981980014232225,0.2596715431129731,0.2264722506011105,6970566.376965905,0.0337146551513363,0.1584242988549704,0.033064665122168,1.0,0.486539788107754,11.0315130172611,0.3981980014232225,4.540460197388359e-05
5,2,0,0,2,3.5522815610907674,0.0328625372860234,7.515868552809165,0.0565328635913264,7.70083983116779,5.101529693882853,0.0684348959838215,71.47662053066836,13429322755.440563,0.0008538787164896,0.2796931602817352,0.3927279744047563,0.2722920125528131,0.1857022418959235,2444373.68723822,0.0370714700500306,0.2259204705923929,0.0346975988947958,1.0,0.4710792461952563,40.64222293523905,0.3927279744047563,4.540460197388359e-05
4,1,0,0,2,0.110805662269392,0.0207983151923012,4.53022675069283,0.0923032510272261,6.892410393990726,17.92131979571262,0.3285273582445994,83.35902413471602,11290336972.1083,0.0011806508624323,0.2828746762344559,0.3901833457024735,0.2683977540611638,0.1794290462020726,902006.0346871628,0.0360186771925384,0.2137894980961561,0.0346140829271464,1.0,0.7583601755832418,83.95372112260078,0.3901833457024735,4.540460197388359e-05
4,1,0,0,2,0.110805662269392,0.0207983151923012,4.53022675069283,0.0923032510272261,6.892410393990726,17.92131979571262,0.3285273582445994,83.35902413471602,11290336972.1083,0.0011806508624323,0.2828746762344559,0.3901833457024735,0.2683977540611638,0.1794290462020726,902006.0346871628,0.0360186771925384,0.2137894980961561,0.0346140829271464,1.0,0.7583601755832418,83.95372112260078,0.3901833457024735,4.540460197388359e-05
4,0,0,0,1,1.0208957649603931,0.0149075255840175,3.320044533982163,0.0799425819355702,9.60368368541794,15.41823918823152,0.2864962338182031,120.56673876514094,15159574214.628595,0.0008109818416886,0.2843672325835921,0.3830885409677585,0.2630210235616748,0.1916061916840617,299330.3561534244,0.0345900294177155,0.1930516144447683,0.0335599323228389,1.0,0.4431847175996132,35.69249303998022,0.3830885409677585,4.540460197388359e-05
5,0,1,0,0,1.981512782374165,0.0232757869707044,1.7675108869529106,0.0150565374420925,7.919517269793716,14.603617371656672,0.6865391669002069,87.60398295775263,12335276419.817425,0.0,0.4340578835263867,0.6714742682394809,0.3215568975015519,0.2354127449264259,3302619.9278956577,0.0516994191654117,0.3343062536866075,0.0485507054378027,1.0,0.4617721147175785,15.23789369753764,0.6714742682394809,4.540460197388359e-05
3,0,1,0,1,0.908011677902644,0.0262119685872107,1.9657203356395765,0.0149362747819535,4.09168647564434,15.055776207088105,0.2909954069265887,83.45775912470847,10625941242.389078,0.0,0.4304323521371884,0.674791110310028,0.3279653104079043,0.278480664299535,9616092.318627022,0.0537806224154765,0.3011417696433407,0.0520694514417368,1.0,0.4170033288419933,64.53016399648124,0.674791110310028,4.540460197388359e-05
2,2,1,0,2,0.7721354752305533,0.0487578128764425,4.278685214553498,0.0933678785497579,0.1267487677319177,7.252190597761435,0.8351367762576386,104.47829893627232,16101563807.090187,0.0005419309408664,0.3044561061946023,0.3742974417223176,0.2425324182857118,0.1972394419362539,6123482.686664358,0.0294109869597577,0.1702519139521688,0.0285978394359801,1.0,0.3703968247909763,26.16756332973713,0.3742974417223176,4.540460197388359e-05
3,2,1,0,2,0.4598024020621633,0.0873143954538365,2.183598124631735,0.0598738022870271,1.127464821833944,4.648187647005401,0.4280288105472952,110.29284203608547,13566977232.43134,0.0006424348636933,0.3182277355604932,0.3756576213093896,0.2349381279580447,0.2047624075240321,6473750.444844064,0.0275979619842153,0.151291512943905,0.0271895508117978,1.0,0.3382962248519397,12.160491505131876,0.3756576213093896,4.540460197388359e-05
4,0,0,0,1,0.2240389185874763,0.0322489565306075,9.012591143730283,0.0141098054808502,7.47571114382226,14.43585177210797,0.4100327936999391,100.48800666113826,15891744493.925882,0.0,0.235094976593334,0.373032249664846,0.2951322769194621,0.1870997596654804,1097094.1408206853,0.043551530439833,0.2701722545829448,0.0405368618790466,1.0,0.4590510382732742,7.541509867428914,0.373032249664846,4.540460197388359e-05
5,2,0,0,2,0.5839925111093436,0.0485107636820306,9.444746610541038,0.0612811906249047,0.5816146570665192,1.792750543676498,0.1686842494155015,68.40799776526427,15660817718.02387,0.0014436534173309,0.2276079664499784,0.3732251203078789,0.3089045528490303,0.2539290459780918,7952399.458707967,0.0477110113854296,0.1695192004189158,0.0457351522783834,1.0,0.7261039165046159,3.341285333163717,0.3732251203078789,4.540460197388359e-05
1,2,0,0,2,1.2437229881312946,0.0382387438321419,5.407777467525296,0.0110832217394779,9.284233807751304,12.66052289764147,0.0171632592748247,70.96592702150934,10238332624.506077,0.0,0.3010796992866397,0.3713397796308776,0.2430131592317685,0.1555051133489173,782330.1943757862,0.0295276977799024,0.1674206418601439,0.0283494882562079,1.0,0.2815969574273122,7.480009118297885,0.3713397796308776,4.540460197388359e-05
1,0,1,0,1,3.297016414340119,0.0990509958875464,2.5887317868395643,0.0254767722549184,7.098756731967427,17.194130851131412,0.5545038236662859,98.84360881421128,16519432215.313824,0.0014387062370081,0.2517218379529898,0.3692970049486595,0.2810356373948305,0.2086527890903028,2225837.941371009,0.0394905147429593,0.181026505597237,0.037766561120052,1.0,0.6128692819009577,15.494169081940504,0.3692970049486595,4.540460197388359e-05
3,0,1,0,1,1.9979128527966967,0.0284926238225581,0.4649265278132851,0.020724820307015,1.3011844591893351,7.531607189264529,0.3814760046461225,73.98101541042683,11839173851.865477,0.0012702554220545,0.2305537196977256,0.3693897781795356,0.3010297815237084,0.2326179195252811,4883548.338959395,0.0453094646821058,0.1940699709874203,0.0429477837054953,1.0,0.6090622691281534,18.205628685687763,0.3693897781795356,4.540460197388359e-05
3,0,0,0,1,2.3993426388375068,0.0773605179328612,3.704980947162421,0.0896741025410395,0.6777840760575827,3.465855524853616,0.3995639756531364,72.25621028070202,10624081880.37568,0.0014466262979368,0.2814608811425975,0.3702115382769561,0.2568404340676927,0.1988351433098584,3748623.463888624,0.0329835042860404,0.1718174295614637,0.0318844933943983,1.0,0.5892399144447861,7.42937506538685,0.3702115382769561,4.540460197388359e-05
2,0,1,0,2,0.3876482340245816,0.0161133676988351,7.052938711548849,0.080017841521171,6.389554437335875,14.570677322509193,0.5764320478289443,108.31154116774924,14716256768.587809,0.0,0.2274442501864915,0.3657700631440965,0.2964306014488711,0.1938673595955052,722543.0210521675,0.0439355507376697,0.2745265120277952,0.0415664352804803,1.0,1.4387177346035265,7.83177580208524,0.3657700631440965,4.540460197388359e-05
3,2,1,0,1,1.0477637462721825,0.0630693453860056,1.7340255302075342,0.014850081222489,3.9135449650511,15.150074654830236,0.7712652622422381,67.00067441221437,12136548395.802538,0.0,0.3135034205841119,0.3665742649020408,0.2315442723621593,0.2003079909448417,6358938.569241681,0.0268063750318609,0.1559796845709359,0.0263942265653097,1.0,0.3204783732570193,31.96930010425176,0.3665742649020408,4.540460197388359e-05
2,2,0,0,0,0.3484813305654634,0.0124374584691938,4.92198868934451,0.0622191717298184,1.1450816706680491,1.9668174256718955,0.4213563874341414,66.14620601097685,14496661058.751629,0.0008347070222109,0.2789918311283562,0.363298550333847,0.2528262421118797,0.1625311604548394,520309.7774157929,0.0319605543502074,0.1839616694523682,0.0307503954735971,1.0,0.6150283817961605,15.955951514978626,0.363298550333847,4.540460197388359e-05
5,1,1,0,0,1.6014413099942266,0.0315510994547964,7.080330501095263,0.0434317841417266,7.054825244339327,13.537939104943446,0.5353599437725903,90.97914633574884,9802403102.907845,0.00099937156371,0.2738964625000786,0.3635388520739104,0.2564194546020749,0.1981185131473563,3895464.0633181096,0.0328754683492127,0.1955882686857668,0.0315799991454727,1.0,0.4089564734151154,11.73611021327056,0.3635388520739104,4.540460197388359e-05
3,2,0,0,1,4.542014688916393,0.0876811064385439,8.532287259109074,0.0710296308819932,2.592079788908427,8.31114637307279,0.2562413615402744,64.37772763401996,17940688946.50381,0.0013290887635963,0.3080006225896455,0.3603089485241552,0.2317816988753116,0.1917878116856005,5758966.804498909,0.0268613779667628,0.1403932203984382,0.0263549212570572,1.0,0.5108955035630219,15.40430133073265,0.3603089485241552,4.540460197388359e-05
3,1,0,0,2,3.865101031709009,0.0894832160511052,3.797856181743216,0.0427680080409604,7.1364425759852,7.973828929664612,0.1644913259624509,62.599349191164514,19161774962.70952,0.0006517722053915,0.2472243927489063,0.3578106995849732,0.273208772946871,0.1994989034080447,2474678.239520485,0.0373215168075674,0.2233468158541666,0.0355436840258689,1.0,0.3681531415844674,4.039424597174211,0.3578106995849732,4.540460197388359e-05
4,0,1,0,1,2.950595844511952,0.0604444864927301,8.36047147438251,0.0231754513219742,5.145268235992778,13.31347943838998,0.4608465472072524,81.37736579337691,10620157548.722977,0.001494831503944,0.2601027852820279,0.3581386731360264,0.2629249760122965,0.1899072719728137,3906309.725275211,0.0345647715055333,0.2083363020696227,0.0325689822895224,1.0,0.5879156123651887,178.97426850678164,0.3581386731360264,4.540460197388359e-05
3,2,1,0,1,1.613649753862568,0.0398820042376195,2.6279682334472776,0.0071376832011057,4.704258159853095,15.206432471050364,0.4565529917294185,65.68638410599041,10960599268.517658,0.0,0.2898099411729452,0.3562320484102984,0.2400279968267333,0.1994226277583024,5283771.756077344,0.0288067196303271,0.1702116974192337,0.0282074771853406,1.0,0.3429216723847944,3.6075106534918366,0.3562320484102984,4.540460197388359e-05
2,1,0,0,2,1.2674132523938009,0.0918130224315651,5.758874640799994,0.0836478165348311,0.6072055836998449,5.408261029848042,0.2757693802071987,112.55039070813775,13345786980.978138,0.0010171825810802,0.2915869930474604,0.3564453200066806,0.2394481450927999,0.1967458550393644,6717001.780796343,0.0286677070941912,0.1604184534735514,0.0279695566644719,1.0,0.455387223121847,6.569022271870938,0.3564453200066806,4.540460197388359e-05
1,1,0,0,0,0.741021198066154,0.0392515536021393,1.555268743401531,0.0470973862768964,2.4805320932065484,12.919486195846034,0.8255976885164568,86.81274407281335,19887332561.388416,0.000860969632862,0.3082089724344296,0.3573074797017672,0.228837172420749,0.1853462184649359,5684317.188889006,0.0261832257407618,0.1519024027923545,0.0256816789865271,1.0,0.3580088788485669,4.012183524463297,0.3573074797017672,4.540460197388359e-05
4,1,0,0,2,0.186139610623109,0.0228370800975698,4.311092194115161,0.0909813778179982,6.980749536407841,7.014233869176584,0.5555499551868875,83.18208309579008,11495095375.773266,0.0011726148427264,0.2690693090061932,0.3545799273152161,0.2537641482110034,0.1730995819984712,837345.0716996484,0.032198121458628,0.1884458348822688,0.0310625118964275,1.0,0.8135218779595597,380.1542872164529,0.3545799273152161,4.540460197388359e-05
5,2,0,0,2,2.3981473941286664,0.0346898268015279,3.445023425418554,0.0210144640373013,7.151606357816604,12.762199955567038,0.5878508976765339,76.31682571203385,18707721292.30313,0.0005682789652904,0.2431887284151065,0.3549476250119816,0.2743463778618579,0.2070381261896604,2371217.81761062,0.0376329675229606,0.2266081030568095,0.0361203345976832,1.0,0.3656743884278339,9.16507178826708,0.3549476250119816,4.540460197388359e-05
3,0,0,0,1,3.099510695711148,0.0861785975053932,1.0032412926276488,0.0896326690829029,0.5611548522832586,1.875964935325566,0.4741116813294191,91.31851014578469,10568660171.484104,0.0013880262228078,0.2711105421720128,0.3522649231309832,0.2509686893270447,0.1978396023949876,6036004.651117839,0.0314926415112673,0.1770206675257531,0.03051518029869,1.0,0.232795768557181,6.2505577842211055,0.3522649231309832,4.540460197388359e-05
3,0,0,0,1,3.856441268574207,0.0961403815390422,3.71164985873641,0.081877944568635,2.7647693517377805,8.779411249694016,0.7645772221599325,107.9035959567932,19245678004.140224,0.0010162273436984,0.2632481962574433,0.3494217213448408,0.2554241504534841,0.1918236758010384,4178196.2080881153,0.032620748317442,0.1716033116285618,0.0311231145074593,1.0,0.5187548251727969,22.82396420342042,0.3494217213448408,4.540460197388359e-05
3,2,1,0,1,3.1486681952132987,0.0735124401266446,1.4710972904206514,0.0198330970561089,5.018374609567921,15.201894983350398,0.7227013463224063,70.07622518331843,14708132835.826193,0.000827130909802,0.237337052215775,0.3500359288233945,0.2756786359393245,0.2055081069665253,2841789.8127673115,0.0379993551566833,0.2263491622752015,0.0365526090024271,1.0,0.30397632243981,24.50142578717906,0.3500359288233945,4.540460197388359e-05
3,0,0,0,1,4.135690107222899,0.0240213476955714,1.6176184969026626,0.0982730567843616,3.182015702763493,17.265123650104197,0.8308517718475132,89.07979363002016,10087143733.39576,0.0005586618468703,0.2858866113224279,0.3507346724659084,0.2392609980004359,0.1730747511972993,196122.54861786103,0.0286229125820823,0.1625837188966429,0.0279421448972107,1.0,0.7622992335971458,106.09677253230718,0.3507346724659084,4.540460197388359e-05
4,0,1,0,1,2.950595844511952,0.0763107698819323,5.9327794506625136,0.0231754513219742,5.145268235992778,13.31347943838998,0.4608465472072524,81.66734860299935,10620157548.722977,0.0014999724185585,0.2469129068480591,0.3461724573504329,0.264479466430969,0.1946728503646966,3529936.0412325384,0.034974694081805,0.2112894900765799,0.0330239635688328,1.0,0.5764386801427281,16.762527709346816,0.3461724573504329,4.540460197388359e-05
5,0,1,0,1,0.648246004233599,0.0629518046742685,6.729862598392114,0.0031334837202407,5.669191014397599,12.618735750668815,0.7780697877417946,100.46581747470042,10584467909.84718,0.0,0.289492055861542,0.3475562743340116,0.2354391985518927,0.1960384321989286,3469201.740492992,0.0277158081073787,0.1419863915086264,0.0272131801654402,1.0,0.3920334954856399,166.73777899649764,0.3475562743340116,4.540460197388359e-05
3,0,1,0,1,1.022797745793094,0.0633199929547451,2.0158393014200957,0.0389411915118288,6.145752834999003,11.507503265912568,0.01453111008396,61.55729564469641,12439555476.67232,0.0008702896139253,0.2536022119864707,0.3482228293235367,0.2607074130163267,0.1788029231098282,3633521.104402223,0.0339841776008328,0.2043221336517957,0.0319842770320766,1.0,0.438444721279668,26.962823039358337,0.3482228293235367,4.540460197388359e-05
4,0,0,0,1,2.7941793752153243,0.0238700094160893,7.992419486164195,0.0125077262358073,9.451492289421964,14.641794714236855,0.596152813172295,82.11465503311585,16689905767.165865,0.0,0.4603293498983918,0.7266130468704025,0.3300184078908458,0.2274854232947269,2531239.209007364,0.0544560747734043,0.3587048455150278,0.051014054149049,1.0,0.4678019940500581,101.49742193886512,0.7266130468704025,4.540460197388359e-05
3,1,1,0,2,4.244831232405187,0.0875679165160165,8.691795971907842,0.0666852055294731,0.9231057986170514,4.140308813767312,0.0876811485432868,104.45097530154555,14433296111.223885,0.0014793358861061,0.3909121055832858,0.7189292861742036,0.3891146746261646,0.3268265089158242,13724771.23365212,0.0757051150047129,0.2408162587288872,0.0726247948900402,1.0,0.5377502552723452,4.1949662469176,0.7189292861742036,4.540460197388359e-05
4,0,1,0,2,0.4826900220036222,0.0496587036513865,4.0458119538158845,0.0330045154138675,4.898653979700867,15.756556439038706,0.1576447248880164,109.43748392988394,11368249065.242365,0.0010854319228716,0.4083421063691785,0.7198173954935766,0.3719510855075492,0.3144773539938496,12006378.9835165,0.069173805005122,0.2793645476760255,0.0664889832823516,1.0,0.4452461126454985,14.435786711222416,0.7198173954935766,4.540460197388359e-05
3,2,0,0,1,0.1169062925710313,0.0256350728519405,5.784256365420659,0.0381427124858632,9.905191317383249,5.491539975449542,0.0785487339647208,60.774023307608445,10443459949.924007,0.0013505478757374,0.3888494467023515,0.708593807272722,0.3844015619361283,0.3413234481860809,12472058.314474955,0.0738822804094675,0.2500085532056587,0.0712065939061283,1.0,0.4857708176458982,5.356595574664497,0.708593807272722,4.540460197388359e-05
3,0,0,0,0,3.2054280195827087,0.0700709132652674,5.887045777612764,0.0499648324730406,1.5693348062021053,16.293643787979878,0.0358805929025681,60.0430978076223,16651008451.316214,0.0014641868865431,0.3802960419545923,0.6998812800402411,0.3770648728019775,0.2966849943815228,3024832.937523624,0.0710889591505857,0.4244485307556749,0.0668037195047788,1.0,0.7919558177713626,13.522051084112864,0.6998812800402411,4.540460197388359e-05
3,1,0,0,2,0.2389468239805429,0.0223241478199,4.4087156391702935,0.0908456433478513,7.1721863770148016,7.034781486383883,0.6017529785638074,82.11878090811238,18437162070.431557,0.0010419529895932,0.2753954928637246,0.3430778780629785,0.2409645955389399,0.1609477126379979,759414.0313513245,0.0290319681516224,0.1687268546480758,0.0280318565581757,1.0,0.7729104312177502,402.42177320457455,0.3430778780629785,4.540460197388359e-05
4,0,0,0,0,4.869091510694271,0.0135797694348158,7.181704895687428,0.0488989312800033,6.0203009589325065,2.0183812631592417,0.3009913892121924,116.84736303067416,10066422002.020918,0.00142377181368,0.216646661928215,0.341080626922654,0.2867391599835217,0.1749844006198425,176624.64635530213,0.0411096729340278,0.2535017662920569,0.038553459085287,1.0,1.3747877049710864,259.1065781107728,0.341080626922654,4.540460197388359e-05
2,1,1,0,0,4.816325108526755,0.0155807394340289,9.12826231943524,0.0265386871076243,3.196166735013002,8.006430415765148,0.2864530357775922,101.17523583971855,11874593449.67584,0.000591018512494,0.2765460413507967,0.3412058547433211,0.2389635414108454,0.1586017006393264,523133.6956113976,0.0285517870618064,0.1632541659724643,0.027572715554458,1.0,0.5112992567014809,3.121051594600963,0.3412058547433211,4.540460197388359e-05
4,1,1,0,1,2.207625255893273,0.0269365389236444,4.750411354669936,0.030419370206023,6.1653153969055285,13.29087862316202,0.7381349288685067,107.74503962207184,11240758349.102669,0.0012597186633415,0.2499463889675346,0.34032692616273,0.2579868642210701,0.2006312102732387,3472344.945830707,0.0332786110553104,0.193556358422232,0.032235922328424,1.0,0.4473434359612609,335.8812907635947,0.34032692616273,4.540460197388359e-05
4,0,0,0,1,4.4760337397094885,0.0260635788304499,5.597186682190763,0.0561391446955129,4.622892569892112,16.831443616022316,0.1979328574035897,76.81517564913472,12251553226.403587,0.0007211157418786,0.2584155039410553,0.3403432062602644,0.251235362157421,0.1685560361044111,2522712.1314781527,0.0315596035991852,0.1869099532871421,0.0297456418100737,1.0,0.5313638680349685,31.245022267907892,0.3403432062602644,4.540460197388359e-05
4,0,0,0,1,3.3891282602935697,0.0260635788304499,5.597186682190763,0.0561391446955129,8.574702369608891,16.831443616022316,0.1979328574035897,76.81517564913472,12251553226.403587,0.0007211157418786,0.2457233428820964,0.3272527266504265,0.2510975734981799,0.1823577868668068,3411139.4721347205,0.0315249957083369,0.1869628987095384,0.0300310117893884,1.0,0.5157414265333535,50.46130170268673,0.3272527266504265,4.540460197388359e-05
4,2,1,0,0,1.025391427351067,0.0127990688704252,0.9082431491631684,0.0617053939875023,3.963884503053092,3.1861994072776394,0.0941940590208485,113.1136786308729,10925034441.679323,0.0,0.2853209661766455,0.3255173970459765,0.2218380135287163,0.1471167996407043,407613.46177041385,0.0246060521231834,0.1428039761533335,0.023877660639848,1.0,1.5274454581064925,3745.6264974944393,0.3255173970459765,4.540460197388359e-05
3,2,0,0,2,0.1224116566384564,0.0460106596950241,5.2698216896654335,0.0597924578550848,3.769057290543535,3.909323405772677,0.0398034995967861,60.54253472693862,12412297343.87241,0.001244794808096,0.1927858625288187,0.3194640295885179,0.2967911128073521,0.2280938722165814,6231306.449161072,0.0440424823207131,0.1733145277748753,0.0414628696654603,1.0,0.6485512809925873,219.7631362483264,0.3194640295885179,4.540460197388359e-05
2,1,0,0,0,2.3869056103136037,0.0543675355593515,8.256512143014284,0.0652568976738192,4.434301667050761,4.733583008620786,0.6007091294221762,71.29252677364794,14431357555.160269,0.0013221660132337,0.2358431579882836,0.3171251196038617,0.2513036990250963,0.1873562525678988,3442839.2599200504,0.0315767745718481,0.181744864223482,0.0304959184265006,1.0,0.456441924913788,4.194498518106314,0.3171251196038617,4.540460197388359e-05
3,2,1,0,1,2.1046039163207686,0.041990137345288,2.6279682334472776,0.0071376832011057,4.1528726595690975,15.206432471050364,0.4360578655800685,67.35049133369606,10960599268.517658,0.0,0.2491289396336723,0.3122823555312072,0.2371622059390467,0.1900078001999663,4111357.5935447807,0.0281229559629373,0.1632975376466728,0.0274230569922289,1.0,0.3521418018859549,5.249658462381168,0.3122823555312072,4.540460197388359e-05
2,0,1,0,2,0.1909674935435953,0.017021333282385,7.165603957923719,0.0774955177718368,6.303186613132497,15.00416957820489,0.588772463182371,108.77754474866413,15069449429.061874,0.0,0.2288237080376726,0.3160443061298127,0.2561994313745792,0.1722727892743071,215371.6766580931,0.0328190743183288,0.1886469250474862,0.0316537564213917,1.0,0.7365658698594297,188.75162740874003,0.3160443061298127,4.540460197388359e-05
2,2,0,0,1,3.226602709740664,0.0473394716957222,8.098411781564772,0.0079956920992557,6.233476428450222,10.504005540139312,0.0532986918476674,87.85836312470197,15026813011.872175,0.0,0.2493505760241948,0.3114012572894351,0.2363532812633182,0.1860243383393611,4349541.090723725,0.0279314367819686,0.1615712845452858,0.0271252050541385,1.0,0.3266619460957756,5.053195520152399,0.3114012572894351,4.540460197388359e-05
5,2,0,0,2,2.1268112249651905,0.054698806112735,5.422964415650632,0.014205541796733,7.315570984325345,14.363177102811337,0.2659302702102571,63.342300555762094,16953949713.324425,0.0,0.2019278648845317,0.3119865617221726,0.2761895899650459,0.1848001434611486,807408.625332496,0.03814034480253,0.2312832644146051,0.0362829992698967,1.0,0.442051930166275,10.267798767249458,0.3119865617221726,4.540460197388359e-05
4,1,1,0,0,1.0018690034232782,0.0168669173643419,5.826818270775784,0.0389005605676511,7.328674567687255,6.957479206498207,0.3534694831959029,81.77141005176553,13626175613.246405,0.0012369347027212,0.2019405559896189,0.3075549233147229,0.2727106269156328,0.1956432713290269,2394736.117903738,0.0371855430163587,0.2177646448139224,0.0356953333681798,1.0,0.4633546207166685,20.91635207936162,0.3075549233147229,4.540460197388359e-05
4,2,0,0,2,1.025272240761945,0.0699600273225001,7.439350206599598,0.0152437799824239,1.927215256974095,3.515785549243011,0.77863101349812,124.33539763896776,9318117445.145006,0.0,0.2900556925655087,0.307313896477031,0.2077372240980376,0.1662308968198889,7505533.474908727,0.0215773771379791,0.0961933241289796,0.0212712265389784,1.0,0.3181046610361026,5.532996873652713,0.307313896477031,4.540460197388359e-05
2,1,1,0,0,4.710761774790894,0.0129337464943944,8.753095041709402,0.0278579648782651,3.115527482054628,7.933843351812696,0.2695626018833828,100.27286556306652,12163319454.075014,0.0005860261845671,0.2313382759477794,0.3043869805582872,0.2445767760669711,0.1692105821566278,5350770.824784627,0.0299088996956566,0.1742440091810421,0.02892418583062,1.0,0.6347058069609882,4.727815563241511,0.3043869805582872,4.540460197388359e-05
3,2,1,0,2,3.4295502138664657,0.0661876822274532,6.27529101359252,0.0194652387680339,7.539703155279994,12.301697438922584,0.6372651266445372,71.38748814802204,17295525735.02217,0.0011581551793248,0.214438692869183,0.302671822641728,0.2572227724295258,0.18818219167345,2970735.803414172,0.0330817773281658,0.1925832657142061,0.0318739327183699,1.0,0.4418802094098393,3.913490448562556,0.302671822641728,4.540460197388359e-05
2,1,0,0,2,4.604145966605191,0.0467052377439114,4.233995982284689,0.0987652569392894,0.492236504444703,2.3908405921061053,0.3946095589337426,129.35273247080153,15540764471.926292,0.0010941093384096,0.1887881262153534,0.3014686090328412,0.2832775529902233,0.2246405791019049,5533094.701407323,0.0401230860140643,0.1749168583182268,0.0383716362039737,1.0,0.5857368325612397,5.595705250141139,0.3014686090328412,4.540460197388359e-05
4,1,0,0,2,0.110805662269392,0.0207983151923012,4.53022675069283,0.0908789099046421,6.896605871241597,6.984396558755924,0.5788579316531921,83.35902413471602,11290336972.1083,0.0011806508624323,0.2174623015701413,0.2997226394173219,0.2521482360291799,0.1664366598519177,288249.4898789108,0.0317893664663135,0.1848303867825572,0.0305965033486975,1.0,1.0824821260063442,23.24915361237762,0.2997226394173219,4.540460197388359e-05
5,2,0,0,2,3.792760764125066,0.0642668604636087,1.7786201687498235,0.0162923703354821,1.399220203089135,5.94201779535076,0.6956197303292083,103.66557596792931,16062530628.83437,0.0,0.2394899472998964,0.2981075718184652,0.2333352801378781,0.1591457922262218,2103536.6414946704,0.027222676478511,0.1571089561064641,0.0260034332856965,1.0,0.3293498497233444,7.943414601232868,0.2981075718184652,4.540460197388359e-05
3,2,0,0,1,0.5923152108296791,0.0052083257078759,5.48235481657653,0.0036340558955202,2.588905574948561,4.207612887652849,0.0686777680914175,78.18620697797644,10239517642.10125,0.0,0.2576815188530762,0.2973028372649066,0.2197083422763652,0.1433360468452854,43908.05169243246,0.0241358778329142,0.139112250771267,0.0233930263660015,1.0,0.6044519383865299,9.945753332180448,0.2973028372649066,4.540460197388359e-05
4,0,0,0,0,0.4628170352615812,0.0338089063341105,8.13971110915411,0.0304746380247541,6.752968937833422,3.170790625915888,0.0160508773146711,100.3184593049271,12492719636.67379,0.0008574379265952,0.2233994256236419,0.2943993768433306,0.2437040971586566,0.2010405899538609,5838181.675857318,0.0296958434859579,0.1555723660500734,0.028846620270161,1.0,0.5793405736470927,33.58731863732771,0.2943993768433306,4.540460197388359e-05
2,2,1,0,2,3.450480409375975,0.0487578128764425,4.278685214553498,0.0933678785497579,0.602506172610068,7.252190597761435,0.8351367762576386,104.30360450093669,16101563807.090187,0.0006319754934212,0.2446628884445981,0.2931607805036172,0.2256242920814767,0.1764893048159381,3690911.262041996,0.0254531605886337,0.1471335700420811,0.0246981961434828,1.0,0.3780985899013056,8.372678529141567,0.2931607805036172,4.540460197388359e-05
4,0,1,0,1,0.1895731346376799,0.0117243929689797,6.655982345553585,0.0987787163420473,4.875829949400892,12.81538317828226,0.0632283838372331,75.33905826248429,14572810101.170197,0.0014020929110058,0.1810527884300935,0.2937269242538367,0.2802283494709237,0.1803416975214283,327040.675043376,0.039263963923599,0.2412773799174155,0.0370992952694638,1.0,0.8876273397612001,13.692564042435272,0.2937269242538367,4.540460197388359e-05
1,1,0,0,2,4.398166109923441,0.0803651791828443,8.771229510969958,0.086106710687481,9.17592050668119,14.05341880401327,0.8001970544227492,101.0445071192492,15252869269.371038,0.0012543056593217,0.2110610658229047,0.2917250661731455,0.2536582739362126,0.2063992465714247,6671944.420451356,0.0321712599681493,0.1337698836746259,0.031260704473343,1.0,0.6209815670489061,8.496030033967799,0.2917250661731455,4.540460197388359e-05
4,0,1,0,1,2.485132478135283,0.049854917402174,8.276293043832885,0.0604917332837446,6.442374262288997,12.958382415421376,0.0851503413637725,63.2274942932504,13044120648.79928,0.0013243465355925,0.2111177067499416,0.2881737886265895,0.2503784994746491,0.2150416501253421,6201263.971366298,0.0313446964995884,0.1323693816669229,0.0307490148142367,1.0,0.6548965845003005,358.4999766313105,0.2881737886265895,4.540460197388359e-05
3,0,0,0,1,0.509035233401212,0.0356593101865998,7.830968011934887,0.0326990232969883,6.399901757976031,12.197016556903828,0.4248911797516705,75.58343619737663,10827599641.006844,0.0010275601541066,0.4314711283361062,0.7750909897177909,0.3784966433892719,0.3118006134865969,11210563.176810982,0.0716298545284728,0.3543948923032943,0.068048255405343,1.0,0.5310585694988039,90.03902102453844,0.7750909897177909,4.540460197388359e-05
4,0,0,0,0,0.5610495258480247,0.0458208900342193,4.555522672661427,0.0903838303083098,6.959810412184861,5.082514072703705,0.4505364184506381,110.3581859864672,15914482742.099213,0.0005443714341575,0.4281547857355323,0.749088024847183,0.3690908989884434,0.3108410859991753,5813971.819554488,0.0681140458580486,0.3207435603475,0.0645567601245466,1.0,0.4121096656651175,104.67520131956653,0.749088024847183,4.540460197388359e-05
1,2,0,0,2,1.741460328926833,0.0334590662478953,3.2442651216407623,0.0952008295048732,9.86581984623256,19.02671650236491,0.8020230120150311,129.9700350424233,13757937247.9484,0.000680824470772,0.3749320097659553,0.7610402221912592,0.4284761255506096,0.3639467265449319,15100390.518729595,0.0917958950834308,0.2612744982114386,0.0872982285438239,1.0,0.4764513498298687,4.890144350741046,0.7610402221912592,4.540460197388359e-05
5,1,1,0,1,3.6775355478721647,0.0756724301598843,6.332721505934102,0.0950989409042436,1.447415047508728,9.759358444821968,0.043819895868609,64.05368005147393,17083241840.415766,0.0008489256772191,0.413101562538655,0.7396453762370404,0.3804846677473939,0.32598907982076,12264545.581048084,0.0723842911954223,0.253867113881204,0.0698008108310759,1.0,0.4974375768693492,188.56249838893893,0.7396453762370404,4.540460197388359e-05
4,0,0,0,1,2.81240106948136,0.0215963923602278,7.935143806580143,0.0136533571105393,9.4682687419485,14.885040170736117,0.5750053270714193,82.97005676171972,16680722960.3866,0.0,0.4678867977606894,0.7432054819956986,0.332616872998557,0.2288543805952491,2510599.285335461,0.0553169921016691,0.3659152861013565,0.0517567859297115,1.0,0.4685340957172277,115.09737841161736,0.7432054819956986,4.540460197388359e-05
4,0,1,0,2,0.4826900220036222,0.0496587036513865,3.929922902151828,0.0330045154138675,4.898653979700867,19.02671855256524,0.4066374379597016,109.43748392988394,11368249065.242365,0.0010854319228716,0.4129787260991584,0.7459621287923384,0.3824813306275083,0.3280310896716337,12220528.834004052,0.0731459841392946,0.2825802404446188,0.0702960831317455,1.0,0.4458285952626338,41.2192450186125,0.7459621287923384,4.540460197388359e-05
2,1,0,0,0,2.549936664830937,0.0213301519051694,5.37156341109745,0.0062025568077287,5.5538975304643055,6.208105546603058,0.7188710168446841,95.22247982483678,12660571705.335924,0.0,0.4380210772376066,0.7350124917798263,0.3573245758987428,0.2869205393290864,13559837.971641868,0.0638404262706082,0.254324212789928,0.0612721614048162,1.0,0.4339778380414354,4.141662942847518,0.7350124917798263,4.540460197388359e-05
3,0,0,0,1,0.3075893287942333,0.0880190772540567,5.26430565804265,0.0041977825819576,7.529176834775937,16.036578151020972,0.4162011785553665,70.22205445436275,9536996058.389725,0.0,0.4380505873388973,0.7369098126808646,0.3567488602523645,0.2899902939944415,12748749.614741469,0.0636348746456805,0.2815442172859904,0.0612860749207013,1.0,0.3521025202271106,108.11559152386454,0.7369098126808646,4.540460197388359e-05
2,1,0,0,2,4.506822151231599,0.0335694916262701,3.1404094705280485,0.0558794232147928,2.1898465026599103,15.115525561462231,0.4989171471165868,110.2308523811676,9154632131.946774,0.0008745921431168,0.2671308062043482,0.2860343103908772,0.205082790813646,0.16346933198608,4091818.090144156,0.0210294755439568,0.1209690362090233,0.0206175661520251,1.0,0.3673205556696146,85.0202960376031,0.2860343103908772,4.540460197388359e-05
5,2,0,0,2,4.338660234296313,0.09136638909276,3.976552564364369,0.028732724542049,1.0968836234720412,13.098239917977004,0.7153998235168315,85.9621222724407,17876459586.485786,0.0005496960413127,0.2580469175793487,0.2862391304237371,0.2112194873180652,0.1727923772591879,4830356.37432295,0.0223068359114531,0.1261443246520694,0.0218858009332735,1.0,0.4174434102262944,81.52211586426615,0.2862391304237371,4.540460197388359e-05
2,1,0,0,2,4.756638877476326,0.0385169458221348,4.387393952679031,0.0988397416280031,4.927365098392812,2.5313395842258326,0.4096382962833802,116.58252371878628,16151444610.262669,0.0012921201467133,0.2290796607198449,0.286367230120331,0.2320195661016948,0.1726559642076345,3517819.2215970294,0.0269165395270093,0.1507032254362812,0.0259992486976059,1.0,0.4125579052916651,19.42612024628512,0.286367230120331,4.540460197388359e-05
5,2,0,0,2,0.7411097675587658,0.054698806112735,5.557426547706322,0.014205541796733,1.157538966555646,14.363177102811337,0.2659302702102571,63.342300555762094,16771630622.139778,0.0,0.2907288472239444,0.2846119463007624,0.1904162416050706,0.1526228454623584,5063576.173583769,0.0181291725335003,0.0961305467432691,0.0178845699879298,1.0,0.3216412396067654,141.172638777736,0.2846119463007624,4.540460197388359e-05
4,2,1,0,0,3.322383541321413,0.0419387140278679,8.42764747228406,0.0183102202147043,1.8200577139154464,17.96857847613916,0.1464221622027418,66.75371551806785,16442631514.068314,0.0,0.2414487765985128,0.2848145796585904,0.2214552782620851,0.1660071395050904,3294206.1602406283,0.0245212201350687,0.1399682658014862,0.0237595784546677,1.0,0.3624019127364573,181.63463210450377,0.2848145796585904,4.540460197388359e-05
3,2,0,0,1,0.4000282568074238,0.0131772221907263,5.39508179352113,0.0386038380185249,9.648276449148954,2.001361777120605,0.0184246753900071,62.09731137442191,11776997682.241575,0.0013427279588059,0.1941949730973129,0.2819419801251747,0.2571232957603372,0.1809458292844392,724551.5787584971,0.0330561946113289,0.1934066735235947,0.0318189723606034,1.0,0.9331355245177824,538.4415930458904,0.2819419801251747,4.540460197388359e-05
3,2,0,0,1,4.533859421404349,0.0800332764331908,2.540560769309684,0.0895784868176735,1.3642404086392668,7.495437027778566,0.2798561634569393,74.41627775317664,13826295437.335716,0.0011905883339244,0.261195765708357,0.2825085633845227,0.2082444615244204,0.1718746115646699,5286418.780502664,0.0216828778777979,0.0877057545112841,0.0213682868466709,1.0,0.4265520640790403,34.38760149063439,0.2825085633845227,4.540460197388359e-05
5,2,1,0,2,1.0261682978886608,0.0633293207511487,6.707550961496164,0.0478969823285873,6.050215147407529,5.519970341228013,0.4713936979304755,63.60938075121331,15402514671.69,0.0013309750542594,0.1940621686878486,0.2836307843595539,0.2586742794421306,0.1859095490148926,3047792.151452913,0.0334561914224527,0.1976518996848495,0.0319327001904998,1.0,0.4832200410634572,5.1389354600815,0.2836307843595539,4.540460197388359e-05
5,2,1,0,2,2.0385216843706604,0.0906867671823865,8.514232253317068,0.0469708213084638,5.627985148158221,2.559447552263073,0.4737675675385221,74.8378274687101,15997889243.77312,0.0013563851216111,0.2052369093340029,0.2803766848231284,0.245810239356649,0.173193401178702,3248383.6223015427,0.0302113368862865,0.1785493360035898,0.0286956986615852,1.0,0.5039816502983102,11.002856909845224,0.2803766848231284,4.540460197388359e-05
4,1,1,0,1,2.207625255893273,0.0269365389236444,4.750411354669936,0.030419370206023,6.1653153969055285,4.674941944029087,0.2259608823375582,107.74503962207184,11240758349.102669,0.0012597186633415,0.2075514769012204,0.2791645272130929,0.2432294379977664,0.1805861837764371,2875728.2678882787,0.0295802797543546,0.1664686367517203,0.0286050890701573,1.0,0.4484031956647,56.3171958605259,0.2791645272130929,4.540460197388359e-05
5,2,1,0,2,2.032019903339305,0.0905673000832706,8.535717931895938,0.0472480885934536,5.629132581860051,2.4156960862179,0.4741792082019067,74.85645993094865,16019786947.112064,0.0013554799099618,0.2079781364311381,0.2796029137624088,0.2428216534310431,0.1711958563974795,3311730.734658352,0.0294811776874928,0.1739031450162743,0.0279873972477617,1.0,0.5042670140569517,11.357306359998503,0.2796029137624088,4.540460197388359e-05
2,1,0,0,0,4.583308039248521,0.0487407789724409,1.1977811923371695,0.065933166445899,3.167669917188184,10.435458911179714,0.1789201369832851,97.0893827968754,11726841934.6351,0.0014503002853801,0.2180084489101422,0.2778008701353075,0.2333980282926165,0.1622694934849261,3264520.9536214834,0.0272373198054405,0.1548099117551503,0.0261028242086994,1.0,0.2506952830637205,39.75238596338274,0.2778008701353075,4.540460197388359e-05
2,1,0,0,2,4.333375473324024,0.077517329780172,4.413008610460726,0.0945432341848924,0.1145003492306548,6.237173995900723,0.3857036901021168,127.2049868027106,13993330589.864368,0.0010088617972416,0.2239663962575152,0.2778606200678987,0.2312529939916832,0.1895956658747055,6969951.404107212,0.0267389736150587,0.1064110384734972,0.0261782372514416,1.0,0.5786007798423123,5.87945948635736,0.2778606200678987,4.540460197388359e-05
4,2,0,0,1,1.8924255114620177,0.0278804054831071,5.210995959689485,0.0168395763372906,7.85513872601422,3.0900872669267017,0.3497377435996301,83.3868033716311,13259851095.924236,0.0,0.2228239889192336,0.277890694688863,0.229845223717382,0.1782772516853362,3441795.3804827603,0.0264144134328467,0.1474517279164379,0.0256314603662312,1.0,0.3716803218449314,12.84471277416682,0.277890694688863,4.540460197388359e-05
3,0,0,0,1,1.5238895527695484,0.0096830111400632,8.11783591384443,0.0190140522187219,7.411918796500181,3.2417088428843783,0.5365206699179267,90.08148122501356,12527042359.746937,0.0005302749829512,0.2355028605026047,0.2782925259552795,0.2204568281544147,0.1495595686972474,153010.64737088076,0.0243006065399525,0.1398246902321931,0.0237147303857034,1.0,0.8314510927186615,38.384874626146605,0.2782925259552795,4.540460197388359e-05
4,0,1,0,0,0.1557335490844957,0.0373405490007595,3.695791708696242,0.0047773589343739,0.5330361449432239,9.831806681091026,0.3204650155362558,84.59933112192687,11760178487.250675,0.0,0.2559816595451596,0.2787351569344291,0.2067974288770872,0.1710826168358132,5726290.535142913,0.0213825882950869,0.1221007756980402,0.0210928640299191,1.0,0.3286728763342471,24.05422413347793,0.2787351569344291,4.540460197388359e-05
4,1,0,0,0,2.0601199502026666,0.0072661442549107,9.27214246378082,0.0028421926027123,7.880168638912639,1.1034919241942454,0.2457546396156678,122.29026133289764,14728284962.389332,0.0,0.2120121420943961,0.2767760615268662,0.2371645632497481,0.1588949448306313,1032532.2116209996,0.0281235150307219,0.1634079641126379,0.0272245450893859,1.0,1.0971948062710517,146.20327867947736,0.2767760615268662,4.540460197388359e-05
4,1,1,0,1,2.1993842403412,0.0291286799727951,4.750702431826773,0.0300048759649838,6.1031896597797735,4.671134793690308,0.2278616723925582,109.29434551552552,11212038945.053007,0.0012513429662725,0.2063724886774131,0.2769440403004525,0.2423210358538031,0.1800215010510101,2856983.839802461,0.02935974220863,0.1645377874943369,0.0283973743816286,1.0,0.4473609411594192,54.70557381041801,0.2769440403004525,4.540460197388359e-05
3,0,0,0,1,3.790113239389445,0.0883002513316447,3.1692110953409456,0.0728152550924471,1.6443965650997978,3.220484784526412,0.6598012170287231,98.85470994639704,16358194353.206371,0.001197242309867,0.228689306344342,0.2732508489037772,0.2239676169120686,0.1888421128472253,6204231.952248309,0.0250807467126355,0.0954543096286759,0.0246723854360284,1.0,0.4948743336600326,5.510237236764628,0.2732508489037772,4.540460197388359e-05
4,1,1,0,1,2.229334274492709,0.0272586564279175,4.760200852814016,0.0303045111839331,6.197611246636355,4.593987491840498,0.2211197632731696,107.40376897508398,11238956481.83552,0.0012551325795767,0.206369330051091,0.2738699073733782,0.2396808365908513,0.178719026805134,2886533.33035885,0.0287234517144451,0.1599368453694575,0.027804424056856,1.0,0.448069864562295,56.19210737502964,0.2738699073733782,4.540460197388359e-05
4,1,1,0,1,2.293034320222827,0.030667125601951,4.905145859838768,0.0325683476363183,6.391797003465225,5.141651936365707,0.250199009783281,106.71761391343368,11215544787.5409,0.0012550651120914,0.2023504343304766,0.2739440243979942,0.2430263146564733,0.1792427096907686,2730758.911976915,0.0295308948077535,0.166911620588917,0.028557989639849,1.0,0.4484204503024256,72.73057085207542,0.2739440243979942,4.540460197388359e-05
4,0,0,0,0,0.5371069620994134,0.0095520655362129,9.90907554115874,0.0466575671173243,5.568323687741199,2.81189030840548,0.0822766557878973,95.77874548636304,13961513830.750937,0.0,0.2198629934280104,0.2749042126686713,0.2293067138503662,0.1425442090431364,248424.12513796645,0.0262907845084268,0.1528502443330798,0.0250261215815095,1.0,1.622743948768926,501.43545137961127,0.2749042126686713,4.540460197388359e-05
0,1,0,0,2,2.209173347778987,0.0340547907910516,6.091702557261421,0.0971170551331327,5.499472634827938,18.368685817445684,0.3300190763282377,128.306231629689,14923441775.448816,0.0006841446316113,0.4616011437002869,0.8216505004594186,0.3709505613315155,0.2675882003929545,1124256.3384371733,0.0688021594760832,0.4786866838248077,0.0649607076356552,1.0,0.4214750839156078,3.24042987491856,0.8216505004594186,4.540460197388359e-05
3,2,0,0,2,0.4869183953613042,0.0431994611776971,5.915374454851522,0.0955844256903171,3.974658595360575,5.105133695305966,0.1950771790287239,62.56589455824732,18189728341.354088,0.0013729809277524,0.4118710789605857,0.8177954596211635,0.4242386230585735,0.3677765460834922,11302831.67325548,0.0899892046473172,0.2743783537516877,0.0857011082880724,1.0,0.487979675640747,15.4911966672115,0.8177954596211635,4.540460197388359e-05
2,1,0,0,0,3.426408422381792,0.0244302514563762,6.975273624743805,0.0872619700101889,8.886333103906942,5.986345685320809,0.3810520073280267,91.31433109999062,11128720827.408249,0.0011730740917653,0.5160241246658446,0.7975652806503486,0.3274720940625577,0.2318713042734222,264459.3799838159,0.0536189861948583,0.336821927175288,0.0510692050351947,1.0,0.7567074012206598,92.72312067545768,0.7975652806503486,4.540460197388359e-05
4,0,0,0,1,4.282634669729395,0.0218838062311647,9.563143831827505,0.0118841114964012,7.704287148669573,16.077863215136855,0.1820766579909878,102.75190833348042,15832480914.27665,0.0,0.4882596032631651,0.7990165119513937,0.3439639492774247,0.2303623612310455,1662650.6424485466,0.0591555992012614,0.3965573547493494,0.0550869136671987,1.0,0.4477328223990815,26.10907985913447,0.7990165119513937,4.540460197388359e-05
2,0,1,0,0,0.2249137784854643,0.0284483026204956,7.387831256869028,0.054044285330781,6.578340295721803,7.568394700053254,0.8232864596013738,108.08095989238576,16565810799.893888,0.0011636811102136,0.4054703604576795,0.800224084286725,0.42001078969708,0.3643644348131079,14446194.82794727,0.0882045317309823,0.2817797389902173,0.0841826395398965,1.0,0.4683148022718675,10.022941253506657,0.800224084286725,4.540460197388359e-05
3,2,1,0,1,3.419905011564655,0.0629699462262666,1.491951876106197,0.069051245433827,8.111853196712136,16.73243160340607,0.7452587567289993,74.61405788085449,18751707227.53516,0.0013944163399648,0.3921396125038756,0.8029317320605218,0.4303010570437777,0.3887252592294976,13174781.348877285,0.0925794998464962,0.3577234115163419,0.0887525887822592,1.0,0.4438257627204953,2.247106815862314,0.8029317320605218,4.540460197388359e-05
3,1,0,0,2,4.875026932960084,0.0604083241101141,9.122318349660263,0.0783759567131613,7.340994860849851,19.385004891907208,0.5816247406866121,106.69379011347196,15939269096.463991,0.0005182085880886,0.457088307128609,0.7783566906720385,0.3602199740348643,0.3024124242982291,8508688.30516145,0.0648792148468391,0.3402292666144924,0.0622909534086097,1.0,0.3934330394959988,2.0135006246959515,0.7783566906720385,4.540460197388359e-05
3,0,1,0,2,2.5115844081231598,0.0816088098583427,6.999744120667978,0.0825694541538387,9.661989125309416,13.829142918151652,0.4623808462566326,65.08069599513753,16700482687.411726,0.0008668211794693,0.4420268393162008,0.783394586448257,0.3728874909760234,0.2927839876892498,7179755.701752299,0.0695225404631969,0.375892751730765,0.0652461052332511,1.0,0.4871431224536398,16.281235606042028,0.783394586448257,4.540460197388359e-05
3,1,1,0,2,0.1604205810826403,0.0686393739204213,4.941714169908193,0.0350988635934257,2.6979810774624187,17.868752774822614,0.1377901409535958,63.05593914243017,10572138671.245224,0.0013120977774109,0.4082556539703173,0.7885775666735666,0.412107175256016,0.3408039044138318,15436908.524691995,0.0849161619487463,0.2586923269928383,0.0804852132273623,1.0,0.4444061012374526,81.31179418610309,0.7885775666735666,4.540460197388359e-05
4,1,1,0,0,0.8567577355916591,0.0073264359278907,8.182996237239989,0.0346284354964292,9.535341953500652,6.292383415010447,0.3339082377653624,62.831176542722815,9127776117.491566,0.0,0.1745341659427992,0.2727279311616689,0.2671560780045724,0.1924564601270259,1930563.3903456223,0.0356861850073925,0.2152299660664185,0.0343827133651483,1.0,1.434853821747067,61.41867204285123,0.2727279311616689,4.540460197388359e-05
3,1,1,0,2,4.244831232405187,0.0884910236582211,5.414180436555863,0.0666852055294731,2.28110458409582,4.140308813767312,0.0876811485432868,104.45097530154555,14433296111.223885,0.0014793358861061,0.2729249202420685,0.2717301099267028,0.1914978202767455,0.1566250267545532,6963456.794122146,0.0183357075853723,0.0965045301959165,0.0181311722087817,1.0,0.4811587981454051,6.564806544868483,0.2717301099267028,4.540460197388359e-05
4,1,0,0,0,3.2046512481708933,0.0502964751846161,8.719476420660337,0.0311794206306697,8.079130834610337,4.355917051415137,0.4108706871146914,119.29235303680328,17946497713.59195,0.0011024438973806,0.1747506444804511,0.2704198936655667,0.2651288345509028,0.1844939735986651,2265940.293485903,0.03514664945516,0.2041001318696342,0.0335257895209686,1.0,0.4295418688346778,4.783876291231484,0.2704198936655667,4.540460197388359e-05
4,0,1,0,1,0.1895731346376799,0.0117243929689797,6.655982345553585,0.0999914205152969,5.057329472855816,14.675845168555862,0.542664361688692,75.33905826248429,14572810101.170197,0.0014020929110058,0.2512966594363269,0.2670206588563646,0.2007877944436595,0.1406929437205069,596812.487935744,0.0201578691987746,0.11565393393341,0.0196658618953759,1.0,0.8933598303447622,17.03323725861725,0.2670206588563646,4.540460197388359e-05
4,0,1,0,1,3.773321403815519,0.0195725863822032,9.119178032664191,0.0329175763352291,8.625248141101219,7.963124113753748,0.1349399322272141,66.15841723707311,15146631676.384914,0.0008120816583298,0.2107845070414179,0.2686844891737407,0.2310927339937618,0.1412709386621793,238984.5507647898,0.0267019258523557,0.1566186110735545,0.0254415493751766,1.0,0.6267365318600417,4.03693525149201,0.2686844891737407,4.540460197388359e-05
4,1,0,0,0,2.0985037515317457,0.0072661442549107,9.355108078600855,0.0028421926027123,8.018570768307208,1.1034919241942454,0.2457546396156678,122.29026133289764,15606208424.340109,0.0,0.202123587689541,0.2627519746461519,0.2329929062847233,0.1529174882730652,1059330.7736477724,0.0271428471895009,0.158272907301891,0.0262935956881657,1.0,1.1036442592637303,63.70874180644182,0.2627519746461519,4.540460197388359e-05
3,2,0,0,1,3.686577337553253,0.0408536590234026,9.869624618067292,0.0039605884332573,4.396238716751516,11.132989984459275,0.2607516961034635,83.71605202584854,13527785402.460402,0.0,0.1642330501040476,0.2585414854154166,0.2639880636482358,0.1617605214322202,472243.3242635911,0.0348448488743725,0.2054253068272256,0.0332497409215252,1.0,0.4662916096266928,8.014300020517162,0.2585414854154166,4.540460197388359e-05
4,1,1,0,1,2.7804524072120387,0.0401741629213034,4.377979216627754,0.031635492107653,3.682033117453457,8.133469985835013,0.5589918281122566,111.64059765204804,14758930389.704603,0.0011676879840612,0.2170343510903516,0.2593864850483504,0.2187713293626332,0.1705451558659491,2947407.666649065,0.0239304472755468,0.1307487882795279,0.0233595897823159,1.0,0.4440833986197511,61.838249887550106,0.2593864850483504,4.540460197388359e-05
2,1,0,0,2,3.057438880012685,0.0689476531877874,5.181086898684839,0.0443830613005925,0.5902221452534903,2.660268822615097,0.4767486884111422,122.31232441023823,10968822294.486076,0.0013759899240837,0.2246630632023571,0.2565004144641383,0.2103381203418891,0.1789647974843969,4752299.16811361,0.0221210624344795,0.1277233940304181,0.0217753031888493,1.0,0.5031994191230225,4.195375767768704,0.2565004144641383,4.540460197388359e-05
3,2,0,0,1,1.5941839522164627,0.0508637285531825,4.862026160073179,0.084198869990246,8.724046567130008,3.2177314655533737,0.1771617405747834,61.614084785188645,11391677019.766502,0.001009913058769,0.2043532463317847,0.2540828934490272,0.2234961093928013,0.1602026311448388,3880187.314585507,0.0249752554568595,0.145382263428644,0.023930866693697,1.0,0.4415466196133205,75.0126843766148,0.2540828934490272,4.540460197388359e-05
3,1,0,0,2,4.246870400187676,0.0644750590885729,5.18409754046511,0.0769180473844308,8.751311171781602,4.227136227270712,0.3143105044666213,61.71667342105717,16005884210.345997,0.0012208101754875,0.1684971974581978,0.2546132491823946,0.2559940172941758,0.1789715295684907,2242825.005816804,0.0327664684452053,0.188288818590888,0.0314636491983779,1.0,0.4115430083938881,6.848247270797481,0.2546132491823946,4.540460197388359e-05
3,2,0,0,1,4.755013803372324,0.0893920172784751,3.5803948045883063,0.0733507275291805,2.3255734230306224,3.756875964079861,0.6333792143077058,84.2330768464471,14640995711.332588,0.0009839650466538,0.2405962317158841,0.2515353024266351,0.1955058404755004,0.1600525324353569,4930691.972700261,0.0191112668300159,0.1092663983325863,0.0187450961446465,1.0,0.441797337025077,51.99621221915741,0.2515353024266351,4.540460197388359e-05
3,2,0,0,1,2.101041535953277,0.0649614755070741,3.042643363313749,0.0450981064261278,1.7189140445556552,11.454018992687343,0.0317851986650965,65.47336156855442,16870645663.155336,0.0009326569888341,0.2407249799971066,0.2516565813810953,0.196624780070633,0.1637764036697225,5255346.569640092,0.0193306520689124,0.0902807141154592,0.0190826289748427,1.0,0.4238378332997307,10.703133693815724,0.2516565813810953,4.540460197388359e-05
4,1,0,0,0,4.017110384287835,0.0747272256109271,1.9879232811955476,0.085788314038281,6.088557705654431,1.0832598571265537,0.5500395810346871,103.88986062007169,12835237101.892456,0.0012157722028255,0.1625845981300453,0.2493824000033918,0.256734738191042,0.185270082463379,2014663.8179616025,0.0329563628970114,0.1885790666465177,0.0318000823230407,1.0,0.3128761090096809,5.6192969384868245,0.2493824000033918,4.540460197388359e-05
4,0,1,0,1,4.427641471776568,0.0195725863822032,9.119178032664191,0.0326261670957477,7.118857425682049,7.963124113753748,0.1563392136676217,66.15841723707311,15146631676.384914,0.0008120816583298,0.1978438030758949,0.2508241126831698,0.2257971006260947,0.1377267831870325,227966.8816599177,0.0254921653255753,0.1487786108292934,0.0243434543596936,1.0,0.6328807879698694,7.439727053210022,0.2508241126831698,4.540460197388359e-05
3,1,0,0,1,1.80834449421352,0.0655785716369822,5.500488008909111,0.0499856730584338,2.683382432815498,5.274627042831071,0.2672124633286704,78.04451546423428,15708263933.250608,0.001354041983071,0.2546334955676319,0.2481729065326307,0.1844452783369522,0.1636402827316062,5153501.832945098,0.0170100303503978,0.0917921893068582,0.0168544242717672,1.0,0.4862088607771573,47.26686090487468,0.2481729065326307,4.540460197388359e-05
4,1,1,0,0,0.8602713740598106,0.0078858299220353,8.149763387926985,0.0344769569157122,9.534774396636973,6.223327347499642,0.3327126931190857,62.57137443824768,9179940571.448809,0.0,0.1620085126996557,0.2467826240498407,0.2542681577959407,0.1790225948401079,5117949.648063665,0.0323261480344707,0.1925457033343214,0.0312315930697294,1.0,1.2665558831935666,61.46096797931149,0.2467826240498407,4.540460197388359e-05
3,0,0,0,0,3.2054280195827087,0.0700709132652674,5.887045777612764,0.0499648324730406,1.5693348062021053,4.45951322282064,0.6844435275483299,60.0430978076223,16386220846.284435,0.0014602083390134,0.2170935089690223,0.2468615559617355,0.2081919834885213,0.1566928883788875,3678690.181528164,0.0216719509944423,0.1145379811942999,0.0210472010441195,1.0,0.5259872487788038,19.505876350606307,0.2468615559617355,4.540460197388359e-05
3,0,1,0,1,0.2861293693441289,0.0628490348246522,8.310762961216257,0.0321497025063025,4.19997790550832,6.761568604607751,0.6310917791436748,118.26373917312924,16979802076.33656,0.0009771883612439,0.1852651793710356,0.2412343148342889,0.229149062161601,0.1774347746037553,2928186.1008336293,0.0262546463447706,0.1211928907003231,0.0254912052677718,1.0,0.5803784125550946,114.13182694574726,0.2412343148342889,4.540460197388359e-05
4,0,0,0,1,0.6012618004535147,0.0174186578665415,9.436704163595293,0.0279961114579332,5.836284109628111,1.500845203348979,0.0442686866179595,102.460601001781,14407559388.630013,0.0010060574593875,0.1728003471492887,0.2403357053818873,0.2375576350054495,0.1895434612549271,3167217.162371737,0.0282168149746911,0.1654773746225643,0.0273030088326782,1.0,0.5331148122008273,82.16073140504173,0.2403357053818873,4.540460197388359e-05
3,0,0,0,0,4.198626444904486,0.0535708834809992,2.919813661484604,0.0908814969329428,3.203597662073626,2.600650203568833,0.4611947302461227,75.67100918081138,12289554720.426315,0.0013665539787223,0.2079257536137696,0.2366585300687336,0.2055002932188853,0.1491190525763032,2773921.802026465,0.0211151852565239,0.1202396714968424,0.020395850967268,1.0,0.4332960914004168,11.457963945138012,0.2366585300687336,4.540460197388359e-05
1,1,1,0,2,2.065570015316251,0.0091473725666029,0.4643278957655371,0.0275956507272933,5.451129473245402,19.172140141305565,0.1929805214891381,65.16834910191555,10177752877.81021,0.0014280397966515,0.4177798070359712,0.8902861987682662,0.4449241442340209,0.37856013836395,10454344.679566609,0.0989787470611879,0.5166816231147835,0.0932270690257083,1.0,0.4700942628780992,3.3330471768401257,0.8902861987682662,4.540460197388359e-05
4,2,0,0,1,4.541223674792381,0.034155110153337,4.440205827256862,0.0784874712843737,9.5956380912965,11.96235305465009,0.518809190086133,114.67988399494308,12039762226.649952,0.0005838987651161,0.4803292414382375,0.8815853975853266,0.3922176601102718,0.3320895191789318,12404893.853757937,0.0769173464511883,0.3706156282106632,0.0736279939682452,1.0,0.3993478794777106,7.273587810323779,0.8815853975853266,4.540460197388359e-05
2,0,0,0,0,0.1963153305620294,0.0914626787211754,6.791079274985938,0.0606491262797844,0.997590970891908,2.081630315026012,0.4072914597353904,66.17539809327464,12374485848.51257,0.0008340992050012,0.4371697171519492,0.8486140250709301,0.4137590495421733,0.3444045641963625,13526987.449681142,0.0855982755390213,0.3422658562397267,0.0813263081064726,1.0,0.4335915791685206,10.020524547319404,0.8486140250709301,4.540460197388359e-05
2,0,0,0,0,0.1963153305620294,0.0914626787211754,6.791079274985938,0.0606491262797844,0.997590970891908,2.081630315026012,0.4072914597353904,66.17539809327464,12374485848.51257,0.0008340992050012,0.4371697171519492,0.8486140250709301,0.4137590495421733,0.3444045641963625,13526987.449681142,0.0855982755390213,0.3422658562397267,0.0813263081064726,1.0,0.4335915791685206,10.020524547319404,0.8486140250709301,4.540460197388359e-05
0,1,0,0,2,2.209173347778987,0.0340547907910516,5.969748810864648,0.0971170551331327,5.499472634827938,18.368685817445684,0.3359132946707157,128.306231629689,15863256596.061508,0.0008853652960771,0.4710481067150587,0.8505081535976821,0.37693632627953,0.2718328983658939,1165858.097805331,0.0710404970345541,0.4968984412166725,0.0669632487697653,1.0,0.4517669702551383,3.2380731356778742,0.8505081535976821,4.540460197388359e-05
0,1,0,0,2,2.217767357075296,0.0342252860743364,6.297582816869757,0.096955424919058,5.584972017662572,18.356392476944603,0.3505432812562623,127.4065382980278,14791872859.375042,0.0006714937100177,0.4734200313989405,0.8659331668295768,0.3817918408986377,0.2733583067073357,1220103.3063131107,0.0728825048883853,0.5138371189904243,0.0684985095385992,1.0,0.4187735835531518,1.8236160158381076,0.8659331668295768,4.540460197388359e-05
4,2,1,0,1,0.6221276734522005,0.0149862661053952,1.2597130796722564,0.0950901913375355,5.789945261698943,1.957464277987717,0.0426492886116021,93.27010350102049,11056169085.294989,0.0014284580646833,0.4150343463690301,0.8314820637866247,0.4248651929554547,0.3767386432284004,13765445.055046327,0.0902552160925378,0.3441052087575836,0.0864338714650292,1.0,0.4298156156777747,8.607302803183465,0.8314820637866247,4.540460197388359e-05
4,1,0,0,2,0.361991281633074,0.0328760097981176,4.22708602676166,0.0671568529629876,7.736477885115311,7.743845625173877,0.4884197816676057,108.23776887513138,9207091598.785185,0.000965680314707,0.4128340773819677,0.8345380467087177,0.4343224104463876,0.3513331232382303,11264177.445305647,0.0943179781079802,0.2458977038125988,0.0888731153694407,1.0,0.3916742103940837,425.13155384110206,0.8345380467087177,4.540460197388359e-05
2,0,0,0,0,0.2070437385628938,0.0933112977294828,6.715465056437458,0.0591847321242206,1.0650757184585231,2.2208950015644717,0.417087532672854,66.14229110085144,12152973424.702587,0.0008393239393288,0.4326429535045985,0.838909156294369,0.4128412165123068,0.3448929789201777,13484819.803178651,0.0852189350256807,0.338804618204265,0.0810292672093855,1.0,0.4483089836050792,18.69642856557244,0.838909156294369,4.540460197388359e-05
2,0,0,0,0,0.1963153305620294,0.0914626787211754,6.46761473887527,0.0606491262797844,0.997590970891908,2.081630315026012,0.4072914597353904,64.643377012587,18753759171.03908,0.0014068357521467,0.4202262263713303,0.8433358784456887,0.4273124349766216,0.3708216740205444,14170730.199811896,0.0912979585428247,0.3296369600753804,0.0869485755778701,1.0,0.5474832911537809,6.287477853142893,0.8433358784456887,4.540460197388359e-05
3,1,1,0,2,1.4064913335296778,0.0390105553368909,2.94260880688801,0.0879768571473575,2.0545410840405838,1.1780317703166585,0.2298982821741645,82.09484897645716,16714959194.04645,0.00131913683683,0.2253635818237795,0.2332152817857496,0.1904198605007882,0.1579102481108178,4722978.580801671,0.0181298616365698,0.1032869633283937,0.0179008403165064,1.0,0.3970570880196487,6.435986829439909,0.2332152817857496,4.540460197388359e-05
3,2,0,0,1,0.4097889970378509,0.0180731760860116,5.255625232311494,0.0405193492502685,9.853922976702842,1.900451374627246,0.0141789648861548,62.95745286780067,11872001114.049484,0.0013852847187462,0.1540685632737642,0.2339238484997403,0.2490969624837959,0.1645965397216219,392972.2582413391,0.0310246483593268,0.1838159360827651,0.0295968585418828,1.0,0.8445097724520639,189.5595080294781,0.2339238484997403,4.540460197388359e-05
3,0,0,0,1,0.5674373808345533,0.0240213476955714,2.2217235781197133,0.0982730567843616,2.869108091985212,7.599448476985721,0.8343241105748587,89.07979363002016,10087143733.39576,0.0005451325118926,0.2278911284296893,0.2341202183590134,0.1895274613583706,0.1298976653065781,170567.33930171584,0.0179603293044743,0.1022724710746184,0.0176172512645495,1.0,0.7012557195071863,87.94761960080713,0.2341202183590134,4.540460197388359e-05
3,0,0,0,1,3.76969869925046,0.089452229458026,3.469065158199122,0.0725753031053251,1.7361516952944476,2.981144531540966,0.6408599275859326,99.51912080530047,16067609167.28228,0.0012087182361092,0.1848057372346427,0.2349623085092111,0.2228429418528936,0.1912250143885386,5184969.25623331,0.024829488366826,0.1269921951232703,0.024405716856988,1.0,0.6129599958649031,24.575750986488558,0.2349623085092111,4.540460197388359e-05
3,2,0,0,1,4.824272738296684,0.0929379103449676,5.414421729858734,0.071335551096008,0.912672130900018,8.25801274071509,0.40234433221741,70.45163483691881,13600771911.425106,0.0012092590864381,0.2031396046497436,0.2354267280270091,0.2088518874156985,0.1837419301532717,5059570.28586583,0.0218095554385498,0.1077091356340737,0.0215504306888115,1.0,0.5718160815920825,961.3138598113024,0.2354267280270091,4.540460197388359e-05
4,2,0,0,1,3.63661353708006,0.0268928117330984,4.997552598949493,0.0209494925277784,6.942990331919931,8.998727380327827,0.2997287670904723,75.75382803232904,16988199788.773834,0.0012950183255617,0.1458090214976599,0.2356118848134736,0.2558559409683406,0.1824429934408256,1743457.293769223,0.0327311312643974,0.1841465470456253,0.0315319960098798,1.0,0.475865851260573,25.427399468574,0.2356118848134736,4.540460197388359e-05
3,2,0,0,1,3.263535881462857,0.0437498488202619,6.58439400797151,0.0083240864220225,3.142869242813728,11.141617875259598,0.1167364556260211,67.38025564575675,12331339449.284689,0.0,0.1919446446975381,0.2310032250957459,0.2127416836727952,0.1608968125290966,3104897.182763879,0.0226295119859678,0.1251019017483731,0.0219662607496532,1.0,0.3693608826765541,44.73814623254224,0.2310032250957459,4.540460197388359e-05
4,2,1,0,0,3.139288970278129,0.0342108223172883,5.69994419486795,0.0037627110405243,2.4575549469874414,14.020454810692746,0.1806983415833069,65.87294167883029,14804295593.077976,0.0,0.1754634439329714,0.2314682386699642,0.2268984290011531,0.1555253561983544,1615848.2517438438,0.0257414485415956,0.1429547771730541,0.0246970130208206,1.0,0.3546567312089635,31.38887301335107,0.2314682386699642,4.540460197388359e-05
1,0,1,0,1,0.991583738757842,0.061530074289803,7.342372143701472,0.0689544017556352,7.309956989397343,18.175888152287342,0.7418450958654617,119.73381336113646,18332393470.727997,0.0007837804351978,0.1803080352097571,0.2276945314004829,0.2206797381042456,0.1895996409349901,4196259.501326288,0.0243497734048792,0.1052922517220865,0.0239192386547731,1.0,0.554152477066034,41.739129763479305,0.2276945314004829,4.540460197388359e-05
3,2,0,0,1,2.7763612806263667,0.0544018106045124,4.502450132736056,0.039264468880886,7.204115826830152,3.529742156280587,0.0657527324914349,62.98788196913347,10784575051.60543,0.0014515370278494,0.1758537824668593,0.2241183016524015,0.2194482316169314,0.1660937224483172,2814949.45020869,0.0240787631798991,0.1317137589338264,0.0234311470616893,1.0,0.4777213945779511,24.91470605643331,0.2241183016524015,4.540460197388359e-05
5,0,0,0,2,4.076595331983677,0.0163334886499056,7.664047748832043,0.0981321516792716,4.855399252235843,16.97442342456252,0.8021213393017904,91.44964987820666,15416260311.284704,0.0008040715963282,0.1458396993858703,0.2249028491168846,0.2440695835821706,0.1531842630497198,208154.45512543755,0.029784980814987,0.1732493812399352,0.0283812485764327,1.0,1.185063521626694,7.336915768408326,0.2249028491168846,4.540460197388359e-05
2,1,0,0,2,4.770676487855471,0.0690855723962587,7.088860547292962,0.0586007022550473,1.4391965042466048,11.209913015131775,0.4148075504043294,125.2445531931096,16471845422.732784,0.0009764201059856,0.2081812303574635,0.2239430620186256,0.1941937093127637,0.1509696856496673,3390898.3856506823,0.018855598368325,0.1049715596233848,0.0184958445564252,1.0,0.4386799292400516,17.776282359158625,0.2239430620186256,4.540460197388359e-05
5,2,0,0,2,3.456296394058582,0.0713897709740419,5.660130666206944,0.0127194547744285,0.5906064169021071,6.199025483655301,0.4987378186078401,73.50975374929044,19377948315.57597,0.0,0.2182405006769051,0.2207941397462795,0.1845809635778864,0.1447650392138466,3163395.575820125,0.0170350660576705,0.0958304616043186,0.0166634552078592,1.0,0.3098789242370754,9.753610144550718,0.2207941397462795,4.540460197388359e-05
2,1,0,0,0,4.162656512870925,0.0812556184367904,6.894149652914195,0.0563945846360173,1.8744138166508773,5.532628264065692,0.3848177642042338,109.47454080323736,12690477707.671434,0.0011334758689177,0.2000948525990583,0.2211388739713454,0.1977727595436766,0.1527251354784533,2954311.429951053,0.0195570322087604,0.1026941598566056,0.0191310635970131,1.0,0.4510114359470626,5.477659836692201,0.2211388739713454,4.540460197388359e-05
3,2,1,0,2,3.461644792176116,0.0220527492483164,3.7412347654644393,0.0218868441486677,5.168428099049486,18.09297941022477,0.4957341780457344,70.54416025513375,18154594190.40208,0.0012151271081585,0.1492123253216591,0.2168360877422004,0.2360263185455485,0.1575062869982857,2021897.3086053175,0.0278542115230823,0.1472078027249431,0.0267551321035405,1.0,0.4118910490067144,198.26030058421352,0.2168360877422004,4.540460197388359e-05
3,0,0,0,1,0.7090430259962596,0.0750589812101555,4.020451526675497,0.0458658962938264,6.139422069281758,3.685891768696288,0.395657124811246,81.7108338268346,16185598871.092005,0.0009227732938019,0.1702095161333358,0.2191850739550185,0.2199874302263389,0.1823415393436793,3529376.750152143,0.0241972347287941,0.1216425159818885,0.0236785373673782,1.0,0.5817670057723163,18.87631322072289,0.2191850739550185,4.540460197388359e-05
4,0,0,0,1,0.1147289750289169,0.0307765828019707,9.42072685242718,0.0136397123571489,7.657111379946303,1.2912420418110528,0.0207360888891468,101.05581611392964,15761183329.591543,0.0,0.5096774076859405,1.000000263345289,0.4247901716438653,0.3553994319615588,15155601.303824626,0.0902233449626122,0.3797268471378703,0.0857315233670224,1.0,0.3342137524768826,1.0,1.000000263345289,4.540460197388359e-05
4,1,1,0,0,0.9105165589298028,0.0104996900047397,0.8158858581657019,0.0130905995895278,9.073676254240622,4.726595656296772,0.3648441537299973,78.96055842757568,10939448656.005123,0.001378569386811,0.4592288889487803,1.0040601026162348,0.4621549352845029,0.3906723617617564,11304032.454709252,0.1067935921039115,0.5545274025132314,0.1001696566751067,1.0,0.4539276550916986,1.7637982086589032,1.0040601026162348,4.540460197388359e-05
3,0,0,0,1,0.6277703078183365,0.0892234840839504,5.248357113138366,0.0020829574152876,7.127317044411432,2.21698834546856,0.4373359406456917,70.42818432192385,9110931980.685328,0.0,0.4725338100840229,1.0043470686037537,0.4630675640449883,0.3860794161194042,17063477.118008193,0.1072157844352797,0.3191739430621073,0.1007569130624108,1.0,0.4394209173178675,2.949415266450177,1.0043470686037537,4.540460197388359e-05
0,1,1,0,2,1.7568770276636096,0.0149214984814535,6.927532238762605,0.0783936586756724,8.948916697052729,19.374972909867232,0.5294502993745321,100.42217289495802,16528234917.38913,0.0007756356978898,0.5453229641523865,1.0195487326831565,0.395178367163339,0.2781299189139875,720515.5805455574,0.0780829709369414,0.5580849248904466,0.0730097252461527,1.0,0.4975553187220133,1.0,1.0195487326831565,4.540460197388359e-05
3,2,0,0,1,2.0513868114647758,0.0821367466991389,2.00196637132265,0.0028589544742333,9.61798972816447,11.03905455577782,0.2315009858607469,101.1930083827676,15238846209.864489,0.0006635184790123,0.4344062386399849,0.9528340466142424,0.4704158835268955,0.4166895404829339,15488187.10835339,0.1106455517371948,0.3727633249806155,0.1050676638332683,1.0,0.3950384824090453,1.7973939166264188,0.9528340466142424,4.540460197388359e-05
2,1,0,0,0,3.6526183513616655,0.0225323619877054,6.927360597827097,0.0899868448857591,8.882178159000675,16.292149018422716,0.2144310031847229,93.12438586489644,11256651060.739906,0.0012216356645632,0.5603799913838072,0.9551099630608644,0.3630386489398358,0.2606913327981277,338503.3499541465,0.0658985303120306,0.4335824777822895,0.0624754327489912,1.0,0.7539379887946536,12.45211814496242,0.9551099630608644,4.540460197388359e-05
2,1,0,0,0,3.6526183513616655,0.0225323619877054,6.927360597827097,0.0899868448857591,8.882178159000675,16.292149018422716,0.2144310031847229,93.12438586489644,11256651060.739906,0.0012216356645632,0.5603799913838072,0.9551099630608644,0.3630386489398358,0.2606913327981277,338503.3499541465,0.0658985303120306,0.4335824777822895,0.0624754327489912,1.0,0.7539379887946536,12.45211814496242,0.9551099630608644,4.540460197388359e-05
3,0,1,0,2,0.2555604727497715,0.0884836962571533,9.042071802925056,0.0375521840825162,2.0790103075019988,4.973368305452572,0.3865347624478646,67.0229013151417,11854322421.594105,0.0009995018771243,0.4695094279267835,0.971282998130456,0.4445491482018268,0.3839609186958781,12610897.42451306,0.0988119725834848,0.40170848001589,0.0934857941437832,1.0,0.5406709567781155,3.044944262288621,0.971282998130456,4.540460197388359e-05
3,0,1,0,1,0.3209311311049219,0.0551014071808319,8.082225144444479,0.0237179482544141,7.461088102012034,10.253278708592733,0.7297471065358235,90.51010108654076,15143569077.101614,0.0007864310285698,0.4822485033288693,0.975264633572782,0.4354375846637185,0.3640898260332246,13937386.641510628,0.0948029450688865,0.3954957908745347,0.0898417606332075,1.0,0.4807335122567983,42.6227117219894,0.975264633572782,4.540460197388359e-05
4,1,0,0,2,0.4189804033234775,0.0330890593744784,4.135607008825094,0.0672549221960634,7.732234308991337,7.655669994227447,0.4823122459264066,108.4867646474034,9232856367.23206,0.0009613874886849,0.3936826210825845,0.9389861925936254,0.5108245137905574,0.4315823228132406,17641924.96128057,0.1304708419446796,0.3018485118666522,0.1218348598533326,1.0,0.5357154120493793,1.14117206489114,0.9389861925936254,4.540460197388359e-05
1,1,0,0,0,1.2428803150568142,0.00877341105366,0.3894907409529388,0.0081534051433667,3.618759193670909,5.929390042379304,0.1761770966038937,83.83490669772917,11175609220.996683,0.0014122660829562,0.4421100806261525,0.9425427224956758,0.4463901109106912,0.3723230714527671,9927559.296859363,0.0996320655594296,0.5629039222033309,0.0932671685603723,1.0,0.4652103847055469,1.15281676467546,0.9425427224956758,4.540460197388359e-05
3,2,1,0,1,0.4904197062747967,0.0629699462262666,1.491951876106197,0.069051245433827,8.111853196712136,16.73243160340607,0.7452587567289993,74.61405788085449,18751707227.53516,0.0011082673651271,0.4206073184104366,0.9476074637493264,0.4807792652420095,0.4350692840013784,15228496.840926647,0.1155743509433232,0.3915518319666196,0.1097913968930249,1.0,0.4301977280772507,3.267912322058555,0.9476074637493264,4.540460197388359e-05
2,0,0,0,0,0.5925104392804389,0.0398362809813487,0.2767574143867527,0.0857978115627812,6.92011593368694,5.071940750473336,0.3771777609869284,110.82952812395848,11628833448.659468,0.0010608121891054,0.407074443905212,0.9520959310957278,0.5032568062681176,0.4177374082053308,17759383.74962405,0.1266337065275928,0.2990538877561199,0.1182132087111856,1.0,0.7398249908643405,48.057777178633465,0.9520959310957278,4.540460197388359e-05
5,1,1,0,0,0.737791953816564,0.0064425502016875,9.217034954697088,0.0037246289959179,9.160877023771382,18.05471890921008,0.3690775024372362,79.93234130343635,10636829958.573936,0.0,0.5046061805306828,0.9070635373949928,0.3818345663589109,0.2686253325830586,123955.1096467348,0.0728988180332487,0.4325831343500713,0.068129535791479,1.0,0.7939887286301924,9.38512708322896,0.9070635373949928,4.540460197388359e-05
5,1,1,0,0,0.737791953816564,0.0064425502016875,9.217034954697088,0.0037246289959179,9.160877023771382,18.05471890921008,0.3690775024372362,79.93234130343635,10636829958.573936,0.0,0.5046061805306828,0.9070635373949928,0.3818345663589109,0.2686253325830586,123955.1096467348,0.0728988180332487,0.4325831343500713,0.068129535791479,1.0,0.7939887286301924,9.38512708322896,0.9070635373949928,4.540460197388359e-05
3,1,0,0,2,2.1202572600226057,0.0644750590885729,5.18409754046511,0.0769180473844308,3.4560424302469,4.227136227270712,0.3143105044666213,61.71667342105717,16005884210.345997,0.0012208101754875,0.197446195425184,0.2118929575343961,0.1907601720475111,0.1504306648155475,3782025.948943897,0.018194721619798,0.1033065198022499,0.0178833304265795,1.0,0.4578499862120435,10.335168680077173,0.2118929575343961,4.540460197388359e-05
4,0,1,0,1,1.9143339517790916,0.0459247144328403,8.276293043832885,0.0604917332837446,6.442374262288997,17.848373740466613,0.0851503413637725,63.2274942932504,13044120648.79928,0.0013243465355925,0.1631425691919431,0.2128375635562349,0.2206442504262895,0.1792269164271667,4708317.841521922,0.0243419426230895,0.1057124579106213,0.0238272692164867,1.0,0.6497676573966418,9.081568614973484,0.2128375635562349,4.540460197388359e-05
4,0,1,0,2,0.7010526865415698,0.0102173473833404,1.094089654826509,0.0115249065354168,3.200744621482869,15.019963101694916,0.1188383530878553,107.99797926730923,10609429395.850048,0.0,0.1719308671058654,0.2128812718359259,0.2114409217107092,0.1430743530304185,1848443.133032485,0.0223536316869371,0.1254733720340359,0.021565410369735,1.0,0.7174594761491484,27.034789094478967,0.2128812718359259,4.540460197388359e-05
5,2,0,0,2,2.495523467106072,0.0537642368470995,0.8874321542560067,0.0441834346288897,0.3308373988674503,11.402667767062251,0.5716324692110157,94.6870355744236,19330980594.315914,0.0006763465905056,0.1559954250992219,0.2135555172014254,0.2264554048627564,0.1782976378049881,2521979.421765059,0.0256410251957774,0.1397024025366915,0.0249751055179531,1.0,0.5392917638614103,9.57281110254292,0.2135555172014254,4.540460197388359e-05
4,2,1,0,0,2.7086298933950586,0.0342108223172883,9.387648031138667,0.0037627110405243,2.431460365828834,14.020454810692746,0.1686163422985913,65.87294167883029,14804295593.077976,0.0,0.1146295910396466,0.210623410693664,0.2309804202282696,0.153661492228038,802566.4907161659,0.026675977264414,0.1444955016886382,0.0258048932060681,1.0,0.3670034361682785,27.8854981937321,0.210623410693664,4.540460197388359e-05
2,1,0,0,0,4.156246431940393,0.0811066549635459,6.90870147984297,0.0563732232642997,1.8698117697152163,5.48321936454011,0.3815775130172774,109.6844138474091,12722313538.931007,0.0011276088728861,0.197721032478954,0.2113535135245779,0.1905365218427905,0.1492223462771897,2995320.343138029,0.0181520830779741,0.0945287284702905,0.0178063836526637,1.0,0.4507678226999164,5.475192805583298,0.2113535135245779,4.540460197388359e-05
5,2,0,0,2,3.1850046668838807,0.0563567924286341,1.1502447638842677,0.0441834346288897,3.4084340871644216,11.402667767062251,0.5716324692110157,93.97450232888714,19330980594.315914,0.0006763465905056,0.147048773245054,0.2091575799536799,0.2270529792721277,0.1723381395874345,2092762.421354547,0.0257765276981746,0.1504256505041984,0.0251264560049973,1.0,0.5324103139371481,82.249575935184,0.2091575799536799,4.540460197388359e-05
5,0,0,0,2,1.4982909927824009,0.0216588643793503,6.648314258366638,0.0758202336203989,4.870627900295918,19.6909974255372,0.838831783305988,95.5865703581153,14973555341.719666,0.0006862855078751,0.1145757556943652,0.2101678217853867,0.2300760252246534,0.1616606872141536,1660055.7213788824,0.0264674886915876,0.1510207625026732,0.0256796167661407,1.0,1.0557734082696224,88.71263001976827,0.2101678217853867,4.540460197388359e-05
2,1,0,0,2,4.770676487855471,0.0694299192934859,7.088860547292962,0.0586007022550473,1.4391965042466048,11.47429175483774,0.4148075504043294,125.6080973161111,14836601741.125776,0.0009422488074641,0.1949444073677451,0.2106046700676798,0.1915603049722199,0.1463741959264689,3231083.5885058446,0.0183476752205249,0.1004262229579,0.017986425684465,1.0,0.434188895516955,18.329377442854422,0.2106046700676798,4.540460197388359e-05
5,2,0,0,2,2.410220708492753,0.033847931674091,3.642666734989687,0.0216580354855288,7.099015671354918,12.866884259311789,0.5828696345947247,75.82459703671475,18426908208.644337,0.0005870231385899,0.1640505605034601,0.2062927093545456,0.2112398181257518,0.1633207221803583,2161839.680294082,0.0223111303809003,0.1288721651211206,0.0218576969683622,1.0,0.5186433450082243,19.93790011373503,0.2062927093545456,4.540460197388359e-05
2,1,0,0,2,4.663473753829246,0.0453240162122823,4.331132734510317,0.0995989769116251,0.6477375579650965,2.3648990186717187,0.419944122120042,129.93657794325,15626190433.712423,0.0011415078250842,0.2068778074078791,0.206401487897492,0.179373624130067,0.1507242124642686,4444863.550721768,0.0160874485167772,0.0906094015033389,0.0158839310673381,1.0,0.4665047802387456,23.286577957282823,0.206401487897492,4.540460197388359e-05
4,1,1,0,1,2.6392259567075973,0.0291286799727951,4.750702431826773,0.0300048759649838,3.269767110115006,4.671134793690308,0.2397151115963334,109.29434551552552,11212038945.053007,0.0012513429662725,0.1864645609922268,0.2077828758896663,0.1954792558929533,0.1546816821754786,2937159.6261580056,0.0191060697422313,0.0979588263310409,0.0187421719099698,1.0,0.4509307802773235,49.53320798609459,0.2077828758896663,4.540460197388359e-05
4,2,1,0,0,3.2610768295020924,0.0430271360565683,1.6744072274657995,0.0981181535824615,5.924181818150685,11.843050243629468,0.0463050213394032,65.37560755983132,13243775887.703514,0.0014797996853557,0.5219711153187321,1.1157987476783,0.4675093250110601,0.3975338562744498,16553529.476160437,0.1092824844861485,0.3909477302071538,0.1031002987666679,1.0,0.3112743779567423,1.0,1.1157987476783,4.540460197388359e-05
0,1,0,0,1,0.6989113873418946,0.041225792366834,4.70413088254919,0.050719975354967,2.3644127681456064,7.995501747317163,0.3810618038110014,84.16051304681551,10402007826.967972,0.001257543383697,0.6009469591896046,1.118079759179376,0.39657070819011,0.279098017115267,218059.83836340668,0.0786341632972026,0.5542115923497114,0.0738425843098378,1.0,0.5093668594237761,1.0,1.118079759179376,4.540460197388359e-05
3,2,1,0,2,1.8167733512975832,0.0245166034177894,1.018116287086943,0.0469186693480466,7.035601522334065,2.8253122465233025,0.0733049597752241,93.79917612654316,12065581780.071049,0.001459701047177,0.4103283392042181,1.1202738040404596,0.5935375831051867,0.5101117155934202,20954275.722778734,0.1761434312791732,0.2993994456913049,0.1611113030215452,1.0,0.6308514006828594,12.528585037272046,1.1202738040404596,4.540460197388359e-05
4,2,1,0,0,1.096940244526223,0.0234810827396696,0.5983413171659441,0.0826681214311951,1.848415732739108,2.203244875592302,0.0178446966588314,105.5048042580818,11720549408.10159,0.0012094831426894,0.5899017327758498,1.080401795436334,0.3895343060230292,0.2690883498784382,594119.9432458975,0.0758684877844214,0.5422602302585977,0.0709387454330462,1.0,1.0630787056147784,32.616353766806206,1.080401795436334,4.540460197388359e-05
0,0,1,0,0,0.6408842381854869,0.0388676985205619,4.272788719195613,0.0827380638944413,6.210538857508229,10.791073922667156,0.8090174002404724,101.85808426290112,15102709558.62715,0.0012311553054954,0.567715431187771,1.087654709519375,0.4053583382542651,0.2894942438531515,524007.070797826,0.0821576911961295,0.6036328010705144,0.0769763741926382,1.0,0.5047275856175357,1.0,1.087654709519375,4.540460197388359e-05
2,1,0,0,0,0.3027147923474406,0.0503560823927615,0.7391550776637053,0.094082423094203,8.340180601654724,1.3175188348664848,0.4377792303245499,80.45366218653834,10708445372.77645,0.0007707712698096,0.5173425365087461,1.088242839180582,0.4588158266026527,0.3819188892031286,15998720.632336186,0.1052559813705377,0.3914629046402138,0.0994453978132794,1.0,0.2985711007979372,1.0,1.088242839180582,4.540460197388359e-05
4,0,0,0,0,0.4628170352615812,0.0338089063341105,8.13971110915411,0.0304746380247541,6.752968937833422,3.170790625915888,0.0160508773146711,100.3184593049271,18546962208.51371,0.0012272849380012,0.4618968505743398,1.0967165055121637,0.5159569242264244,0.4561046282241432,13269856.838639546,0.1331057738285961,0.392785123759422,0.1245930292001835,1.0,0.5426235812567328,1.0,1.0967165055121637,4.540460197388359e-05
3,0,1,0,2,0.2685497002931679,0.0866546951155164,9.407239462698431,0.0295532549121612,3.866242038018234,2.811336258069137,0.6124898071527527,78.621270086247,9581430808.509916,0.0009994768919496,0.4970531920327109,1.0975616508117076,0.4793976235877772,0.4077446432873552,14695999.166389488,0.114911040750804,0.4297658480311757,0.1081017017631757,1.0,0.542814868194234,1.0,1.0975616508117076,4.540460197388359e-05
0,1,1,0,2,3.1028612401781634,0.0142810405671542,3.0942015843861674,0.0624712579587338,4.338657062118746,6.378200213319128,0.403379614387243,110.60739939811546,14395888217.145811,0.0,0.6102409734021738,1.1031631650384042,0.385336920084087,0.2653705900502134,270670.07611100574,0.074242270989945,0.5309079833423923,0.0696128320290561,1.0,0.7136419855866792,2.047642332271769,1.1031631650384042,4.540460197388359e-05
0,2,0,0,1,3.730804670639288,0.0585923109785485,5.018091186407581,0.0841104990220835,2.261331995701913,7.905533989889922,0.3157896440930102,73.31260055204076,11061458469.297564,0.0005454024073266,0.5433074868596726,1.0623674542770485,0.4118462496436902,0.2850614653880628,1156269.6563102396,0.0848086666727864,0.6275712102254691,0.0786613909843643,1.0,0.4260511877919705,1.0,1.0623674542770485,4.540460197388359e-05
5,0,1,0,1,0.4091282882220818,0.0277257047814969,7.412267615432339,0.0306069214430597,2.8425689967460883,10.73453956753796,0.491638746551668,63.922087246897945,16618258985.841385,0.0011756729241676,0.4603293906853947,1.0634486266311904,0.5005674005584326,0.4273532164783415,15154943.891014695,0.1252838612509131,0.3942362631898493,0.1164026287798313,1.0,0.5241000180214542,1.0,1.0634486266311904,4.540460197388359e-05
4,0,0,0,0,0.5141848191078224,0.0456143442563411,1.4823426940152902,0.0898497245129461,9.035650549282217,4.993775217498267,0.4547375659282049,110.02805112613464,10219317746.761175,0.0007279554936502,0.4395167690018049,1.0640832467506434,0.5290871770262998,0.4237501947628099,19602606.425016087,0.1399666204468295,0.2874819915104379,0.1288738113941834,1.0,0.6215305750400049,1.0,1.0640832467506434,4.540460197388359e-05
4,0,0,0,1,0.1226307882398337,0.0218838062311647,9.563143831827505,0.0118841114964012,5.518373976921657,16.077863215136855,0.1820766579909878,102.75190833348042,15832480914.27665,0.0,0.5056326689684325,1.0684505409060692,0.4615571410945296,0.356592227720225,15725813.731537458,0.1065174972476777,0.3623238336966615,0.0985862952726349,1.0,0.3383056825164136,355.3979580269546,1.0684505409060692,4.540460197388359e-05
2,2,1,0,1,3.990753579398607,0.0824761275011009,7.647194122996124,0.0960412928982125,2.107899287149489,12.823625686383288,0.5119193260546578,77.86987917260254,11831496953.1785,0.0009567212987307,0.4826257714648175,1.0688756319062327,0.4846352941344098,0.4003470043098975,12982307.664795756,0.1174356841603729,0.3340560861589358,0.1096059062232318,1.0,0.4240253830060898,1.0,1.0688756319062327,4.540460197388359e-05
0,2,1,0,2,0.3508986347453898,0.0654625130552477,3.589865343595765,0.0518883904802725,9.349351344706385,15.320324633365276,0.3558446896874608,115.87962766522176,14698705011.898005,0.0006383019442968,0.5958576796505884,1.0755646882969565,0.3844821502671854,0.2676887278317645,297478.67575327825,0.0739132619370392,0.5223706378765186,0.0695466968427164,1.0,0.4102863934229686,1.0,1.0755646882969565,4.540460197388359e-05
4,0,0,0,1,2.6257276099897395,0.0099890659967548,9.043390589583106,0.0238211892585134,8.365401474167486,19.350606141855543,0.1807456537824199,73.41626902282728,12695778811.08598,0.0008340813991591,0.5040111567782726,1.078839807143156,0.4614437217770252,0.3269351603221472,24498262.47355425,0.1064651541837163,0.4756085623347892,0.0958970855591455,1.0,0.6563637881760105,1.0,1.078839807143156,4.540460197388359e-05
1,1,1,0,2,4.569850420835281,0.0287477892630751,9.713114113273257,0.0764350635974531,0.8592205791047673,17.746066383381415,0.6376294227453881,128.2017670789334,10833761308.601362,0.0006982555983599,0.4010899502810657,1.026414330898385,0.5537359714174687,0.4723160371675135,19810762.7079559,0.1533117630208238,0.2739039385876131,0.1413969359676778,1.0,0.4592305142870241,1.0,1.026414330898385,4.540460197388359e-05
3,1,1,0,2,2.714120095608999,0.0392073726834593,7.765951365018996,0.0905607146926775,3.8586206714224702,15.418547766436362,0.2006775125222157,67.31675899230484,19220029468.762844,0.0013516228555765,0.4899812783053371,1.026817101376412,0.4557552813230214,0.3832402084627755,11935142.438293172,0.1038564382269131,0.3604384759598866,0.0980944703452784,1.0,0.4868009749229461,20.929582424994237,1.026817101376412,4.540460197388359e-05
4,0,1,0,2,0.238135854978095,0.028747148146252,7.635331260548116,0.0102294334701657,6.309586433101601,11.371673801021954,0.452274211770871,99.18028562173691,9795456180.396929,0.0,0.4894780806027139,1.039551833469268,0.4636479723892865,0.3444944355080611,17096321.596805222,0.1074847211503483,0.3385830636895816,0.099117849650543,1.0,0.3671375848880044,41.32842399528956,1.039551833469268,4.540460197388359e-05
4,0,0,0,1,0.128674148754325,0.0302565324362286,9.020118320051218,0.0137202075737951,7.62638458556542,14.150861903382369,0.4170602718513483,101.0478938482508,15814567645.418842,0.0,0.4968009973036073,1.0424392290370268,0.4580157572486024,0.3585980774674472,15316109.792936789,0.1048892169440053,0.3455999473388165,0.0974142477824799,1.0,0.3396924721788043,1.0,1.0424392290370268,4.540460197388359e-05
3,0,1,0,2,0.5645111306486623,0.0889375028156435,1.0231548838609223,0.0695564919254746,5.615486044859841,17.341808540330113,0.129629099238501,74.368566650281,16188232150.97169,0.0012746366515892,0.4029763978723822,1.0450545489431655,0.5608674945660225,0.4850580750696066,19943999.364478268,0.1572861732303836,0.2936936797745707,0.1449983030818702,1.0,0.730433482686911,1.0,1.0450545489431655,4.540460197388359e-05
4,2,1,0,0,1.0333680108516403,0.0234810827396696,0.5983413171659441,0.0826681214311951,1.848415732739108,14.444791628149236,0.0178446966588314,105.5048042580818,11720549408.10159,0.0012094831426894,0.5622469680148561,1.0500169536191162,0.3955603522647954,0.2788930023077118,831129.4837081006,0.0782339961419245,0.5626771616732072,0.0731047200960631,1.0,0.9730776782935656,1.0,1.0500169536191162,4.540460197388359e-05
0,0,0,0,0,0.1020294251558396,0.0492497047485417,2.7346865694011964,0.0166394055093108,3.084578067289021,6.919455622406339,0.6792941373817711,76.26910051923795,19940519930.989586,0.0,0.5708726478378169,1.0521845521036155,0.3920875754915458,0.276200305149092,333675.34708820033,0.0768663334274193,0.5286819890012062,0.0722677526891829,1.0,0.2751173751555429,1.0,1.0521845521036155,4.540460197388359e-05
4,0,0,0,1,0.1039536633934394,0.0306051262748645,9.05305104629562,0.0135633976379216,7.70745960949653,13.93707536114863,0.4170145555790284,100.96448961948744,15850350896.598764,0.0,0.5026345370470864,1.053475583543656,0.4577816197088857,0.3620680365269846,15225092.290957374,0.1047820056716454,0.3508801302453549,0.0975012556725693,1.0,0.3338327349665423,1.0,1.053475583543656,4.540460197388359e-05
0,1,0,0,2,0.5835665924971618,0.0086497646218088,7.8787804750157955,0.0926437276359251,0.2630421992868832,12.775587326902098,0.8207694036806235,78.48829263631302,12841694457.476988,0.0010810812939882,0.6172069901458164,1.2278729427426354,0.4238338202447154,0.2968345966801284,745987.9595685486,0.0898175535916148,0.6479021258150319,0.0833044945962737,1.0,0.4811749027068815,1.0,1.2278729427426354,4.540460197388359e-05
4,2,1,0,0,3.4074786532072703,0.0402328385472892,9.893327004603467,0.071784981756219,8.173891599302587,7.714715751773711,0.0166835725905778,74.10026138357405,16647936006.904331,0.0013975206432392,0.493886447556327,1.2298710949722085,0.54665968073473,0.4672546011782949,12007396.042636313,0.1494184032704984,0.417910283176123,0.1386018700514858,1.0,0.4724474253747663,1.0,1.2298710949722085,4.540460197388359e-05
2,0,0,0,0,0.2110134290079328,0.0705058039757565,5.44227163029485,0.0223872206005497,9.713293641516833,1.1835796443974884,0.7750347663296588,112.07303249098928,15099028727.334265,0.0005171449922026,0.5067584286350331,1.2514205534233631,0.5455084772223789,0.4475984731000443,19870447.032552976,0.1487897493607393,0.3831535652060879,0.1369729545633689,1.0,0.3524312148273048,1.0,1.2514205534233631,4.540460197388359e-05
0,1,1,0,2,3.4195776103361326,0.0259242038112632,2.711736579583445,0.0172095449876643,1.3605842786664242,16.299626008638096,0.7971729216442136,107.53244039413514,12358005017.547834,0.0,0.6784809227493087,1.258095921668137,0.3975262187085001,0.2763602205778525,41700.02646382674,0.0790135472803391,0.5650142257925665,0.0740682121830503,1.0,0.3282907291466476,1.0,1.258095921668137,4.540460197388359e-05
3,0,1,0,2,0.2522728930521466,0.0778045305618476,9.355582443517338,0.0406453345237261,0.197740664099343,2.215184194442569,0.0207568164204238,101.30631807108094,16685267788.388935,0.0012964833865842,0.5248389798028018,1.272814602249508,0.5317185026619645,0.4625906481284971,15470658.95553434,0.1413622830365407,0.4797250313216513,0.1319565896540141,1.0,0.7138171621357737,1.0,1.272814602249508,4.540460197388359e-05
0,1,1,0,2,1.1080848914268695,0.0539164007419864,1.3198038625659358,0.0350550200741781,1.8669838865936927,18.706083505518457,0.4037509211180646,83.12899192493211,18239459329.943104,0.0005715510788477,0.6810944033114752,1.2758700352871424,0.4014098419469927,0.2771709101565835,97937.1776412769,0.0805649306059548,0.5815681880641262,0.0753521961265538,1.0,0.4118866699446306,1.0,1.2758700352871424,4.540460197388359e-05
2,1,0,0,2,1.183538159404427,0.0273333632915341,9.270935528593435,0.0457044786017711,1.4995943353059673,18.583371384783103,0.2814111138075288,116.59907512670183,13730257299.768265,0.0010898462198592,0.4093576628518115,1.1798856397424191,0.6257387130764559,0.5459498010993813,21249351.50944225,0.1957744685212896,0.3394034870635622,0.1782195682594374,1.0,0.5841366918745856,1.0,1.1798856397424191,4.540460197388359e-05
3,1,1,0,1,2.0082051217559176,0.0555194886223866,0.4833228730028984,0.003974275567697,7.213045884970846,18.421752458644672,0.2090162019200454,105.26812911350312,13286581351.236591,0.0010820658441992,0.4382651090414554,1.191656451935825,0.5974587091257979,0.4937669504731358,21878173.907362185,0.1784784545551323,0.2958778171440508,0.1614717824779347,1.0,0.5271721435719183,1.0,1.191656451935825,4.540460197388359e-05
0,0,1,0,1,0.9736472267613608,0.086914357814985,7.503718105596448,0.0138555385376476,5.579512250736864,3.915684916914572,0.836508232721023,113.09917917851908,9348514409.239296,0.0,0.6213648659776227,1.195560627702382,0.4103162593892436,0.2858825802931499,402928.3095979052,0.0841797163595905,0.6058745264419431,0.0786413480575613,1.0,0.3080468722646096,1.0,1.195560627702382,4.540460197388359e-05
0,0,1,0,0,1.8221917892951351,0.0181557192508165,9.582421279805692,0.0443454949908743,1.788146286613341,3.345769982265962,0.0173673732849236,69.09635076690304,11121524205.173756,0.0007159747537932,0.6110361898529133,1.2067368075085916,0.4197456646068502,0.2897640407502253,618385.2128001373,0.0880932114781232,0.6509565212474839,0.081645854028125,1.0,0.4357286682902822,1.0,1.2067368075085916,4.540460197388359e-05
1,0,1,0,1,3.3843152230120457,0.0989698918353612,2.9232253686593115,0.0072447137419592,7.558374941100552,2.618753913210628,0.5784169064978755,100.4584419164954,14476184481.129786,0.0,0.5261303425294163,1.212934758937092,0.5044003203038254,0.4250971452338376,16354946.93400212,0.1272098415613008,0.4578149172107174,0.1187115139074516,1.0,0.4034274879559878,1.0,1.212934758937092,4.540460197388359e-05
2,1,0,0,2,3.9636770854614007,0.0453240162122823,4.331132734510317,0.0995989769116251,0.6477375579650965,11.512844239514276,0.419944122120042,129.909912935449,15626190433.712423,0.0011415078250842,0.4851871340048664,1.226221092796255,0.5570203262809541,0.4559088111483602,14711792.449488427,0.1551358219450702,0.367502145270844,0.1417222394119079,1.0,0.4669881132716753,8.254588663361517,1.226221092796255,4.540460197388359e-05
4,2,1,0,0,3.4074786532072703,0.0402328385472892,8.75670635150461,0.071784981756219,1.6982956241856342,7.714715751773711,0.0166835725905778,74.10026138357405,16647936006.904331,0.0014091823139811,0.5091693511274479,1.160243568689899,0.4985376105718863,0.423954078831542,10713422.132890886,0.1242698745773629,0.4145824543221517,0.1166976940404664,1.0,0.5671593719642374,82.64791797485718,1.160243568689899,4.540460197388359e-05
1,1,0,0,2,4.201907800164273,0.0766647323870878,8.716295634550526,0.0872575570809635,9.934563471148625,14.24876548723551,0.7972978912079149,104.42444451383564,17513726643.634357,0.0007102474922493,0.5263228054078882,1.1612176123376243,0.4843177451588996,0.4101096494924472,13830060.279570648,0.1172818391379004,0.393114480986607,0.1106522696381285,1.0,0.3871758471127094,1.0,1.1612176123376243,4.540460197388359e-05
4,0,1,0,1,0.2562527996526039,0.0404735157042601,9.457556233438265,0.0208802921209619,6.468802882186698,12.151200106718129,0.1988582326395895,67.31604623098222,13977401889.755968,0.0014528427431652,0.4941431819632218,1.1647350507105854,0.5148322525736502,0.4279532864103307,16814188.105822816,0.1325261241450293,0.4229867973723817,0.1228954626742182,1.0,0.5690576852082998,65.4787519976144,1.1647350507105854,4.540460197388359e-05
0,2,0,0,2,0.173969593863344,0.0237169629555714,9.634887216288377,0.0918963952890888,1.1671759025402588,1.2060939722087187,0.0182760689753523,101.02016642285372,14973939044.5281,0.0009399346771685,0.6020562489155932,1.1665340131894006,0.4117485866651004,0.2829631491663632,448162.8137304388,0.0847684493103538,0.6214304552734029,0.0788266645009042,1.0,0.6149981047275394,1.0,1.1665340131894006,4.540460197388359e-05
0,1,1,0,1,2.4240803787438403,0.0722570748912102,9.5697916776643,0.0544840849590405,9.260324122910854,14.671071385753802,0.8278306825325888,119.36853448606914,11481938104.835678,0.0007908700114557,0.6263869100748316,1.1686998039622092,0.3981052390289711,0.2751805458231283,143966.21631128297,0.0792438906711571,0.5711896114595918,0.0743059427315168,1.0,0.4209167198092232,1.0,1.1686998039622092,4.540460197388359e-05
2,1,0,0,1,2.418843572235851,0.048511019064183,1.0636773651635527,0.0909044129119388,9.043598057640455,9.45927167942824,0.4433213109065123,108.79847521985803,10447702522.004396,0.0007047241670254,0.443493564908059,1.1715133249222534,0.5809461568015881,0.4666547433204713,21440288.301447578,0.1687492185512676,0.2892916485789298,0.1530503622194508,1.0,0.4892003703915581,1.0,1.1715133249222534,4.540460197388359e-05
2,1,0,0,2,1.8908201679802583,0.0273333632915341,9.270935528593435,0.0457044786017711,1.4995943353059673,15.880580314249984,0.2868898870549103,116.59907512670183,13730257299.768265,0.0010898462198592,0.408888141914422,1.1730814172580226,0.6225153276063825,0.5441641018481944,21129684.05276617,0.1937626665524409,0.3405146621292492,0.176567891145887,1.0,0.5863238406845257,1.5419505259615125,1.1730814172580226,4.540460197388359e-05
0,2,1,0,1,0.1691366428046862,0.0459219796613649,8.261938169929666,0.0358829900526281,7.514330662568493,19.398310617983096,0.0732737409050828,76.72886216129147,12864121378.494522,0.0006306586949105,0.6407301626060857,1.1766326282921806,0.3930518281992766,0.2743896364746659,181788.55565226276,0.0772448698253968,0.5425275502182433,0.0725128422450433,1.0,0.3959806108879822,1.0,1.1766326282921806,4.540460197388359e-05
1,1,0,0,2,0.3797931758070895,0.0803651791828443,8.771229510969958,0.086106710687481,9.33652945868864,19.86211418449794,0.8001970544227492,98.72860585179968,17648315471.005016,0.000730954308782,0.5250753056722057,1.1282578623852058,0.4690069722156434,0.4116495134146229,15064444.87972666,0.1099837699934426,0.4167978847968209,0.104537344808279,1.0,0.3987704643926342,1.0807455824507122,1.1282578623852058,4.540460197388359e-05
0,1,1,0,1,0.1045652410577734,0.0662814043853429,2.770740764204074,0.0597079574135897,4.169265417737482,19.3137750329814,0.0499973867909785,104.7145893683152,11632349424.044325,0.0009951963685659,0.620586400418802,1.1322677758780275,0.390464237811989,0.2785545360414328,408235.4140943053,0.0762311605050487,0.5218623161695052,0.0716656845660286,1.0,0.4166045622502616,1.0,1.1322677758780275,4.540460197388359e-05
5,0,1,0,0,3.0659916503827045,0.0382606978166007,1.110188946014332,0.0351830020215004,9.888930429112817,3.470022972013722,0.6476579438633757,104.1006669396356,15643457461.118685,0.0008232548395643,0.4417695187944475,1.1324616355219717,0.5624366453117816,0.4534518262472286,20717939.90928372,0.1581674899947854,0.2901474999759311,0.1443895991569957,1.0,0.5913361764953794,1.3865916826568667,1.1324616355219717,4.540460197388359e-05
4,1,0,0,2,0.4092415237033971,0.0328760097981176,4.22708602676166,0.0671568529629876,7.736477885115311,7.743845625173877,0.4884197816676057,108.23776887513138,18149985461.541355,0.0006979195926059,0.4811906258283993,1.1332438563153018,0.5167900725205858,0.4249225336589628,12875320.70909061,0.1335359895279161,0.3491722850872047,0.1236777230770791,1.0,0.3665246545500011,25.928237118570948,1.1332438563153018,4.540460197388359e-05
4,0,0,0,0,0.4479933301255164,0.0456143442563411,1.7109721908523263,0.0898497245129461,8.88589647635068,17.84523396630815,0.0812278322978247,107.14024782695232,10219317746.761175,0.0007196347606344,0.4432699056161236,1.1356672909452126,0.5624576653100288,0.4526906315267583,20729694.229648456,0.1581793126330042,0.2889166257685504,0.1443765181828443,1.0,0.6535909325175169,58.37379016175442,1.1356672909452126,4.540460197388359e-05
1,0,1,0,1,1.3048486066778548,0.0804647702280417,9.021200090318548,0.0094524408229397,4.3168451775405945,1.0434896777809612,0.5947907016384487,97.96228911096594,10758402308.083015,0.0,0.5009278293866197,1.13697145966267,0.4968589718285677,0.4121213725384661,17206382.66244293,0.1234344189432707,0.3891684118285511,0.115465347908451,1.0,0.4171129093149301,1.145572672868384,1.13697145966267,4.540460197388359e-05
3,2,0,0,0,0.3697712925559435,0.0463106766612519,0.3732944786907189,0.0869167620328745,6.9740208871811165,1.6264292795280473,0.3477585462981364,67.86157258017118,10273125550.647797,0.0008474762072827,0.4438835642091101,1.1548348174328684,0.5717682512289429,0.4607974895536408,21059493.938536685,0.1634594665567018,0.2891596304485453,0.1487869203826416,1.0,0.5442898181142245,1.0,1.1548348174328684,4.540460197388359e-05
4,0,1,0,1,0.2292811019152239,0.0195725863822032,9.00384950886494,0.0329175763352291,8.625248141101219,7.963124113753748,0.1349399322272141,66.15841723707311,14735186993.696556,0.0013863503587847,0.195661756738664,0.2062690396046996,0.1869734465308105,0.1250054458455843,371713.967701356,0.0174795348538049,0.0965705180520263,0.016984089342472,1.0,0.6311309511027492,32.00915006006395,0.2062690396046996,4.540460197388359e-05
3,2,0,0,1,4.467309958808019,0.0649614755070741,2.9061175485680444,0.0450981064261278,1.7189140445556552,11.454018992687343,0.0317851986650965,65.9825343681193,16870645663.155336,0.0007362441137379,0.1994599503290214,0.2010148738717458,0.1796019385173514,0.1355310578391303,3559200.585136733,0.0161284281595952,0.0874684418747836,0.015799334596563,1.0,0.3828120531100002,7.765601410276584,0.2010148738717458,4.540460197388359e-05
3,2,0,0,1,4.288615877411105,0.0593313197887552,6.667854641612522,0.0611146502598522,2.1943669162488355,5.255352758754549,0.5869816164687673,60.39576311034056,12194090233.213663,0.0010345005174679,0.185262039225887,0.2017671362615552,0.1900732657535519,0.1362622410624888,2977152.9679025165,0.0180639231771101,0.1019512342895534,0.0175388967703677,1.0,0.487591077044765,50.860388440929256,0.2017671362615552,4.540460197388359e-05
3,2,0,0,1,4.23155206475312,0.0582093789738726,6.503506968237341,0.06159396493371,2.1715639245354352,5.349681598947775,0.5743178817916792,60.08611682510225,12165215943.01647,0.0010359941931554,0.1887502122793485,0.2033131612952412,0.1890433803406459,0.1383006382992241,3017393.3882296192,0.017868699825309,0.1002152554603892,0.0173815820666401,1.0,0.4772739869892385,49.89711067304255,0.2033131612952412,4.540460197388359e-05
4,1,1,0,0,2.718553735938917,0.0614051640515698,9.066320290857218,0.006565931626872,9.11946907429672,11.238516063577508,0.755475968100446,73.46867854196194,14038720154.31464,0.0,0.1490419189763325,0.1953652363929686,0.2128431225887129,0.1583654302054939,1854204.47850454,0.0226510974166569,0.1172786274582643,0.0221171109238397,1.0,0.3401924402258676,17.945659764700913,0.1953652363929686,4.540460197388359e-05
2,1,0,0,2,3.548614893752789,0.0619794835869662,5.728715120673833,0.0473279252593755,0.6657963644590396,12.938947447604969,0.3022328192886664,101.62127195523868,15587647694.902191,0.0011673294712298,0.1984878281954663,0.1974703767924776,0.1768040793121673,0.1434312889682388,4249474.041829979,0.0156298412307115,0.0880593689404586,0.015407986306133,1.0,0.4783644243556578,9.722962930450969,0.1974703767924776,4.540460197388359e-05
3,2,1,0,1,4.29373123667519,0.0592682911141725,6.659069408804654,0.060951480700277,2.2096414633507497,5.368392084341487,0.5842119645903803,60.29285589833383,12220634947.934792,0.0010335825967418,0.1757135348191136,0.1983814993535186,0.1938869326379499,0.143607910426788,2856913.3986592568,0.0187960713238764,0.1070142941028829,0.0182195921763602,1.0,0.4925987032252273,39.94413008640457,0.1983814993535186,4.540460197388359e-05
3,2,0,0,1,4.286267782182159,0.0593693039971481,8.471239533446795,0.0611955413458681,1.1444313269948476,5.2219436965618415,0.5853334489315692,60.42135065194821,12229647131.285109,0.0010463012520114,0.1953787194033914,0.1946885145290963,0.1762826254660254,0.1210973646908066,2491569.6235568426,0.0155377820205975,0.0878533559609701,0.0151583606738645,1.0,0.4599868230949531,25.79791905341508,0.1946885145290963,4.540460197388359e-05
0,2,0,0,2,3.3831176037927038,0.0216530297652746,9.176876962593465,0.0799343766913931,6.61257328568434,3.2180846118884743,0.3191185166361596,69.32625344200943,19020076913.21869,0.0008734987095632,0.6940503299449816,1.3860713511347182,0.4269531300426788,0.2905508985612934,266459.12667106424,0.0911444876266203,0.6844577439607505,0.0843060111234548,1.0,0.6390923884593017,1.0,1.3860713511347182,4.540460197388359e-05
0,0,1,0,1,2.6323810198865547,0.0833695783375796,7.384361536318605,0.0137528476226738,5.64283334137804,12.433355644893894,0.7590653585031676,111.65761231621742,9363741190.42442,0.0,0.7093065402398395,1.3874011537514537,0.4190278754443094,0.2867663334425784,89923.0565348616,0.0877921801996858,0.6509703462356641,0.0816697194120962,1.0,0.3032648419299152,1.0,1.3874011537514537,4.540460197388359e-05
0,0,1,0,1,2.547255297390544,0.0740586512477986,9.65238784995834,0.010561223865218,9.722842785564762,16.747459629555767,0.607956015490976,112.44645576801472,16711209790.12123,0.0,0.7095777281401848,1.3875488934284692,0.4188201196790868,0.2872001158873011,97144.662769284,0.0877051463240023,0.6523592408421346,0.0815985882175802,1.0,0.2908059108443656,1.0,1.3875488934284692,4.540460197388359e-05
0,0,1,0,1,2.636500125540981,0.0832405030296404,7.361824972110823,0.0137260097015019,5.621899562637997,12.430379961939645,0.757647372549502,111.6465974923177,9359420611.629192,0.0,0.7094327680381259,1.387842831858379,0.419088529040442,0.2867936598337773,90080.01419800872,0.0878175975866407,0.6511792107952719,0.081691521878783,1.0,0.3032075302159127,1.0,1.387842831858379,4.540460197388359e-05
0,0,1,0,1,2.637287976646904,0.0836735382272586,7.632346187963533,0.0136964957492129,5.620355930934025,12.43974712377318,0.7565122529046601,111.63137830287144,16794502980.163092,0.0,0.7122108484656993,1.3991681112328016,0.4208113988894383,0.2887785253626171,113108.7685076616,0.0885411167176429,0.6587848554475213,0.0823116218144492,1.0,0.2995390948936406,1.0,1.3991681112328016,4.540460197388359e-05
0,1,1,0,2,1.7822525561065583,0.085769425868498,7.1194949560254726,0.0856594587456426,6.494144014208231,19.214300176375534,0.5151756406800296,127.46346325488268,18249704967.705276,0.0008333590827728,0.5132123832947347,1.331047999073898,0.5656189586811442,0.5071520025720558,16844971.27894925,0.1599624032097709,0.5643779298475766,0.1490243731262373,1.0,0.4323228291016607,1.0,1.331047999073898,4.540460197388359e-05
1,0,1,0,1,1.3048486066778548,0.0490108972956887,5.3857018060428,0.0090888604266802,4.3168451775405945,1.0434896777809612,0.5947907016384487,97.96228911096594,10758402308.083015,0.0,0.5105587986566855,1.3334700972691456,0.5788682909539375,0.4902385274141346,20371750.222844943,0.1675442491359662,0.401215285848187,0.1536955369146892,1.0,0.4297489768585577,0.9984397396753932,1.3334700972691456,4.540460197388359e-05
0,0,1,0,1,2.3633539459913973,0.0652120395716388,7.306061727599612,0.0112272031384265,8.35145175751819,9.305450412758663,0.7169950393264789,79.92638684713461,12623307951.531471,0.0,0.6864578132584085,1.333717111363283,0.415773493499494,0.2854278900200205,157046.0640963627,0.0864337989483869,0.6382257108893533,0.0805120795563018,1.0,0.3066113996815733,1.0,1.333717111363283,4.540460197388359e-05
4,2,0,0,1,0.8666232840096043,0.0344061023197646,4.440205827256862,0.0784874712843737,9.5956380912965,17.118635370976797,0.518809190086133,115.96184828744012,12039762226.649952,0.0005838987651161,0.5465454477912753,1.352943588554428,0.5470485135736896,0.4660793851447779,12737959.94605403,0.1496310381015916,0.4668641022298732,0.1386216848724314,1.0,0.3972015596692094,1.0,1.352943588554428,4.540460197388359e-05
2,2,0,0,1,2.6271175808920297,0.0523677963795604,7.978183382007822,0.0021638370127577,7.660666643757717,1.6013466613376313,0.083591988302361,105.00750188564432,13800838707.700006,0.0,0.4906654704273213,1.373114757003402,0.6218866540034967,0.5009228652926657,22661296.551369432,0.1933715052138324,0.367345362481835,0.1738017589783847,1.0,0.3199637906539677,3.7754741655528674,1.373114757003402,4.540460197388359e-05
0,2,0,0,1,3.1942171737129725,0.06108888354124,1.0399818904238074,0.0687930969434454,1.4792643757098825,12.781965060080314,0.1606961909244101,89.80878744067856,10702310031.268402,0.0009025441013256,0.6897607200219917,1.3850791686090715,0.4289355575412376,0.2990546232991077,337637.4073022589,0.0919928562616061,0.6953217991253436,0.0852472264296416,1.0,0.4530626255345278,1.0,1.3850791686090715,4.540460197388359e-05
0,0,1,0,1,2.6039469804120534,0.0833377889991152,7.503718105596448,0.0138555385376476,5.579512250736864,3.915684916914572,0.836508232721023,112.04270236403202,9348514409.239296,0.0,0.6768238632247874,1.3138269646269296,0.4151534829966915,0.284977184659805,200631.11426044247,0.0861762072221421,0.6357926574794092,0.0802649934916452,1.0,0.3057269285374384,1.0,1.3138269646269296,4.540460197388359e-05
0,1,1,0,1,1.656147390380093,0.0556707137253449,4.417629733750811,0.0532122035767988,0.2144773843116187,1.370054870008267,0.3171023430646909,91.40693176243654,16245255855.693836,0.0011467091149245,0.6649371603309934,1.3236289186639658,0.4253532686620888,0.2981209654739545,453967.3181164223,0.0904627015807615,0.6654746683509613,0.0839672412454367,1.0,0.4793631450503662,1.0,1.3236289186639658,4.540460197388359e-05
0,1,1,0,1,1.656147390380093,0.0556707137253449,4.417629733750811,0.0532122035767988,0.2144773843116187,1.370054870008267,0.3171023430646909,91.40693176243654,16245255855.693836,0.0011467091149245,0.6649371603309934,1.3236289186639658,0.4253532686620888,0.2981209654739545,453967.3181164223,0.0904627015807615,0.6654746683509613,0.0839672412454367,1.0,0.4793631450503662,1.0,1.3236289186639658,4.540460197388359e-05
3,0,1,0,1,0.334956168236244,0.0235444244037051,2.091620488154184,0.0090356213320007,3.0272183013785856,11.984705472407253,0.1622057392388629,64.77542854725102,9300396242.091782,0.0,0.5258881397798987,1.3294656253111368,0.5614881849866399,0.4368687675493047,21371772.104976863,0.1576344909397955,0.3918110565871361,0.1426078822121765,1.0,0.3575574981683406,1.0,1.3294656253111368,4.540460197388359e-05
0,1,1,0,2,1.5730447828002454,0.0129101334351825,8.746974396121466,0.093177296857336,8.117847063715168,17.852897757017345,0.5243082917392915,124.10805786361774,17817121081.140038,0.001298619770388,0.6460589666653132,1.2825710558593428,0.4247427056154038,0.2988966448465012,443283.4197232815,0.0902031829867467,0.6387531725696983,0.0838307725258151,1.0,0.5552310423633857,1.0,1.2825710558593428,4.540460197388359e-05
0,1,1,0,2,2.802958756907773,0.0259242038112632,6.639294205094097,0.0172095449876643,1.57793030837845,16.299626008638096,0.7971729216442136,107.7205348679256,12358005017.547834,0.0,0.6876816569866283,1.293112826035467,0.4031239223616009,0.2801671443396505,45286.67713407326,0.081254448390101,0.5863039149846532,0.0760483682084826,1.0,0.3106653654558094,1.0,1.293112826035467,4.540460197388359e-05
3,2,0,0,1,4.755013803372324,0.0884802812377193,3.5803948045883063,0.0743681401642494,2.599856218129711,13.97335352287721,0.6396379011204527,84.2330768464471,14640995711.332588,0.000992828695967,0.5071748881819761,1.2994788812867384,0.5678422780314456,0.4602644683273398,13869424.061217071,0.1612224263599707,0.3793101918897549,0.1466632413990249,1.0,0.443606938236896,1.0,1.2994788812867384,4.540460197388359e-05
0,1,1,0,2,0.377818280560626,0.0375173348678901,8.518891633648085,0.0220133528682493,7.93069271797387,6.495701525620786,0.2460310526921185,84.78253167721704,13590297011.232536,0.0006707375356197,0.4421410150973018,1.2999288116559702,0.6491632873129649,0.5436197639218241,23379973.75511063,0.2107064867974875,0.300220617984186,0.1885521366995243,1.0,0.5332594678354937,1.0,1.2999288116559702,4.540460197388359e-05
0,1,1,0,2,0.377818280560626,0.0375173348678901,8.518891633648085,0.0220133528682493,7.93069271797387,6.495701525620786,0.2460310526921185,84.78253167721704,13590297011.232536,0.0006707375356197,0.4421410150973018,1.2999288116559702,0.6491632873129649,0.5436197639218241,23379973.75511063,0.2107064867974875,0.300220617984186,0.1885521366995243,1.0,0.5332594678354937,1.0,1.2999288116559702,4.540460197388359e-05
0,2,0,0,2,2.889618520386912,0.0221700598931909,8.93639297308043,0.0112404999406587,3.267976502431048,14.28915043475318,0.1611938297543732,109.65341589440796,17821954042.1903,0.0,0.6788486289020009,1.305419800762544,0.4117893858462056,0.2874428189707637,117475.22725145446,0.0847852491477976,0.6163927257870019,0.0792296845283549,1.0,0.2945307124430322,1.0,1.305419800762544,4.540460197388359e-05
0,2,0,0,1,3.608328744954682,0.0618785842556846,5.251749685123754,0.0849628148857313,2.5531045560425283,8.080544589605747,0.3392229799779535,71.87546675743373,10835001879.963411,0.0005525507630941,0.6605708957694252,1.311916143622999,0.423548180094757,0.2891159382300097,525273.9460481129,0.0896965304307903,0.6739621960812296,0.083005760734718,1.0,0.4276398271326341,0.9279635678983996,1.311916143622999,4.540460197388359e-05
3,2,1,0,2,3.380892619405249,0.0194513418798838,4.045839132974021,0.0231781334743845,5.238182291966103,18.11955536133898,0.4870428481909329,69.30090733199302,18338958491.51673,0.0012229436779442,0.1407042508941525,0.1927683289600435,0.2105388235162633,0.1481007262832021,2040843.2026612177,0.0221632981038061,0.1133390304264364,0.0215654579841052,1.0,0.4138114290028269,23.872234012829846,0.1927683289600435,4.540460197388359e-05
1,0,1,0,1,2.7728495545335554,0.061530074289803,7.342372143701472,0.0691618931756097,7.309956989397343,7.041103922043591,0.7418450958654617,120.65869175887102,18332393470.727997,0.0007917262327048,0.170835334557224,0.1934221176580094,0.193480604655224,0.1700731666856921,3864990.8677563295,0.0187173721888755,0.0921204931283854,0.0184802254533055,1.0,0.5550479554976858,22.91563397138129,0.1934221176580094,4.540460197388359e-05
5,1,0,0,0,3.0808558445149634,0.0791478882417495,1.4203392629781375,0.0689476498595922,2.371246183821772,1.1302516464694503,0.0516016105015658,128.00420147976433,15021964426.432531,0.000847084277844,0.1610410605174311,0.1911904680797757,0.1981793921194472,0.1578298712819479,2923886.029758829,0.0196375357304168,0.1123482650847401,0.0192782136276241,1.0,0.2913207721456892,38.10700803134973,0.1911904680797757,4.540460197388359e-05
3,0,0,0,1,3.2170604354649823,0.0782970450589054,3.506164846979751,0.089349078506803,1.7475424073547825,3.450571518044889,0.3874604237427614,102.36079222387971,13397948544.89621,0.0014550992449856,0.1824224292915547,0.1853885319153686,0.1779565588959843,0.1330278126496514,3655323.3529584194,0.0158342684270499,0.0585959798067846,0.0155330658480955,1.0,0.5512113367360706,10.70510720434592,0.1853885319153686,4.540460197388359e-05
3,0,0,0,1,0.2381934224306009,0.0057992893107078,9.149306187370472,0.010647508922493,8.369623055799746,1.0246836836296247,0.3952391289347542,77.86383111693719,10246524055.247332,0.0,0.1688331046798322,0.1862112435809876,0.186920318579384,0.1463177977225317,847126.6353697989,0.0174696027489092,0.0993761537440206,0.0172168446037876,1.0,0.877674793688742,638.9843751674815,0.1862112435809876,4.540460197388359e-05
3,2,1,0,1,3.3794367410619213,0.0194782677653474,4.060349587569521,0.0228932606884188,5.252739745567553,18.082616058036837,0.4863662813574431,69.20211553256519,18341198164.633865,0.0012254442344418,0.1533972015390158,0.187933394444407,0.2018849316368955,0.1473309653382623,1532991.716144926,0.0203787628110169,0.1024570316430788,0.0199218033561291,1.0,0.4570253505007271,14.27486897800229,0.187933394444407,4.540460197388359e-05
3,2,0,0,1,1.5941839522164627,0.0508637285531825,7.133337375226357,0.084198869990246,1.371379052516625,3.2177314655533737,0.1771617405747834,61.614084785188645,11391677019.766502,0.0010297668767722,0.1773574295066612,0.183072070400212,0.1783649987503565,0.1528933143224734,4714792.52605622,0.0159070363896073,0.0748220010436518,0.0157483318635218,1.0,0.4460539730251635,70.71644830176751,0.183072070400212,4.540460197388359e-05
4,0,0,0,1,2.932744514987291,0.0109331881583453,8.872678550941353,0.0082011496704249,8.718775072248665,14.12550988707451,0.1621821374125801,78.54077537668135,10524743172.63247,0.0,0.1096050797146213,0.1831674322941029,0.2012610909523726,0.1327688872977867,2309057.313483226,0.0202530133656696,0.1120520066114333,0.0196728880973766,1.0,0.8757056745119091,29.51882952160825,0.1831674322941029,4.540460197388359e-05
4,0,0,0,1,2.8995828637885888,0.0111330811123135,8.728986384230854,0.0093067451962703,8.729204166321011,14.229364654903,0.1732795190170457,76.86373243498062,10498359892.83056,0.0,0.1047176212881404,0.1832779390835283,0.2016925079739285,0.1337669309603983,1412136.4670900507,0.0203399338864066,0.1117285909392349,0.0197823835536353,1.0,0.8868528187780274,42.48281334372411,0.1832779390835283,4.540460197388359e-05
3,2,0,0,1,4.296897850874663,0.0593650093072975,6.658263121940929,0.0609232321535035,2.197468434717765,5.296328586757497,0.585071516143025,60.41357531956021,12183783215.38576,0.0010349803890155,0.1655976322695893,0.1844773102087305,0.1876538681676063,0.1382576543146098,2580354.22396087,0.0176069871191326,0.0995515113253671,0.0171417011465309,1.0,0.4826196462748161,48.2504883374525,0.1844773102087305,4.540460197388359e-05
3,0,1,0,1,0.2526519579962458,0.0057408943117349,9.167258944100654,0.010596191392122,8.368424716882007,1.0189582000463275,0.3980338929682949,77.85069157337267,10240175896.830292,0.0,0.1670288435514447,0.1820766809274781,0.1840664678346491,0.1451270969911886,861885.5931907152,0.0169402322905619,0.0962083421481306,0.01670499453188,1.0,0.8813007886657921,916.0632452534898,0.1820766809274781,4.540460197388359e-05
3,0,0,0,1,0.7125924452429165,0.0765011876436452,3.911042540668554,0.045114969558079,6.186153488158952,4.178475998298378,0.3922850579519924,81.0294246802859,16260480098.622375,0.0009115687285134,0.1426396629022344,0.1813048599634822,0.1978753979325535,0.1681626533575106,4004612.537220592,0.0195773365534831,0.0999984349605184,0.0192934820336727,1.0,0.5697969872045038,35.663161325403465,0.1813048599634822,4.540460197388359e-05
4,0,0,0,1,0.1943601724760604,0.0065057377106402,9.095389650164885,0.009464782274462,8.33883149867088,1.126586633174432,0.4134741634378248,79.65846558776511,10150650927.496338,0.0,0.0975408613730311,0.1765096660670219,0.1948589675106111,0.1365636408419499,886735.1937873464,0.0189850086096507,0.1010650036773667,0.0185932624069289,1.0,0.9998231894057592,422.22901487530345,0.1765096660670219,4.540460197388359e-05
5,2,0,0,2,0.1870476403233698,0.0157090128817735,1.7738197264308944,0.0262141945550584,3.898145043258973,10.38993567090185,0.8000182848867841,83.28515828434539,19205533173.10593,0.0008856287502515,0.1864232612716926,0.1767705816123151,0.1654788853360289,0.1171716366108505,414553.22414147056,0.0136916307460273,0.0725720173919887,0.0135208402502817,1.0,1.0709966569822842,45.55249460956977,0.1767705816123151,4.540460197388359e-05
2,1,0,0,2,4.553930598893031,0.0675765680239498,5.058619455850772,0.0420519157316541,0.6975974157101797,16.815896981977204,0.411786906101145,122.21871407764814,10784711227.740135,0.0013610623784728,0.1745647954341065,0.1755792825978736,0.1720558205032504,0.142719636049076,3863704.587358695,0.0148016026845233,0.0830953468615005,0.0146321008615543,1.0,0.4924426372545732,14.038404233201955,0.1755792825978736,4.540460197388359e-05
0,1,1,0,2,1.3720991036265724,0.0308095966123846,6.59493810172622,0.022359211482318,6.6688974153919744,15.025807113528714,0.533091944870616,124.27025858549364,11639180411.541857,0.0006020125321748,0.7568171088718993,1.4937389979650029,0.4230876843981768,0.2869603193524239,52434.67980184137,0.0895015943447056,0.6779808760408453,0.0828894180020023,1.0,0.4052011331654218,1.0,1.4937389979650029,4.540460197388359e-05
0,1,1,0,2,1.372061890686094,0.0307622983931975,6.604697237287168,0.0224313548416488,6.671314749059924,15.030483765484368,0.5334997254971807,124.25662096552873,11644528400.831842,0.0006023935959387,0.7568943596988534,1.493946964581607,0.4231037777576826,0.2869684339097691,52386.30512159188,0.0895084033764112,0.6780508825222124,0.0828952874245902,1.0,0.405199354800029,1.0,1.493946964581607,4.540460197388359e-05
0,1,1,0,2,1.031117936625278,0.0520907857169102,4.932427895472751,0.0437033875695057,4.372772579573733,3.3840643801049786,0.1117489340147854,83.1318228321746,12602485124.306215,0.0007255400048034,0.743789282262776,1.4946682856517373,0.4307063014180892,0.2930717791035519,165626.4330941343,0.0927539590406249,0.698330831536204,0.0857544946381524,1.0,0.4284118854052914,1.0,1.4946682856517373,4.540460197388359e-05
0,1,1,0,2,1.3445677389043051,0.0306349542141057,6.56026020770567,0.0221297486968601,6.666038652407442,14.730182722528488,0.5410275728776694,124.47180253387472,11519544086.17732,0.0006020463479291,0.7575071728102745,1.4959770599989126,0.4233363301102827,0.2870695301534771,53273.93018525506,0.0896068241956211,0.6789937355196604,0.0829800643803166,1.0,0.405185666363704,1.0,1.4959770599989126,4.540460197388359e-05
0,1,1,0,2,3.3737728230086867,0.0921040212332107,5.929208854458204,0.0233220540411735,8.44391453934938,15.498964761203524,0.6230950104750321,107.81210726482792,17098076447.320454,0.0009726131197482,0.7531716891336128,1.4981795022817987,0.4267399486620172,0.289921363688819,36777.87650736581,0.0910534918920305,0.6812543912954396,0.0843908955563328,1.0,0.4535043747020731,1.0,1.4981795022817987,4.540460197388359e-05
5,1,1,0,1,2.240687219709544,0.0756724301598843,6.332721505934102,0.0950989409042436,3.5572915470085182,9.759358444821968,0.043819895868609,64.05368005147393,16985995495.300142,0.0008489256772191,0.518570637030484,1.4753278507315728,0.6347197431362095,0.520335713605995,22825646.83914653,0.2014345761634478,0.4150572715360506,0.1810260368643716,1.0,0.4788753697540652,1.0,1.4753278507315728,4.540460197388359e-05
5,1,1,0,1,0.3561326501620172,0.0730618889088691,8.880654377747637,0.0648049672702508,5.310603657600547,10.268175855545255,0.3405862897971882,85.33727981303879,16466983764.979128,0.0007561559893933,0.543491342788523,1.485476291322453,0.6087876939911752,0.5079534070790857,18449612.675511558,0.1853112281775464,0.4641242394150873,0.1684720118726125,1.0,0.4081715608552232,1.0,1.485476291322453,4.540460197388359e-05
0,2,1,0,2,0.9542787705181236,0.0837784659979311,7.523180842975544,0.0230757394268611,8.815027052887476,12.57208533051469,0.5265731041010481,81.03262965838893,15224729506.486336,0.0005646740735399,0.752358012918984,1.4880170962624202,0.4239606100824519,0.2879014093144074,74884.79600286791,0.0898712994507424,0.6792671337683172,0.0832298663800104,1.0,0.4019807972466123,1.0,1.4880170962624202,4.540460197388359e-05
0,1,1,0,2,1.4156480030798106,0.0307989430160018,6.576430792442785,0.0225239812119086,6.752886846381228,15.09809777857405,0.5229224870345326,124.25721459305508,11675323090.39824,0.000604904408605,0.7553595267290453,1.489316233883644,0.4226504885593544,0.286823529436418,51717.051717148766,0.0893167177397304,0.6760563329442233,0.0827310927612831,1.0,0.4058857043477311,1.0,1.489316233883644,4.540460197388359e-05
1,1,1,0,2,3.2249947096755305,0.0170668378800768,1.988229129107785,0.0650290345208299,6.446643723347307,15.97314293518417,0.8088580578009444,96.74739954860296,11436369961.790129,0.0009960764754658,0.5363842577183333,1.490142474311852,0.6187153088905479,0.5206266063887967,14717225.952571357,0.1914043167277631,0.461934078798091,0.1736224849133839,1.0,0.3818092904091867,1.0,1.490142474311852,4.540460197388359e-05
0,0,0,0,2,0.31824291813669,0.0479954246661884,9.433898944418418,0.0719267790899385,8.288364321962932,3.778049538959885,0.2509455993821325,121.4939266656234,11290750541.657076,0.0006574141419576,0.7209250953255857,1.4419951525555597,0.4288051337389763,0.2926726522399773,202714.5912218554,0.0919369213604506,0.6801956932242671,0.0851286060954992,1.0,0.4607854100188783,1.0,1.4419951525555597,4.540460197388359e-05
0,0,1,0,1,3.4421638991442696,0.0613644160447499,8.487476918887053,0.0444052534884382,8.055043320209622,7.697026923390719,0.7984419917385195,94.28673836898068,11448996625.444632,0.0013185830912582,0.7250066305666045,1.4571081029934083,0.4302604687273882,0.3031668265691689,95465.9082959592,0.0925620354747559,0.6988905912671192,0.0859765113409837,1.0,0.5508014588716529,1.0,1.4571081029934083,4.540460197388359e-05
0,0,1,0,1,1.7201601951443852,0.0234165260343452,3.225468905441486,0.0348929892777804,6.720967469281956,5.942323912769127,0.491054608086663,71.95610419676328,10071137136.74668,0.0013567976828711,0.706626171479836,1.4639568951191952,0.4420956269700041,0.3130727327759293,507032.2335241238,0.0977242716930005,0.7545924338051446,0.09006781408729,1.0,0.5606910932967509,1.0,1.4639568951191952,4.540460197388359e-05
0,1,1,0,2,1.257127704254702,0.0678730578463382,8.657262395368805,0.0380736810273685,6.68374681353672,14.741086342811514,0.7486699217174446,101.5162340690157,15644364864.950409,0.0008145185292249,0.72015858226586,1.412806993049006,0.4204741706174081,0.2871387650422024,107392.50199688003,0.0883992640781986,0.6563923439287572,0.0820804646283883,1.0,0.4284297274976827,1.0,1.412806993049006,4.540460197388359e-05
0,1,0,0,0,2.686763980879902,0.0829888041718521,7.875641752343919,0.093071496860529,9.863421527271456,5.44510473076572,0.2585304246618933,61.99242873067863,12842627385.113262,0.001024352421905,0.70373058939479,1.4144513364151012,0.430454260031497,0.2970336225745427,346518.22929095826,0.0926454349896318,0.6851892459977069,0.0857381709326459,1.0,0.4430193501152974,1.0,1.4144513364151012,4.540460197388359e-05
0,0,0,0,1,2.9340886498099605,0.0217490467621842,9.981588958189333,0.0977704493748655,1.0374076805661572,11.54092355665776,0.5977977680272477,121.2263583444761,13184407818.118237,0.0005150913292919,0.7047115336159653,1.427247062004022,0.4334305407687033,0.2983663628640118,301527.9948782867,0.0939310168355253,0.7011046528368847,0.086837112932135,1.0,0.5652847482576412,1.0,1.427247062004022,4.540460197388359e-05
0,2,0,0,1,4.527366339640512,0.0618785842556846,5.251749685123754,0.0863918132604811,2.5531045560425283,8.080544589605747,0.3392229799779535,71.87546675743373,10835001879.963411,0.0014498858897312,0.6874854513245403,1.4345676578964814,0.4444589261001624,0.3142752002954753,648768.2260273158,0.0987718684950548,0.7664752940556612,0.0909133835942435,1.0,0.5414768063365699,1.0,1.4345676578964814,4.540460197388359e-05
0,2,1,0,1,3.111440675508649,0.0479729472681974,4.719692242376647,0.0902301662673521,3.067093803068757,1.2970882768320746,0.0748409907692572,68.01616592558135,14665879325.509136,0.0014009700774405,0.6982854089102053,1.4360841225218886,0.4386326980246883,0.3084619296227642,500820.435534935,0.0961993218882086,0.7435631815606216,0.0887170584346547,1.0,0.5237253392450048,1.0,1.4360841225218886,4.540460197388359e-05
4,0,1,0,2,1.674891751895653,0.0098828778628408,0.9161395296709648,0.0103314475594707,2.7557769295468635,18.23496450869513,0.1244079196473281,109.2820006699694,11040571683.789295,0.0,0.1255201176553108,0.1721710908545065,0.1884411455359064,0.1304495931194163,2094707.070939596,0.0177550326654423,0.096647192658968,0.0174018216330813,1.0,0.7306844455237301,121.86639889073936,0.1721710908545065,4.540460197388359e-05
3,0,0,0,1,0.2635230914262755,0.0062343313541853,8.70797432807328,0.0093361553417273,8.382854474785113,1.0975056668831211,0.3806198595285747,77.13267406709973,10319041794.036983,0.0,0.1576420365972537,0.1731599484663013,0.1819217221870833,0.1368737276858797,696696.1634753137,0.0165477565017571,0.0936163931439809,0.0162934941088633,1.0,0.8536898100848268,152.13680467020967,0.1731599484663013,4.540460197388359e-05
0,1,1,0,1,2.657730489742515,0.0857150906998723,7.980983184872156,0.066004538763006,7.663580976865663,18.01953525644187,0.4518360071428957,103.92206347160636,12542632873.9274,0.0005623644799653,0.1250841779921347,0.1698138676553945,0.1857474355074899,0.1412587716618834,2344152.3140642517,0.0172510548988045,0.0962357165896227,0.0169256886754559,1.0,0.4727847688824433,8.606048228686642,0.1698138676553945,4.540460197388359e-05
4,0,1,0,2,1.6266429354636471,0.0102173473833404,1.094089654826509,0.0129987608830933,3.200744621482869,18.7178004319297,0.1188383530878553,107.99797926730923,10609429395.850048,0.0,0.1455031167446404,0.1638912672736589,0.1781541828804219,0.1242509513225115,4029968.501402611,0.0158694564388954,0.0878316633224687,0.0156108886969423,1.0,0.7908894224280185,17.938522168066672,0.1638912672736589,4.540460197388359e-05
4,0,1,0,2,1.6266429354636471,0.0102173473833404,1.094089654826509,0.0129987608830933,3.200744621482869,18.7178004319297,0.1188383530878553,107.99797926730923,10609429395.850048,0.0,0.1455031167446404,0.1638912672736589,0.1781541828804219,0.1242509513225115,4029968.501402611,0.0158694564388954,0.0878316633224687,0.0156108886969423,1.0,0.7908894224280185,17.938522168066672,0.1638912672736589,4.540460197388359e-05
3,2,0,0,1,4.261461652907268,0.0240438910262263,8.238378843899001,0.0282069556965979,1.5429945249341266,15.644231192326762,0.3616428372694776,78.15460280439173,9940988819.628542,0.001116577938374,0.1948283290074016,0.1648007688584411,0.1487028717785867,0.1299183351879253,3941318.6869212985,0.0110562720375994,0.0610263775259399,0.0109793630633821,1.0,0.494833188413624,34.798473583495024,0.1648007688584411,4.540460197388359e-05
2,1,0,0,2,4.593146862417024,0.0463233854843462,4.2392027518817965,0.0987553040266823,0.5275886511015774,2.3824016902513154,0.3946456665014208,129.08955495710995,15537432099.436155,0.0010943925919991,0.1379633011633556,0.1660127171324169,0.1809062979816511,0.1429730990364922,2719089.89015688,0.0163635443247129,0.0905204314721999,0.0160766783001925,1.0,0.4667351043741181,23.090497523171614,0.1660127171324169,4.540460197388359e-05
1,0,1,0,1,1.676387832215101,0.0526049583958323,8.97699102294828,0.001474984010105,3.570596688903697,6.784211997861224,0.8179418312396713,111.5680409598972,19819431854.89113,0.0,0.6107308929490659,1.94854579979085,0.7212777710271505,0.6293327191699134,24529436.42944765,0.2601208114889473,0.575468283369893,0.2313207046830675,1.0,0.4407618497940788,1.0,1.94854579979085,4.540460197388359e-05
3,2,0,0,1,4.3457771254516135,0.0424082380866555,6.916157760214361,0.0010713822418162,3.828254531707266,8.974756370299614,0.0412881521010347,63.80112050591285,12843707331.321531,0.0,0.6426778829009587,1.9604694983768796,0.6910683501952275,0.5795146494588976,24529428.771510515,0.2387877323207768,0.5690251954216792,0.2117866219545636,1.0,0.4742586083511116,4.753965845679818,1.9604694983768796,4.540460197388359e-05
4,1,0,0,0,4.128425902654941,0.0294977758616366,5.727335111494815,0.0012302481221991,0.9138381733450508,4.556990915387375,0.6712518243367652,103.14817802523346,18177031634.38716,0.0,0.646752569227516,1.9844542913490384,0.6934936653654197,0.5927012518740199,24529428.23844297,0.2404667319509823,0.6106161329512573,0.2135862047590793,1.0,0.3322142848120299,1.0,1.9844542913490384,4.540460197388359e-05
5,0,0,0,2,3.55627751867782,0.0768120914935295,6.765731686366841,0.0012249664161104,1.064771703313259,2.6950535980205776,0.402549103678553,121.06288419341732,9902751941.89041,0.0,0.6899419050842125,2.0191985353198105,0.6604806561422217,0.5355386216654261,24529407.26301116,0.2181173485690299,0.6444470210150689,0.1929933365867723,1.0,0.3744014215939757,26.539829524573136,2.0191985353198105,4.540460197388359e-05
2,0,1,0,2,0.2872191037070702,0.0178809360160766,9.1763952149959,0.0647685213465635,5.21411569032959,15.384794949937996,0.7588372095117029,112.8423271098346,14939498295.287058,0.0012730496674805,0.7193179646126798,2.0640410262523656,0.6452340804740656,0.5644479071539957,14723435.16845571,0.2081635093026064,0.699631977912137,0.1887162565723027,1.0,0.5642850242352886,1.0,2.0640410262523656,4.540460197388359e-05
3,2,0,0,1,0.777844827815278,0.0051831982568242,1.3164210198223842,0.0530379336534443,3.5459338890712555,16.28610243392997,0.3152073769162359,88.33137927720882,18368727997.57041,0.0009887859481467,0.7451497150104389,2.0768596037843627,0.6253462116679964,0.508274064618949,23767064.85581197,0.1955289422237573,0.7153688575489421,0.1743526101126974,1.0,0.4456686126277109,68.59784745798788,2.0768596037843627,4.540460197388359e-05
3,2,0,0,1,0.777844827815278,0.0051831982568242,1.3164210198223842,0.0530379336534443,3.5459338890712555,15.637108296816123,0.044150496107115,88.33137927720882,18368727997.57041,0.0009887859481467,0.7458108178198963,2.084035823282105,0.6273958092391652,0.5088236024235787,23447172.061486293,0.1968127507254334,0.7113992037779813,0.1754490695090284,1.0,0.4446359955492811,1.0,2.084035823282105,4.540460197388359e-05
2,0,1,0,2,3.874706931034357,0.0162897470019033,9.091058907013943,0.065290647730854,5.2514985252027575,17.97741915623865,0.7867827740729785,112.99418014158825,14868430013.363222,0.0012685444296908,0.806526521078284,2.3391585513299127,0.651932499599793,0.5512930856864865,16327968.85748714,0.212507992017217,0.7998786725960398,0.1903044738828719,1.0,0.5808744973018832,1709.6153461649646,2.3391585513299127,4.540460197388359e-05
4,0,1,0,2,1.6266429354636471,0.0102173473833404,8.301413481484994,0.0129987608830933,1.868697030427452,18.7178004319297,0.1188383530878553,108.1099350782086,10609429395.850048,0.0,0.0679729833090628,0.0977278582360779,0.1094431834230921,0.0682615675682133,5511494.351321872,0.0059889051988903,0.0200611580210386,0.0059240906435315,1.0,0.8063452657196528,46.815265761876994,0.0977278582360779,4.540460197388359e-05
