folder,primary_csv,fitness,comp_idx,delta_sfe,imf_idx,imf_upper,infall_1,infall_2,mgal,nb,sfe,sigma_2,sn1a_idx,sn1ar_idx,sy_idx,t_1,t_2
bc_batch_local_0_100_MDF,simulation_results.csv,0.0277544354232946,0.0,-0.0059626668260435,0.0,65.65690251523034,0.0998412809382608,9.31654363207628,15387345551.136951,0.0010741990744658,0.0123723409393131,2.0805988824490407,0.0,0.0,0.0,0.0249227289419365,9.42582905190499
