param,mean,median,hpd_lo,hpd_hi,hpd_width,gauss_sigma
sigma_2,2.6629807439118354,2.4407156993933894,1.23144670447198,3.380338565977856,2.1488918615058763,1.3680010665989424
t_2,8.858026209362944,9.218228428734903,8.72443627481885,9.999655085896697,1.2752188110778473,1.1570465758006638
infall_2,7.378349508050773,8.121032307289003,6.889386691013617,9.999513539872575,3.1101268488589584,2.2422989318299087
t_1,0.0391362536943996,0.0344919265026025,0.0050031834347446,0.0477467964476418,0.0427436130128972,0.02236012243866007
infall_1,0.07941349357020053,0.0858080886706262,0.0767624000957772,0.0999998294420688,0.023237429346291597,0.01980067326327639
sfe,0.01249480965839973,0.0117433940073309,0.0100001594415224,0.0125363279727604,0.002536168531238,0.002791250249458033
mgal,15322466825.612232,15263379904.13782,13352765494.207005,19231838491.08612,5879072996.879116,2717120670.7257824
delta_sfe,-0.004037060657128059,-0.004797852195369,-0.0059992521051476,-0.0039502781249068,0.0020489739802408,0.0020850853043155914
